5.361431	-3.393557	7.008893	5.085326	-4.120274	6.798501
5.361431	-3.393557	7.008893	4.743166	-2.995499	7.190705
5.361431	-3.393557	7.008893	6.064119	-2.974000	7.094488
5.085326	-4.120274	6.798501	4.675301	-4.208702	6.166495
5.085326	-4.120274	6.798501	5.221965	-4.751299	7.232686
0.717210	-3.188028	5.417047	1.214477	-2.595182	5.142151
0.717210	-3.188028	5.417047	0.185542	-3.547255	4.921482
0.717210	-3.188028	5.417047	0.661648	-3.465538	6.216074
6.312376	-2.324054	-6.320894	6.987927	-2.685533	-6.126146
6.312376	-2.324054	-6.320894	6.517935	-1.528953	-6.390499
6.312376	-2.324054	-6.320894	5.582061	-2.598674	-6.475945
6.855864	-2.147175	-8.066220	6.140917	-2.401828	-8.383804
6.855864	-2.147175	-8.066220	7.455403	-2.682803	-8.096055
6.855864	-2.147175	-8.066220	6.887465	-1.364690	-7.752968
3.222960	-0.889377	-8.840072	3.387448	-1.619965	-8.726669
3.222960	-0.889377	-8.840072	3.188047	-0.637552	-9.638146
3.222960	-0.889377	-8.840072	3.041444	-0.325230	-8.331466
0.262603	-7.771835	7.608043	0.421983	-8.558375	7.659399
0.262603	-7.771835	7.608043	0.123752	-7.402471	8.293815
0.262603	-7.771835	7.608043	0.264771	-7.402757	6.896413
4.390191	-6.474493	6.015505	4.211015	-7.184578	6.090102
4.390191	-6.474493	6.015505	5.007236	-6.343836	6.473959
4.390191	-6.474493	6.015505	4.081403	-5.950879	5.536135
0.302409	-5.486590	6.952199	0.335464	-6.049462	6.471621
0.302409	-5.486590	6.952199	1.050609	-5.325157	6.845290
0.302409	-5.486590	6.952199	-0.318811	-5.236943	7.361378
4.066137	-8.279513	8.894460	4.565104	-7.688845	9.176787
4.066137	-8.279513	8.894460	3.588363	-8.280709	8.309559
4.066137	-8.279513	8.894460	4.109292	-8.949234	9.301369
2.862461	-7.964846	8.189233	2.692897	-7.311504	8.199491
2.862461	-7.964846	8.189233	2.296970	-8.464473	8.034256
2.862461	-7.964846	8.189233	3.588363	-8.280709	8.309559
4.866809	8.453485	8.487138	4.367916	7.784530	8.365591
4.866809	8.453485	8.487138	4.824551	8.864905	9.227481
4.866809	8.453485	8.487138	5.353766	8.726623	7.917323
5.464866	-7.502034	6.096999	4.805401	-7.592346	5.670142
5.464866	-7.502034	6.096999	5.659404	-6.688786	6.129501
5.464866	-7.502034	6.096999	5.750241	-8.208029	6.426730
6.735094	-8.813522	-8.765240	5.972526	-8.613528	-8.600503
6.735094	-8.813522	-8.765240	7.352974	-8.827871	-8.237263
6.735094	-8.813522	-8.765240	6.996011	-9.017503	-9.476412
5.451176	8.621411	-5.104270	5.539316	8.147501	-4.423268
5.451176	8.621411	-5.104270	6.007023	8.817426	-5.688179
5.451176	8.621411	-5.104270	4.778865	8.980768	-5.361103
5.228331	6.069211	-5.860763	5.086153	6.852299	-5.849417
5.228331	6.069211	-5.860763	5.995641	5.973411	-5.884214
5.228331	6.069211	-5.860763	4.628495	5.634551	-5.839910
7.589345	4.213183	-4.293767	8.185175	4.619502	-4.714372
7.589345	4.213183	-4.293767	6.868220	4.257156	-4.708934
7.589345	4.213183	-4.293767	7.692009	3.816729	-3.603708
5.205229	3.384569	-7.912670	5.844507	3.574748	-8.263689
5.205229	3.384569	-7.912670	5.424469	3.230464	-7.171762
5.205229	3.384569	-7.912670	4.516648	3.380405	-8.233789
3.685389	6.030970	7.615385	2.888379	6.229300	7.584704
3.685389	6.030970	7.615385	3.932624	5.248127	7.669173
3.685389	6.030970	7.615385	4.336509	6.622350	7.588430
2.843978	4.317382	-5.871099	2.596369	5.077770	-5.673718
2.843978	4.317382	-5.871099	2.622778	3.687547	-5.499689
2.843978	4.317382	-5.871099	3.361125	4.307797	-6.559763
3.357942	2.804479	-8.524275	3.863479	3.044421	-7.922739
3.357942	2.804479	-8.524275	2.608825	3.112650	-8.597143
3.357942	2.804479	-8.524275	3.626706	2.263623	-9.093275
2.541778	-3.014349	-7.940423	2.359269	-3.743925	-8.009907
2.541778	-3.014349	-7.940423	3.044185	-2.835961	-7.355633
2.541778	-3.014349	-7.940423	2.289314	-2.404470	-8.367998
4.712949	-3.900190	8.833468	4.259360	-3.559686	8.338926
4.712949	-3.900190	8.833468	5.263407	-4.331702	8.472428
4.712949	-3.900190	8.833468	4.824020	-3.951160	9.616594
3.921094	-4.117894	5.986710	3.240426	-4.574881	6.230525
3.921094	-4.117894	5.986710	4.675301	-4.208702	6.166495
3.921094	-4.117894	5.986710	3.846852	-3.491615	5.519410
2.314611	-0.805984	4.131943	2.898874	-0.773304	3.581699
2.314611	-0.805984	4.131943	2.739439	-0.928101	4.821379
2.314611	-0.805984	4.131943	1.508208	-0.779856	4.190968
0.682422	-0.001560	3.513487	0.706486	0.141257	2.746053
0.682422	-0.001560	3.513487	-0.125187	-0.190864	3.643458
0.682422	-0.001560	3.513487	1.199553	-0.036985	4.090578
-1.570565	-0.102476	7.393252	-2.367252	0.110277	7.250513
-1.570565	-0.102476	7.393252	-1.076597	0.289139	6.887212
-1.570565	-0.102476	7.393252	-1.267994	-0.597419	7.900225
-0.335782	-4.162200	-7.627469	-0.997552	-4.569696	-7.625916
-0.335782	-4.162200	-7.627469	-0.439826	-3.420217	-7.413537
-0.335782	-4.162200	-7.627469	0.322205	-4.567664	-7.800022
4.026813	5.401203	-7.122390	4.071600	5.644584	-6.436718
4.026813	5.401203	-7.122390	3.321455	4.916109	-7.111126
4.026813	5.401203	-7.122390	4.547166	5.588686	-7.731502
0.152949	7.116407	-4.900149	0.295389	7.417331	-4.126087
0.152949	7.116407	-4.900149	-0.542347	6.962322	-5.325091
0.152949	7.116407	-4.900149	0.845988	7.003830	-5.192918
4.337762	8.696715	-5.954189	4.778865	8.980768	-5.361103
4.337762	8.696715	-5.954189	3.882087	8.185820	-6.038636
4.337762	8.696715	-5.954189	4.427170	9.109702	-6.657145
2.260739	8.625331	2.226952	2.306084	9.372372	2.396419
2.260739	8.625331	2.226952	2.806228	8.525016	1.631820
2.260739	8.625331	2.226952	1.767571	8.043687	2.523153
0.654475	-8.578456	1.355354	1.147044	-8.076016	1.047683
0.654475	-8.578456	1.355354	0.591004	-9.379612	1.193392
0.654475	-8.578456	1.355354	0.120369	-8.272013	1.880879
1.147044	-8.076016	1.047683	1.665716	-7.885606	1.551393
1.147044	-8.076016	1.047683	1.114818	-7.787106	0.321544
4.553286	5.930430	-1.177238	4.130107	6.112187	-0.536182
4.553286	5.930430	-1.177238	4.180366	5.347299	-1.559967
4.553286	5.930430	-1.177238	5.237237	6.158211	-1.491797
3.645150	5.241620	3.083570	3.884715	4.506134	2.996694
3.645150	5.241620	3.083570	3.159597	5.617206	2.525028
3.645150	5.241620	3.083570	3.980325	5.491899	3.784793
2.865610	5.576943	-0.373269	3.338264	6.223219	-0.580800
2.865610	5.576943	-0.373269	2.858361	4.991727	-0.900741
2.865610	5.576943	-0.373269	2.468574	5.543752	0.290631
-3.157107	-1.374467	7.156333	-2.537484	-1.083721	6.786229
-3.157107	-1.374467	7.156333	-3.127728	-1.880335	7.781917
-3.157107	-1.374467	7.156333	-3.830345	-1.173547	6.737396
-2.314454	0.195105	-7.170552	-2.199172	0.478353	-6.436251
-2.314454	0.195105	-7.170552	-2.623265	0.778699	-7.571298
-2.314454	0.195105	-7.170552	-2.137952	-0.543381	-7.415094
-2.652812	0.702747	7.699520	-2.367252	0.110277	7.250513
-2.652812	0.702747	7.699520	-2.825205	0.826133	8.470876
-2.652812	0.702747	7.699520	-2.693544	1.318298	7.184005
-3.193503	2.498294	-8.587608	-2.787500	2.468852	-9.286166
-3.193503	2.498294	-8.587608	-3.858638	2.039494	-8.426456
-3.193503	2.498294	-8.587608	-2.826275	2.999207	-8.014338
0.151794	3.297745	-7.776045	-0.402251	3.819794	-7.523268
0.151794	3.297745	-7.776045	0.475874	2.736542	-7.301336
0.151794	3.297745	-7.776045	0.270540	3.431765	-8.555660
-3.358015	1.334773	-5.492917	-3.343741	0.563494	-5.534348
-3.358015	1.334773	-5.492917	-3.404066	1.743083	-4.823094
-3.358015	1.334773	-5.492917	-3.295465	1.771559	-6.202405
-2.161192	1.164549	8.881803	-2.074827	2.016703	8.805563
-2.161192	1.164549	8.881803	-2.825205	0.826133	8.470876
-2.161192	1.164549	8.881803	-1.714397	0.596926	9.328550
-3.830737	-0.962238	-8.428588	-4.115982	-1.663716	-8.688811
-3.830737	-0.962238	-8.428588	-4.251789	-0.344387	-8.690793
-3.830737	-0.962238	-8.428588	-3.217631	-1.122976	-7.986463
7.625593	2.978535	3.184764	7.305000	2.368739	2.733027
7.625593	2.978535	3.184764	7.053118	3.441550	3.561467
7.625593	2.978535	3.184764	8.365180	3.249801	3.297180
8.449139	4.274808	2.369657	8.770812	5.025007	2.291229
8.449139	4.274808	2.369657	8.770542	3.587809	2.673719
8.449139	4.274808	2.369657	7.700681	4.117542	2.088286
5.450108	-0.223591	3.121101	6.059881	-0.826324	3.151930
5.450108	-0.223591	3.121101	4.961053	-0.147862	2.485610
5.450108	-0.223591	3.121101	5.389156	0.287032	3.730031
6.010839	-1.575934	3.067572	6.059881	-0.826324	3.151930
6.010839	-1.575934	3.067572	5.777951	-1.892592	2.346969
6.010839	-1.575934	3.067572	6.203470	-2.087159	3.666923
6.059881	-0.826324	3.151930	6.873840	-0.633304	3.284769
-5.269492	8.070529	8.160917	-5.797734	8.688891	8.195533
-5.269492	8.070529	8.160917	-5.451791	7.296522	8.413722
-5.269492	8.070529	8.160917	-4.476521	8.159828	7.869488
-6.744535	9.047862	-8.873896	-7.268508	9.589742	-8.765594
-6.744535	9.047862	-8.873896	-7.145668	8.465552	-8.447431
-6.744535	9.047862	-8.873896	-6.008270	9.016324	-9.220750
-6.172554	6.939208	8.422228	-5.451791	7.296522	8.413722
-6.172554	6.939208	8.422228	-6.412573	6.818088	9.171213
-6.172554	6.939208	8.422228	-6.548282	6.722985	7.807278
-1.864022	-7.979909	6.447915	-2.614844	-8.232249	6.228477
-1.864022	-7.979909	6.447915	-1.423260	-8.608438	6.459053
-1.864022	-7.979909	6.447915	-1.590539	-7.244803	6.600882
-1.949922	-8.641251	8.255400	-1.760599	-9.170294	7.618343
-1.949922	-8.641251	8.255400	-2.555492	-8.122605	8.225308
-1.949922	-8.641251	8.255400	-1.508685	-8.690239	8.935918
-3.026998	8.763140	-7.426097	-3.583158	9.018109	-7.927859
-3.026998	8.763140	-7.426097	-3.209486	8.707745	-6.551575
-3.026998	8.763140	-7.426097	-2.312866	8.548680	-7.659108
-2.044176	8.233932	-8.879138	-1.392914	8.716043	-9.099967
-2.044176	8.233932	-8.879138	-2.028322	8.004803	-8.150202
-2.044176	8.233932	-8.879138	-2.623477	8.042838	-9.398898
6.487211	-4.716563	0.246390	5.866222	-5.058999	0.649619
6.487211	-4.716563	0.246390	6.555786	-4.011017	-0.200314
6.487211	-4.716563	0.246390	7.078629	-5.257999	0.356609
2.677267	-4.055417	-0.347365	3.262377	-3.709250	-0.719378
2.677267	-4.055417	-0.347365	2.490256	-3.941369	0.395134
2.677267	-4.055417	-0.347365	2.284803	-4.610027	-0.777553
6.485443	-5.820721	1.597146	7.106774	-5.593501	1.973197
6.485443	-5.820721	1.597146	6.354730	-6.567729	1.344129
6.485443	-5.820721	1.597146	5.922712	-5.261385	1.441489
6.090226	-8.525360	1.453058	6.465832	-7.888802	1.801290
6.090226	-8.525360	1.453058	5.718230	-9.218124	1.836487
6.090226	-8.525360	1.453058	6.113830	-8.442585	0.666810
5.815413	-7.128993	0.279942	6.378260	-6.774124	0.629829
5.815413	-7.128993	0.279942	5.476338	-6.569304	-0.138039
5.815413	-7.128993	0.279942	5.636320	-7.919156	0.319573
8.090319	-6.098309	2.695671	8.512951	-5.691369	3.248240
8.090319	-6.098309	2.695671	7.330599	-5.897134	2.640110
8.090319	-6.098309	2.695671	8.429198	-6.648199	2.233995
-8.726167	-8.526108	-0.871648	-9.375356	-8.951767	-1.198017
-8.726167	-8.526108	-0.871648	-8.156249	-8.897375	-0.493051
-8.726167	-8.526108	-0.871648	-8.579710	-7.742238	-0.906123
7.336690	-4.863591	-1.697838	7.466450	-4.140124	-1.550535
7.336690	-4.863591	-1.697838	6.966209	-4.997903	-2.400558
7.336690	-4.863591	-1.697838	7.487463	-5.519449	-1.275974
7.752448	-4.372915	2.023274	8.421235	-4.529211	2.416232
7.752448	-4.372915	2.023274	7.338754	-3.649969	2.004175
7.752448	-4.372915	2.023274	7.513287	-5.021970	1.630798
5.851821	-7.073717	2.921075	5.558649	-7.010698	2.221744
5.851821	-7.073717	2.921075	5.895709	-7.740854	3.428207
5.851821	-7.073717	2.921075	6.183564	-6.510644	3.261347
-5.550555	-7.363413	1.019497	-4.892563	-7.810268	1.115031
-5.550555	-7.363413	1.019497	-5.536141	-7.049658	0.274514
-5.550555	-7.363413	1.019497	-6.114771	-7.269891	1.612082
-4.694037	-5.335952	0.922286	-5.020626	-4.914873	1.512896
-4.694037	-5.335952	0.922286	-4.916159	-5.705799	0.236906
-4.694037	-5.335952	0.922286	-3.905103	-5.343737	1.125120
-7.626686	-4.758853	0.973625	-6.948187	-5.173967	0.973051
-7.626686	-4.758853	0.973625	-7.560528	-4.095092	0.587746
-7.626686	-4.758853	0.973625	-8.197991	-5.061992	1.397051
-8.446936	-1.874065	2.264065	-8.797671	-1.798231	2.954730
-8.446936	-1.874065	2.264065	-8.909996	-1.873093	1.580588
-8.446936	-1.874065	2.264065	-7.678416	-1.964495	2.179705
-8.550064	-3.289178	0.805934	-8.810781	-3.364052	0.083679
-8.550064	-3.289178	0.805934	-7.781970	-3.400295	0.894946
-8.550064	-3.289178	0.805934	-8.931727	-3.140863	1.421615
7.392342	-3.142647	1.380926	8.004769	-2.596310	1.213003
7.392342	-3.142647	1.380926	7.338754	-3.649969	2.004175
7.392342	-3.142647	1.380926	6.815962	-3.118391	0.759154
3.638162	7.340963	2.644976	3.487381	7.576978	1.924002
3.638162	7.340963	2.644976	3.123018	7.365958	3.250762
3.638162	7.340963	2.644976	4.406992	7.064058	2.660998
2.155672	4.330981	1.763248	2.460065	4.405975	1.039532
2.155672	4.330981	1.763248	1.614863	4.895015	1.997816
2.155672	4.330981	1.763248	2.345275	3.693211	2.289604
2.542833	8.799625	0.931003	2.242404	8.313746	0.338037
2.542833	8.799625	0.931003	2.806228	8.525016	1.631820
2.542833	8.799625	0.931003	2.689465	9.506293	1.133569
4.130107	6.112187	-0.536182	3.338264	6.223219	-0.580800
4.130107	6.112187	-0.536182	4.559285	6.132756	0.089579
2.242404	8.313746	0.338037	1.607301	8.450350	-0.179345
2.242404	8.313746	0.338037	2.671177	7.644274	0.303117
3.252914	7.024160	1.401253	3.487381	7.576978	1.924002
3.252914	7.024160	1.401253	2.624853	7.065513	0.882125
3.252914	7.024160	1.401253	3.730898	6.458052	1.479279
-0.630277	2.760668	-3.877535	-0.909635	2.020090	-3.688283
-0.630277	2.760668	-3.877535	0.078847	2.942440	-3.640412
-0.630277	2.760668	-3.877535	-1.123435	3.232759	-4.319695
4.968228	7.055237	-2.505892	5.040776	6.731104	-3.233023
4.968228	7.055237	-2.505892	5.386716	6.849822	-1.845301
4.968228	7.055237	-2.505892	4.396329	7.617425	-2.447952
3.896167	7.117331	-3.886161	4.737311	7.124231	-3.915360
3.896167	7.117331	-3.886161	3.525732	6.607669	-4.382682
3.896167	7.117331	-3.886161	3.447950	7.596833	-3.338435
-6.259998	4.055012	-4.175699	-6.552230	4.643612	-3.686750
-6.259998	4.055012	-4.175699	-5.732046	3.491785	-3.927577
-6.259998	4.055012	-4.175699	-6.408877	3.878043	-4.937002
-1.845565	0.748536	-4.734956	-1.393311	0.854484	-5.382449
-1.845565	0.748536	-4.734956	-1.829083	-0.065150	-4.585908
-1.845565	0.748536	-4.734956	-2.210962	1.378942	-4.330305
-0.976424	3.418021	-5.043598	-1.123435	3.232759	-4.319695
-0.976424	3.418021	-5.043598	-0.815844	4.016110	-5.366516
-0.976424	3.418021	-5.043598	-1.080312	2.788944	-5.380684
-3.676099	-0.028751	-4.444680	-3.099801	-0.641355	-4.462028
-3.676099	-0.028751	-4.444680	-3.879918	0.073605	-5.218461
-3.676099	-0.028751	-4.444680	-3.939666	0.369237	-3.774811
-2.760522	-0.750403	-1.725973	-2.668894	-0.770651	-2.488310
-2.760522	-0.750403	-1.725973	-2.722358	-1.389232	-1.264665
-2.760522	-0.750403	-1.725973	-2.967394	-0.012759	-1.399540
-5.776951	1.454756	-3.839406	-5.423283	1.655834	-4.618430
-5.776951	1.454756	-3.839406	-6.463537	1.877733	-3.796093
-5.776951	1.454756	-3.839406	-5.545288	0.933474	-3.214188
-6.068471	0.375525	-0.456904	-5.944364	0.237200	-1.290909
-6.068471	0.375525	-0.456904	-6.399388	-0.195340	-0.015268
-6.068471	0.375525	-0.456904	-5.843675	1.037894	-0.093379
-5.423283	1.655834	-4.618430	-5.827467	1.358734	-5.329267
-5.423283	1.655834	-4.618430	-4.778165	2.129958	-4.627329
-7.479560	-1.427666	-4.537567	-8.093914	-1.766731	-4.101673
-7.479560	-1.427666	-4.537567	-7.027784	-1.854957	-5.010515
-7.479560	-1.427666	-4.537567	-7.178942	-0.739279	-4.588622
-5.756552	-1.806635	-5.220664	-5.120865	-1.444884	-4.903522
-5.756552	-1.806635	-5.220664	-6.361628	-2.174264	-4.830871
-5.756552	-1.806635	-5.220664	-5.893354	-1.863042	-6.019224
-6.133241	3.019760	-6.401446	-6.619247	3.600853	-6.737269
-6.133241	3.019760	-6.401446	-5.606487	3.294634	-5.896150
-6.133241	3.019760	-6.401446	-6.082271	2.280589	-6.491380
-6.179483	-0.013346	-5.154415	-6.966161	-0.329385	-5.258723
-6.179483	-0.013346	-5.154415	-5.646681	-0.311251	-4.629101
-6.179483	-0.013346	-5.154415	-5.866795	0.601260	-5.587290
-7.778948	0.344102	-6.122981	-8.352510	0.417962	-6.674025
-7.778948	0.344102	-6.122981	-7.192090	-0.108391	-5.990104
-7.778948	0.344102	-6.122981	-7.838806	0.957878	-5.592217
-5.778724	-2.042211	-3.095376	-6.174267	-1.280454	-3.010916
-5.778724	-2.042211	-3.095376	-6.146016	-2.781546	-3.033709
-5.778724	-2.042211	-3.095376	-4.998137	-2.094686	-3.249794
-7.241143	2.603818	-2.845714	-6.586960	2.502187	-3.323823
-7.241143	2.603818	-2.845714	-8.027460	2.645749	-3.060896
-7.241143	2.603818	-2.845714	-7.113754	2.681457	-2.084301
-5.551415	-0.380890	-1.502664	-5.970504	-1.013654	-1.677102
-5.551415	-0.380890	-1.502664	-4.779670	-0.433369	-1.534210
-5.551415	-0.380890	-1.502664	-5.944364	0.237200	-1.290909
1.486494	0.491518	4.611358	2.253580	0.542829	4.744519
1.486494	0.491518	4.611358	1.058065	0.984246	5.020686
1.486494	0.491518	4.611358	1.199553	-0.036985	4.090578
0.263606	0.004971	6.555318	0.459782	0.704920	6.286935
0.263606	0.004971	6.555318	0.771220	-0.461910	6.931241
0.263606	0.004971	6.555318	-0.518899	-0.084035	6.403421
1.839366	2.390213	5.799174	1.704362	2.237659	5.039825
1.839366	2.390213	5.799174	1.259881	2.416895	6.371055
1.839366	2.390213	5.799174	2.573846	2.517184	6.135065
5.672865	-2.276542	4.217991	5.759677	-2.582372	4.978454
5.672865	-2.276542	4.217991	4.858445	-2.247146	4.124491
5.672865	-2.276542	4.217991	6.203470	-2.087159	3.666923
4.237525	-0.988109	1.804912	4.775512	-1.147189	1.225159
4.237525	-0.988109	1.804912	4.176682	-0.321593	2.261378
4.237525	-0.988109	1.804912	3.833045	-1.650906	1.843385
7.554835	0.949978	7.115154	7.919108	0.377960	7.457257
7.554835	0.949978	7.115154	7.991955	1.411655	6.660964
7.554835	0.949978	7.115154	6.780486	1.063008	7.217979
6.544535	-0.371866	8.395630	7.020567	-0.051103	8.990222
6.544535	-0.371866	8.395630	5.781076	-0.182020	8.192548
6.544535	-0.371866	8.395630	6.823613	-0.943090	7.922565
-8.365311	0.964892	7.956794	-8.965675	0.510587	7.764097
-8.365311	0.964892	7.956794	-7.807773	1.010587	8.548481
-8.365311	0.964892	7.956794	-8.329246	1.539755	7.410844
3.240426	-4.574881	6.230525	2.948694	-5.089107	5.675539
3.240426	-4.574881	6.230525	2.884055	-4.459408	6.969436
4.530489	-1.293448	5.130791	4.317721	-1.755802	4.457616
4.530489	-1.293448	5.130791	4.856293	-1.752747	5.738188
4.530489	-1.293448	5.130791	4.383974	-0.477160	5.183391
3.120091	-2.736962	6.355867	3.830104	-3.001281	6.098004
3.120091	-2.736962	6.355867	2.901339	-3.171763	7.010580
3.120091	-2.736962	6.355867	2.751779	-2.144659	6.016838
-8.466627	-4.172774	-7.727871	-8.869707	-4.251645	-8.372847
-8.466627	-4.172774	-7.727871	-8.208961	-4.840801	-7.343205
-8.466627	-4.172774	-7.727871	-8.293347	-3.444647	-7.431042
6.310522	-2.920991	7.895190	6.508802	-3.627977	8.250438
6.310522	-2.920991	7.895190	6.064119	-2.974000	7.094488
6.310522	-2.920991	7.895190	6.385806	-2.237383	8.372628
4.259360	-3.559686	8.338926	4.531560	-2.922000	7.943319
4.259360	-3.559686	8.338926	3.548280	-3.703824	8.146252
4.153789	-0.647189	-0.339748	4.498860	0.050873	-0.464504
4.153789	-0.647189	-0.339748	4.600135	-1.205099	-0.133605
4.153789	-0.647189	-0.339748	3.370442	-0.899837	-0.378509
6.121823	-2.033274	0.410006	6.096567	-2.778984	0.758783
6.121823	-2.033274	0.410006	5.914674	-1.666780	-0.316233
6.121823	-2.033274	0.410006	6.474752	-1.625290	1.024328
6.096567	-2.778984	0.758783	6.815962	-3.118391	0.759154
6.096567	-2.778984	0.758783	5.435173	-3.120213	1.108729
6.769694	-2.548001	-2.332201	6.298140	-2.304167	-2.920413
6.769694	-2.548001	-2.332201	6.752031	-3.329977	-2.221636
6.769694	-2.548001	-2.332201	7.145886	-1.985500	-1.943244
4.796836	-4.837487	-4.907761	4.553574	-5.524733	-5.222297
4.796836	-4.837487	-4.907761	4.479861	-4.546972	-4.323378
4.796836	-4.837487	-4.907761	5.374239	-4.552318	-5.297731
6.498547	-3.517029	-4.187164	6.164717	-3.789673	-3.468351
6.498547	-3.517029	-4.187164	6.550691	-4.013035	-4.841033
6.498547	-3.517029	-4.187164	6.772509	-2.758294	-4.044646
3.298354	-6.255756	-2.986618	3.806010	-6.760034	-3.364191
3.298354	-6.255756	-2.986618	3.249627	-5.496545	-3.120378
3.298354	-6.255756	-2.986618	2.841782	-6.587452	-2.441798
2.510519	-3.835501	-3.644380	2.191225	-4.532782	-3.367962
2.510519	-3.835501	-3.644380	3.196789	-3.543749	-3.508884
2.510519	-3.835501	-3.644380	2.242511	-3.378883	-4.142777
3.628916	-4.330043	1.108024	2.882921	-4.522658	0.729256
3.628916	-4.330043	1.108024	3.768668	-4.333551	1.873469
3.628916	-4.330043	1.108024	4.339931	-4.122491	0.645779
2.107764	-6.536274	1.717618	1.739246	-7.221079	1.938123
2.107764	-6.536274	1.717618	2.876352	-6.605092	1.587344
2.107764	-6.536274	1.717618	1.709269	-5.848274	1.631300
0.415995	-5.607613	0.446178	-0.145098	-5.719656	1.011470
0.415995	-5.607613	0.446178	1.107431	-5.918857	0.444290
0.415995	-5.607613	0.446178	0.340918	-5.195998	-0.176541
1.023163	-6.555523	-0.044497	1.303230	-6.710785	-0.762116
1.023163	-6.555523	-0.044497	1.107431	-5.918857	0.444290
1.023163	-6.555523	-0.044497	0.598626	-7.197193	0.174828
2.785501	-5.189517	-4.321038	2.624216	-5.846843	-4.723386
2.785501	-5.189517	-4.321038	3.032408	-4.501135	-4.643236
2.785501	-5.189517	-4.321038	2.741734	-5.086712	-3.542974
0.968532	-4.877217	-3.657461	1.026425	-5.664680	-3.798646
0.968532	-4.877217	-3.657461	0.493857	-4.375274	-4.052340
0.968532	-4.877217	-3.657461	1.487713	-4.579548	-3.068820
-6.429537	4.368344	1.903848	-7.168411	4.071010	2.001648
-6.429537	4.368344	1.903848	-6.215235	4.970245	1.455746
-6.429537	4.368344	1.903848	-5.927452	4.004724	2.330830
-7.390534	6.448364	3.488751	-6.730064	6.916140	3.579474
-7.390534	6.448364	3.488751	-7.213191	5.688522	3.238056
-7.390534	6.448364	3.488751	-8.076487	6.859831	3.684183
-7.720128	3.646282	3.221918	-7.137332	3.631126	3.762180
-7.720128	3.646282	3.221918	-8.338540	3.199256	3.219196
-7.720128	3.646282	3.221918	-7.672349	4.202401	2.615414
-5.928261	6.223449	-2.685139	-5.734488	5.592119	-3.150776
-5.928261	6.223449	-2.685139	-5.644409	6.961023	-2.746009
-5.928261	6.223449	-2.685139	-6.478152	6.180573	-2.079648
-3.913050	5.756912	-3.562309	-3.774472	6.376588	-4.103912
-3.913050	5.756912	-3.562309	-4.487886	5.171818	-3.649704
-3.913050	5.756912	-3.562309	-3.468800	5.679659	-2.870146
-4.708787	4.936825	-0.595450	-5.478992	4.949591	-0.796415
-4.708787	4.936825	-0.595450	-4.639169	4.563354	0.100282
-4.708787	4.936825	-0.595450	-4.081114	5.236868	-1.002638
8.859719	7.465188	5.415058	9.276768	6.880622	4.986962
8.859719	7.465188	5.415058	8.666882	7.402151	6.255738
8.859719	7.465188	5.415058	8.618986	8.063613	4.983481
7.610408	4.621517	4.890638	7.573275	3.879112	4.710732
7.610408	4.621517	4.890638	7.279460	5.335766	4.750199
7.610408	4.621517	4.890638	8.253568	4.683559	5.388425
-3.971323	6.537161	7.618888	-4.342620	7.016665	7.066799
-3.971323	6.537161	7.618888	-4.462021	6.256067	8.279743
-3.971323	6.537161	7.618888	-3.206178	6.262472	7.629726
7.966712	5.261966	-1.811138	7.334167	4.945159	-2.148447
7.966712	5.261966	-1.811138	8.404177	5.267169	-2.434185
7.966712	5.261966	-1.811138	8.111093	5.485646	-1.077845
8.224849	6.177980	-0.681280	7.659467	6.758281	-0.654743
8.224849	6.177980	-0.681280	8.951765	6.202754	-0.285673
8.224849	6.177980	-0.681280	8.111093	5.485646	-1.077845
2.003890	5.387635	-1.854155	1.230831	5.638912	-1.659187
2.003890	5.387635	-1.854155	2.470334	5.750872	-2.449188
2.003890	5.387635	-1.854155	2.257796	4.810292	-1.434411
3.341296	3.955886	3.150399	3.044837	3.912401	3.949118
3.341296	3.955886	3.150399	3.084470	3.472602	2.585546
3.341296	3.955886	3.150399	3.884715	4.506134	2.996694
2.387331	5.902694	2.649205	2.161170	6.360977	3.205809
2.387331	5.902694	2.649205	3.159597	5.617206	2.525028
2.387331	5.902694	2.649205	1.846470	5.690720	2.100760
5.128718	7.756078	4.818550	5.633701	7.576098	5.386236
5.128718	7.756078	4.818550	4.751889	7.137736	4.468429
5.128718	7.756078	4.818550	4.879609	8.431783	4.480757
5.591505	-5.836104	-5.784017	6.367256	-5.758700	-5.636705
5.591505	-5.836104	-5.784017	5.084793	-6.114376	-5.270512
5.591505	-5.836104	-5.784017	5.459442	-5.539901	-6.492521
3.790744	-5.597823	-5.535921	4.553574	-5.524733	-5.222297
3.790744	-5.597823	-5.535921	3.704670	-5.181378	-6.178823
3.790744	-5.597823	-5.535921	3.224864	-6.082896	-5.189178
0.536482	-8.395208	-6.942804	1.200049	-8.500744	-6.604976
0.536482	-8.395208	-6.942804	0.162143	-7.706010	-6.966347
0.536482	-8.395208	-6.942804	0.272797	-9.095084	-7.250032
0.702008	-4.279385	-4.833140	0.493857	-4.375274	-4.052340
0.702008	-4.279385	-4.833140	0.275864	-4.731975	-5.349157
0.702008	-4.279385	-4.833140	1.247689	-3.766407	-4.876801
0.000258	-7.834273	-5.493367	-0.237082	-8.561883	-5.083617
0.000258	-7.834273	-5.493367	-0.203154	-7.671366	-6.263037
0.000258	-7.834273	-5.493367	0.366397	-7.361962	-5.011641
1.993388	-3.776506	-4.778686	2.587548	-4.028617	-5.134558
1.993388	-3.776506	-4.778686	1.247689	-3.766407	-4.876801
1.993388	-3.776506	-4.778686	2.242511	-3.378883	-4.142777
2.265123	-4.442439	-6.817421	1.914236	-5.088676	-6.935855
2.265123	-4.442439	-6.817421	1.935811	-3.947650	-7.378244
2.265123	-4.442439	-6.817421	2.814378	-4.202452	-6.335437
4.042576	0.551734	-1.629394	3.853698	0.022345	-2.262683
4.042576	0.551734	-1.629394	3.615262	1.198775	-1.524696
4.042576	0.551734	-1.629394	4.632860	0.328726	-1.217322
3.608482	-1.715491	-3.612039	3.027538	-1.537416	-4.139666
3.608482	-1.715491	-3.612039	3.533644	-1.946993	-2.833183
3.608482	-1.715491	-3.612039	4.367129	-1.709840	-3.818703
2.142762	-2.642451	-4.317442	2.242511	-3.378883	-4.142777
2.142762	-2.642451	-4.317442	2.718156	-2.153752	-4.373196
2.142762	-2.642451	-4.317442	1.455236	-2.490121	-4.453648
3.853698	0.022345	-2.262683	3.901818	0.311768	-3.024608
3.853698	0.022345	-2.262683	3.622212	-0.738951	-2.111990
-0.151147	0.988306	5.133696	-0.572180	0.430197	4.836929
-0.151147	0.988306	5.133696	-0.185898	1.742724	5.110895
-0.151147	0.988306	5.133696	0.501512	0.864474	5.550162
-0.131745	-0.519580	2.532164	-0.668936	-0.232161	2.007886
-0.131745	-0.519580	2.532164	0.656825	-0.507430	2.333158
-0.131745	-0.519580	2.532164	-0.133565	-0.796405	3.273466
-2.671025	-0.324552	2.751089	-2.290208	0.396401	2.805229
-2.671025	-0.324552	2.751089	-2.231999	-1.003086	2.633800
-2.671025	-0.324552	2.751089	-3.487460	-0.399772	2.822397
2.449134	0.812047	-1.792853	2.892902	1.170217	-1.302207
2.449134	0.812047	-1.792853	2.283444	1.127217	-2.486827
2.449134	0.812047	-1.792853	2.120727	0.122381	-1.667952
8.119331	0.704709	-1.837342	7.855125	0.062748	-1.346870
8.119331	0.704709	-1.837342	7.704367	1.306703	-2.221399
8.119331	0.704709	-1.837342	8.940122	0.729720	-1.987001
5.894074	2.087332	-0.543234	5.190977	2.357537	-0.291772
5.894074	2.087332	-0.543234	6.430495	2.464002	-0.157715
5.894074	2.087332	-0.543234	6.069711	1.523279	-1.141711
2.988969	2.469700	0.972798	3.231396	1.854631	0.525390
2.988969	2.469700	0.972798	2.210658	2.709546	0.948945
2.988969	2.469700	0.972798	3.530442	2.854424	1.450543
3.416646	5.161585	1.181921	3.439804	5.742828	1.736377
3.416646	5.161585	1.181921	2.734810	5.042274	0.807240
3.416646	5.161585	1.181921	3.993880	4.666718	0.927647
3.778296	1.978787	-1.643857	4.094873	2.412851	-1.088873
3.778296	1.978787	-1.643857	3.558891	2.239105	-2.342221
3.778296	1.978787	-1.643857	3.615262	1.198775	-1.524696
3.316411	0.810999	-3.193007	3.596656	1.514889	-3.440853
3.316411	0.810999	-3.193007	3.901818	0.311768	-3.024608
3.316411	0.810999	-3.193007	2.509879	0.730700	-3.110493
3.273634	-6.166749	7.949974	2.991714	-6.846026	7.634478
3.273634	-6.166749	7.949974	3.906740	-5.900851	8.404984
3.273634	-6.166749	7.949974	2.750703	-5.582522	7.812605
3.830104	-3.001281	6.098004	4.326185	-2.677830	6.570995
3.830104	-3.001281	6.098004	3.846852	-3.491615	5.519410
1.964630	-1.908337	8.205309	2.120932	-1.372982	7.735583
1.964630	-1.908337	8.205309	1.368090	-2.326696	8.498248
1.964630	-1.908337	8.205309	2.641580	-2.113067	8.515072
-3.363583	-1.649586	-7.337344	-3.155986	-2.437470	-7.347071
-3.363583	-1.649586	-7.337344	-3.217631	-1.122976	-7.986463
-3.363583	-1.649586	-7.337344	-3.699266	-1.460560	-6.651636
-1.467422	-3.712841	-4.008533	-1.766495	-4.056823	-3.366788
-1.467422	-3.712841	-4.008533	-0.844831	-4.049405	-4.271943
-1.467422	-3.712841	-4.008533	-1.843821	-3.059813	-4.286817
-3.781131	-3.586615	-6.675342	-4.028543	-3.235052	-6.001745
-3.781131	-3.586615	-6.675342	-3.705305	-3.044290	-7.297929
-3.781131	-3.586615	-6.675342	-3.672297	-4.419912	-6.615193
3.027538	-1.537416	-4.139666	2.776995	-0.861187	-4.418412
3.027538	-1.537416	-4.139666	2.718156	-2.153752	-4.373196
6.987927	-2.685533	-6.126146	7.248177	-3.349789	-6.429012
6.987927	-2.685533	-6.126146	7.440660	-2.292074	-5.567810
1.489157	-2.866697	-6.250821	1.089970	-2.579662	-5.638236
1.489157	-2.866697	-6.250821	2.305581	-3.051840	-6.241597
1.489157	-2.866697	-6.250821	1.120159	-3.013276	-6.949559
0.377399	-7.360544	-1.722618	0.759262	-8.060008	-1.865449
0.377399	-7.360544	-1.722618	0.896427	-6.766927	-1.452436
0.377399	-7.360544	-1.722618	-0.443592	-7.223879	-1.847750
-4.345292	6.798485	5.119468	-4.548269	6.329716	5.748280
-4.345292	6.798485	5.119468	-3.663650	6.917084	4.834130
-4.345292	6.798485	5.119468	-4.808150	7.228331	4.656061
-1.230797	8.399273	2.653775	-1.977252	8.029651	2.685084
-1.230797	8.399273	2.653775	-0.913545	8.678242	3.296086
-1.230797	8.399273	2.653775	-0.755329	8.477795	2.003022
-2.315112	-7.598147	1.134771	-2.600205	-6.887027	0.862126
-2.315112	-7.598147	1.134771	-2.684889	-8.205411	0.797039
-2.315112	-7.598147	1.134771	-1.714098	-7.533138	1.658810
2.887474	-5.097204	-0.990163	2.870416	-5.802983	-0.678833
2.887474	-5.097204	-0.990163	2.284803	-4.610027	-0.777553
2.887474	-5.097204	-0.990163	3.423022	-4.722466	-1.455075
-0.935936	-4.973789	-0.491596	-0.853110	-4.177410	-0.621077
-0.935936	-4.973789	-0.491596	-0.232206	-5.269371	-0.699349
-0.935936	-4.973789	-0.491596	-1.675367	-5.177909	-0.212913
8.111963	-5.727032	-7.674580	8.267956	-5.273016	-8.388500
8.111963	-5.727032	-7.674580	7.350767	-5.638539	-7.296313
8.111963	-5.727032	-7.674580	8.724703	-6.218786	-7.408029
-9.074616	-6.724992	-7.921039	-8.398839	-6.409529	-8.267304
-9.074616	-6.724992	-7.921039	-9.324014	-7.463310	-8.111304
-9.074616	-6.724992	-7.921039	-9.435165	-6.218786	-7.408029
-8.454740	-5.839351	-6.468730	-9.162621	-6.206255	-6.629857
-8.454740	-5.839351	-6.468730	-8.487538	-5.027534	-6.615846
-8.454740	-5.839351	-6.468730	-7.775658	-6.314791	-6.209828
7.944802	-4.928528	-4.746250	8.449547	-5.480227	-4.773898
7.944802	-4.928528	-4.746250	7.454172	-4.967069	-4.140370
7.944802	-4.928528	-4.746250	7.832625	-4.319762	-5.199696
-1.845923	-5.666166	1.508360	-2.160736	-5.974118	2.211652
-1.845923	-5.666166	1.508360	-1.760456	-4.895818	1.237635
-1.845923	-5.666166	1.508360	-1.539800	-6.170961	0.964205
-3.646548	-4.798534	3.096861	-3.678929	-4.041709	2.862256
-3.646548	-4.798534	3.096861	-4.429800	-5.097086	3.332669
-3.646548	-4.798534	3.096861	-2.985424	-5.214370	3.127267
-2.457095	-5.067614	3.723422	-1.916968	-4.415474	3.751524
-2.457095	-5.067614	3.723422	-2.985424	-5.214370	3.127267
-2.457095	-5.067614	3.723422	-2.460978	-5.577056	4.325261
-4.745727	-4.493190	6.364029	-5.220637	-3.913475	6.714958
-4.745727	-4.493190	6.364029	-4.444126	-4.772288	5.706429
-4.745727	-4.493190	6.364029	-4.466371	-4.954923	7.021779
-3.274381	-5.869234	5.868552	-3.104676	-6.128853	6.532385
-3.274381	-5.869234	5.868552	-3.155313	-5.203057	5.539170
-3.274381	-5.869234	5.868552	-3.641262	-6.254614	5.350750
-1.300231	-5.348660	5.827697	-0.753980	-5.972458	5.690019
-1.300231	-5.348660	5.827697	-1.427255	-5.098702	6.582858
-1.300231	-5.348660	5.827697	-1.778173	-4.902185	5.317115
-3.092146	-2.405571	1.750012	-3.672892	-1.885619	1.642428
-3.092146	-2.405571	1.750012	-2.432263	-2.169338	1.334128
-3.092146	-2.405571	1.750012	-3.032937	-3.047080	2.146384
-1.376814	-4.362050	1.685950	-1.473892	-4.038670	2.452636
-1.376814	-4.362050	1.685950	-1.760456	-4.895818	1.237635
-1.376814	-4.362050	1.685950	-0.750285	-4.126849	1.272747
1.967111	3.323675	0.508992	1.337008	3.492736	0.059581
1.967111	3.323675	0.508992	2.210658	2.709546	0.948945
1.967111	3.323675	0.508992	2.497418	3.809908	0.611787
3.233111	3.660128	0.268131	3.300388	3.327185	-0.476592
3.233111	3.660128	0.268131	3.813449	3.864938	0.784903
3.233111	3.660128	0.268131	2.497418	3.809908	0.611787
1.728706	2.301980	1.400732	1.384492	1.776238	0.961548
1.728706	2.301980	1.400732	2.210658	2.709546	0.948945
1.728706	2.301980	1.400732	1.693504	2.474818	2.183178
5.823917	3.611253	2.879428	6.610716	3.819208	2.981517
5.823917	3.611253	2.879428	5.771739	2.947636	2.454270
5.823917	3.611253	2.879428	5.258664	4.083487	3.202807
3.988326	1.560170	3.645583	3.569825	1.936188	4.280960
3.988326	1.560170	3.645583	4.072993	0.761409	3.870144
3.988326	1.560170	3.645583	4.233107	1.814433	2.914001
4.751216	2.723559	-0.895192	4.094873	2.412851	-1.088873
4.751216	2.723559	-0.895192	5.190977	2.357537	-0.291772
4.751216	2.723559	-0.895192	4.899109	3.414306	-1.351133
-1.574009	7.598123	0.489018	-1.479399	8.341739	0.293190
-1.574009	7.598123	0.489018	-1.867861	7.074596	0.022367
-1.574009	7.598123	0.489018	-1.350883	7.265759	1.137881
-0.016737	6.456315	2.737830	0.275840	6.851011	2.124534
-0.016737	6.456315	2.737830	-0.691460	5.953911	2.638866
-0.016737	6.456315	2.737830	0.430897	6.637213	3.440647
0.275840	6.851011	2.124534	1.070123	6.951706	1.926619
0.275840	6.851011	2.124534	-0.179413	7.255836	1.627020
-5.173497	5.095629	-5.336597	-4.506499	4.894418	-4.948531
-5.173497	5.095629	-5.336597	-5.465645	4.604919	-5.860291
-5.173497	5.095629	-5.336597	-5.585955	5.769502	-5.225344
-3.898495	5.805344	-6.985391	-3.352708	5.744907	-7.567518
-3.898495	5.805344	-6.985391	-3.862249	6.029111	-6.232810
-3.898495	5.805344	-6.985391	-4.630362	5.626164	-7.208514
-3.528152	5.594473	-5.577544	-3.759394	4.877432	-5.278091
-3.528152	5.594473	-5.577544	-3.862249	6.029111	-6.232810
-3.528152	5.594473	-5.577544	-2.989410	6.046444	-5.325018
-0.169121	8.018970	-8.732408	0.552632	8.325322	-8.499348
-0.169121	8.018970	-8.732408	-0.604835	7.355211	-8.612453
-0.169121	8.018970	-8.732408	-0.616496	8.403195	-9.216485
-1.479102	8.077734	-5.155442	-1.040873	7.601400	-5.492506
-1.479102	8.077734	-5.155442	-1.444464	8.868361	-5.270482
-1.479102	8.077734	-5.155442	-2.053588	7.820404	-4.707232
-0.417733	4.427291	8.874795	0.263224	4.147758	9.262431
-0.417733	4.427291	8.874795	-0.895624	4.917864	9.337069
-0.417733	4.427291	8.874795	-0.598325	4.226809	8.110887
-0.402251	3.819794	-7.523268	-0.058027	4.333320	-7.032762
-0.402251	3.819794	-7.523268	-1.125873	3.713117	-7.876713
-1.632753	4.360598	-7.967590	-2.071301	4.602165	-7.384375
-1.632753	4.360598	-7.967590	-1.627696	4.669184	-8.712825
-1.632753	4.360598	-7.967590	-1.125873	3.713117	-7.876713
2.008297	3.557507	8.139976	2.022119	4.000363	8.745301
2.008297	3.557507	8.139976	2.725507	3.546088	7.725917
2.008297	3.557507	8.139976	1.239784	3.181135	8.057889
-8.419602	-7.427925	-1.547091	-7.813984	-6.954736	-1.778150
-8.419602	-7.427925	-1.547091	-8.926583	-7.562336	-2.072038
-8.419602	-7.427925	-1.547091	-8.579710	-7.742238	-0.906123
8.234215	-5.855485	-1.317954	8.822962	-5.939872	-0.715080
8.234215	-5.855485	-1.317954	8.443810	-6.157020	-2.068934
8.234215	-5.855485	-1.317954	7.487463	-5.519449	-1.275974
-8.872556	-4.744964	1.365693	-9.228830	-4.917745	0.714012
-8.872556	-4.744964	1.365693	-8.197991	-5.061992	1.397051
-8.872556	-4.744964	1.365693	-9.148131	-4.289233	1.967127
-6.515336	-3.849821	5.667391	-6.523423	-3.397200	6.261840
-6.515336	-3.849821	5.667391	-6.101717	-3.932508	4.993956
-6.515336	-3.849821	5.667391	-7.133411	-4.299226	5.807072
-4.429077	-5.971620	5.243372	-4.670478	-5.208279	5.106613
-4.429077	-5.971620	5.243372	-5.003648	-6.547764	5.341085
-4.429077	-5.971620	5.243372	-3.641262	-6.254614	5.350750
-8.398008	-6.377892	1.776541	-7.957773	-5.702697	1.838503
-8.398008	-6.377892	1.776541	-9.213222	-6.387613	1.655018
-8.398008	-6.377892	1.776541	-8.091583	-7.125817	1.805475
9.054500	-4.691168	-0.052004	8.931038	-4.917745	0.714012
9.054500	-4.691168	-0.052004	8.850362	-3.927762	-0.196277
9.054500	-4.691168	-0.052004	9.360006	-5.333419	-0.485402
-2.007343	-6.535305	-0.271319	-1.872452	-7.290727	-0.509573
-2.007343	-6.535305	-0.271319	-2.059835	-6.530229	0.485926
-2.007343	-6.535305	-0.271319	-2.114657	-5.828624	-0.550615
-1.872452	-7.290727	-0.509573	-2.491154	-7.839937	-0.506212
-1.872452	-7.290727	-0.509573	-1.172496	-7.588961	-0.746641
-2.357567	-8.218255	-2.138725	-2.846814	-8.402345	-1.544940
-2.357567	-8.218255	-2.138725	-2.583461	-8.044870	-2.915452
-2.357567	-8.218255	-2.138725	-1.545321	-8.225920	-1.896088
-2.600205	-6.887027	0.862126	-3.322180	-6.621557	0.979325
-2.600205	-6.887027	0.862126	-2.059835	-6.530229	0.485926
-2.684889	-8.205411	0.797039	-2.527978	-8.389402	0.060301
-2.684889	-8.205411	0.797039	-3.253162	-8.686328	1.084005
0.527715	-8.277344	3.844402	0.315327	-7.873958	4.518583
0.527715	-8.277344	3.844402	1.334174	-8.410534	3.971059
0.527715	-8.277344	3.844402	-0.042077	-8.344575	3.304779
-2.450204	7.752852	3.307991	-3.272986	7.920569	3.452599
-2.450204	7.752852	3.307991	-1.977252	8.029651	2.685084
-2.450204	7.752852	3.307991	-1.943433	7.274560	3.751600
2.460230	-8.355095	3.040907	2.306084	-8.787496	2.396419
2.460230	-8.355095	3.040907	3.214417	-8.181430	3.288590
2.460230	-8.355095	3.040907	1.864753	-8.060963	3.454073
-5.478992	4.949591	-0.796415	-5.975182	5.608026	-0.857682
-5.478992	4.949591	-0.796415	-5.859493	4.189998	-0.954047
-6.891896	5.095037	-1.656344	-7.338587	4.972829	-1.021674
-6.891896	5.095037	-1.656344	-6.387889	5.707926	-1.538119
-6.891896	5.095037	-1.656344	-6.958205	4.615971	-2.281749
-5.734488	5.592119	-3.150776	-6.261366	5.386550	-3.730668
-5.734488	5.592119	-3.150776	-5.078465	5.102145	-3.127487
-4.991520	7.343931	-2.655891	-5.644409	6.961023	-2.746009
-4.991520	7.343931	-2.655891	-4.736410	7.878112	-3.235133
-4.991520	7.343931	-2.655891	-4.547174	7.236734	-2.010286
-6.107383	6.136229	-0.189799	-6.778257	5.946294	0.069126
-6.107383	6.136229	-0.189799	-5.975182	5.608026	-0.857682
-6.107383	6.136229	-0.189799	-5.621952	6.711270	0.143530
-4.249729	4.456081	1.768296	-4.643506	3.846272	2.138927
-4.249729	4.456081	1.768296	-4.409119	5.179814	1.787231
-4.249729	4.456081	1.768296	-3.694492	4.112237	1.397607
-7.817274	3.894366	0.793884	-7.535586	3.593798	1.503172
-7.817274	3.894366	0.793884	-8.479337	4.400768	0.744570
-7.817274	3.894366	0.793884	-7.458794	3.697091	0.123922
-1.364288	-4.368308	3.174859	-1.916968	-4.415474	3.751524
-1.364288	-4.368308	3.174859	-0.587873	-4.665905	3.309254
-1.364288	-4.368308	3.174859	-1.473892	-4.038670	2.452636
0.547873	-2.916921	-0.703633	0.291658	-3.508793	-0.263565
0.547873	-2.916921	-0.703633	0.386406	-2.935939	-1.487646
0.547873	-2.916921	-0.703633	0.942024	-2.329917	-0.436291
-5.293594	-6.978288	-2.735925	-5.792523	-6.676022	-3.369957
-5.293594	-6.978288	-2.735925	-5.203817	-6.547232	-2.058591
-5.293594	-6.978288	-2.735925	-4.859090	-7.702830	-2.833831
-5.887077	-6.321278	-1.645560	-6.069223	-5.529658	-1.424278
-5.887077	-6.321278	-1.645560	-6.503945	-6.842918	-1.408839
-5.887077	-6.321278	-1.645560	-5.203817	-6.547232	-2.058591
-4.326025	8.573406	-1.709259	-3.524615	8.538288	-1.838775
-4.326025	8.573406	-1.709259	-4.580411	7.796824	-1.422863
-4.326025	8.573406	-1.709259	-4.773290	9.282659	-1.806630
-6.804267	-5.131792	1.729827	-6.948187	-5.173967	0.973051
-6.804267	-5.131792	1.729827	-7.281790	-5.600163	2.220551
-6.804267	-5.131792	1.729827	-6.235625	-4.687111	2.078489
-4.623219	-3.815865	3.657845	-3.915875	-3.631815	3.472193
-4.623219	-3.815865	3.657845	-4.719545	-4.602822	3.900847
-4.623219	-3.815865	3.657845	-5.136340	-3.236247	3.584511
-6.293118	-3.926339	2.412578	-5.621454	-3.448259	2.280795
-6.293118	-3.926339	2.412578	-6.924358	-3.602564	2.845307
-6.293118	-3.926339	2.412578	-6.235625	-4.687111	2.078489
-1.491956	-7.481497	-4.312424	-0.989042	-6.929586	-4.340089
-1.491956	-7.481497	-4.312424	-1.425616	-8.291024	-4.322308
-1.491956	-7.481497	-4.312424	-2.172036	-6.998338	-4.297616
-1.635864	8.907485	-3.244451	-2.139425	8.210187	-3.240929
-1.635864	8.907485	-3.244451	-1.051295	9.001439	-2.763949
-1.635864	8.907485	-3.244451	-1.766228	9.457952	-3.740200
-0.942016	-7.489848	-6.117822	-1.006739	-6.831583	-5.649159
-0.942016	-7.489848	-6.117822	-0.203154	-7.671366	-6.263037
-0.942016	-7.489848	-6.117822	-1.526707	-7.883148	-6.372822
1.536978	-5.597872	8.494011	1.948162	-5.699384	7.813221
1.536978	-5.597872	8.494011	1.190795	-4.903484	8.636927
1.536978	-5.597872	8.494011	1.505361	-6.209983	9.043544
0.970340	-4.670523	4.594659	0.371015	-4.178310	4.365551
0.970340	-4.670523	4.594659	1.000624	-5.175492	5.162607
0.970340	-4.670523	4.594659	1.722276	-4.675712	4.249507
-0.698889	-4.335704	8.778570	-1.281206	-4.698852	9.206248
-0.698889	-4.335704	8.778570	-0.656210	-3.638681	8.490898
-0.698889	-4.335704	8.778570	-0.160332	-4.875906	8.651458
-3.177828	-4.548018	7.661543	-2.686378	-4.504660	7.054031
-3.177828	-4.548018	7.661543	-3.972405	-4.546467	7.486222
-3.177828	-4.548018	7.661543	-2.743668	-4.539033	8.285595
-1.460615	-4.525811	-8.230120	-0.997552	-4.569696	-7.625916
-1.460615	-4.525811	-8.230120	-1.281206	-4.698852	-8.953620
-1.460615	-4.525811	-8.230120	-2.205261	-4.257121	-8.148007
6.252704	7.926785	3.336073	6.561181	8.438289	2.826390
6.252704	7.926785	3.336073	5.429900	7.965771	3.415910
6.252704	7.926785	3.336073	6.732734	7.367937	3.792918
6.747721	7.539914	4.606582	6.304963	7.128348	5.153637
6.747721	7.539914	4.606582	7.218113	8.141755	4.804707
6.747721	7.539914	4.606582	6.732734	7.367937	3.792918
5.633701	7.576098	5.386236	6.304963	7.128348	5.153637
5.633701	7.576098	5.386236	5.446990	7.834049	6.126075
8.006386	8.092450	4.497103	8.092242	8.149977	3.666921
8.006386	8.092450	4.497103	7.218113	8.141755	4.804707
8.006386	8.092450	4.497103	8.618986	8.063613	4.983481
7.435598	6.671752	6.441215	6.791636	6.337271	6.193164
7.435598	6.671752	6.441215	7.171431	6.935890	6.950475
7.435598	6.671752	6.441215	8.171151	6.787310	6.369669
8.337359	-9.074294	7.174887	8.121061	-8.732704	6.485261
8.337359	-9.074294	7.174887	8.245986	-9.896415	7.258796
8.337359	-9.074294	7.174887	8.596048	-8.550125	7.703298
8.551426	5.707916	4.802744	7.838375	5.775432	4.342359
8.551426	5.707916	4.802744	8.811931	4.982401	4.904621
8.551426	5.707916	4.802744	8.963098	6.231504	5.161074
6.773382	8.041138	1.610403	7.288080	7.524867	1.850854
6.773382	8.041138	1.610403	6.750847	8.085332	0.839295
6.773382	8.041138	1.610403	6.336486	8.466508	2.081639
7.909533	8.783403	0.481703	8.321077	9.391194	0.875084
7.909533	8.783403	0.481703	8.337629	8.191995	0.058407
7.909533	8.783403	0.481703	7.089766	8.723072	0.507373
-5.020626	-4.914873	1.512896	-4.737867	-4.150266	1.549674
-5.020626	-4.914873	1.512896	-5.530223	-5.113484	2.047147
-3.522673	-3.722382	2.145994	-3.678929	-4.041709	2.862256
-3.522673	-3.722382	2.145994	-3.912782	-4.120627	1.580734
-3.522673	-3.722382	2.145994	-3.032937	-3.047080	2.146384
-4.374634	-6.496054	3.082886	-4.764230	-5.759020	3.002682
-4.374634	-6.496054	3.082886	-4.293513	-7.033114	3.687515
-4.374634	-6.496054	3.082886	-3.972076	-6.742344	2.437537
-4.037851	-7.440485	2.037347	-3.972076	-6.742344	2.437537
-4.037851	-7.440485	2.037347	-4.278602	-7.389489	1.295696
-4.037851	-7.440485	2.037347	-3.910201	-8.215586	2.252421
-4.562987	-8.699735	2.335498	-4.595192	-9.379376	1.925326
-4.562987	-8.699735	2.335498	-5.210439	-8.696538	2.705934
-4.562987	-8.699735	2.335498	-3.910201	-8.215586	2.252421
-5.090554	-9.031588	3.995525	-4.506864	-9.259252	4.393302
-5.090554	-9.031588	3.995525	-5.209826	-9.285281	3.260239
-5.090554	-9.031588	3.995525	-5.574863	-8.558184	4.300826
-4.687469	7.609121	3.341013	-4.989164	7.090983	3.876706
-4.687469	7.609121	3.341013	-4.034054	7.866268	3.002336
-4.687469	7.609121	3.341013	-5.302148	8.087242	3.088318
-4.463354	8.953367	5.652688	-4.892324	9.666104	5.772675
-4.463354	8.953367	5.652688	-4.729673	8.537523	5.070009
-4.463354	8.953367	5.652688	-3.898698	8.496097	5.885078
3.863791	2.316095	-6.717055	3.231106	1.810647	-6.671138
3.863791	2.316095	-6.717055	4.584110	2.126907	-6.357176
3.863791	2.316095	-6.717055	3.867778	3.034547	-7.107546
5.355449	0.404931	-1.603606	5.879191	0.719030	-1.132582
5.355449	0.404931	-1.603606	5.515933	0.169506	-2.407218
5.355449	0.404931	-1.603606	4.632860	0.328726	-1.217322
6.877639	2.080620	-6.296813	7.078688	1.277968	-6.165089
6.877639	2.080620	-6.296813	7.110978	2.564235	-5.769200
6.877639	2.080620	-6.296813	6.501954	2.325625	-6.954915
1.750716	3.545114	-4.518156	1.890150	3.612917	-5.318509
1.750716	3.545114	-4.518156	1.652253	2.805022	-4.239274
1.750716	3.545114	-4.518156	1.679189	4.052917	-3.896432
1.286233	0.378242	-4.634694	0.757650	-0.225875	-4.827040
1.286233	0.378242	-4.634694	1.776324	0.637519	-5.256340
1.286233	0.378242	-4.634694	1.247912	0.612469	-3.872706
1.911533	1.792797	-2.540227	2.339802	2.328327	-2.949533
1.911533	1.792797	-2.540227	2.283444	1.127217	-2.486827
1.911533	1.792797	-2.540227	1.216799	1.722280	-2.173834
7.508157	-2.679425	-4.230385	7.704714	-2.675526	-4.983503
7.508157	-2.679425	-4.230385	8.162315	-2.615700	-3.755100
7.508157	-2.679425	-4.230385	6.772509	-2.758294	-4.044646
4.480820	-2.555970	-4.679777	4.714201	-2.430272	-3.983126
4.480820	-2.555970	-4.679777	4.570023	-2.491901	-5.486034
4.480820	-2.555970	-4.679777	3.741143	-2.876254	-4.577958
8.170684	4.910882	-0.528747	8.893813	4.559886	-0.477694
8.170684	4.910882	-0.528747	7.530144	4.739497	-0.071490
8.170684	4.910882	-0.528747	8.111093	5.485646	-1.077845
-6.970914	7.378253	-1.830779	-6.985137	7.735793	-1.100592
-6.970914	7.378253	-1.830779	-6.781190	7.761568	-2.539621
-6.970914	7.378253	-1.830779	-7.151515	6.600928	-1.928994
-7.612475	8.735607	-3.240388	-8.354390	8.896552	-3.114784
-7.612475	8.735607	-3.240388	-7.351269	8.842540	-3.974269
-7.612475	8.735607	-3.240388	-7.114870	8.476312	-2.671808
7.791173	6.212485	3.673593	7.151360	6.709039	3.477986
7.791173	6.212485	3.673593	7.838375	5.775432	4.342359
7.791173	6.212485	3.673593	8.343326	6.281719	3.055766
8.545407	8.048955	2.379443	8.133775	7.651688	1.806685
8.545407	8.048955	2.379443	8.438370	7.723438	3.121594
8.545407	8.048955	2.379443	9.057968	8.639216	2.314885
-7.924466	7.699728	1.721068	-8.297633	7.675274	2.477071
-7.924466	7.699728	1.721068	-8.275225	8.101397	1.049999
-7.924466	7.699728	1.721068	-7.230744	7.343545	1.539893
4.660911	6.772561	0.577912	4.559285	6.132756	0.089579
4.660911	6.772561	0.577912	4.921002	7.512389	0.234852
4.660911	6.772561	0.577912	4.474685	6.594621	1.343388
3.487381	7.576978	1.924002	3.552150	8.227587	1.680630
7.108194	8.958697	3.048208	6.981529	9.744752	2.870202
7.108194	8.958697	3.048208	6.561181	8.438289	2.826390
7.108194	8.958697	3.048208	7.741537	8.835489	3.446585
-8.817301	-3.649569	2.045033	-8.355753	-3.385752	2.639572
-8.817301	-3.649569	2.045033	-8.931727	-3.140863	1.421615
-8.817301	-3.649569	2.045033	-9.148131	-4.289233	1.967127
-7.495553	-2.726625	1.989379	-7.574628	-3.279601	2.518608
-7.495553	-2.726625	1.989379	-7.264576	-2.915455	1.243888
-7.495553	-2.726625	1.989379	-7.678416	-1.964495	2.179705
8.395905	-5.393358	0.830662	8.612358	-6.162772	0.957482
8.395905	-5.393358	0.830662	7.663214	-5.229250	0.866072
8.395905	-5.393358	0.830662	8.931038	-4.917745	0.714012
-3.678929	-4.041709	2.862256	-3.915875	-3.631815	3.472193
-7.069452	5.895048	1.951568	-7.441007	5.464815	2.526135
-7.069452	5.895048	1.951568	-7.346253	6.494807	1.495265
-7.069452	5.895048	1.951568	-6.330383	5.666999	1.832863
7.151360	6.709039	3.477986	6.892123	6.436024	2.771162
7.151360	6.709039	3.477986	6.732734	7.367937	3.792918
-7.521591	8.180643	4.748608	-6.881042	8.333754	4.333855
-7.521591	8.180643	4.748608	-7.731108	7.402859	4.897390
-7.521591	8.180643	4.748608	-7.875502	8.866894	4.959747
-7.751725	6.761343	6.180438	-7.358899	6.988865	5.488760
-7.751725	6.761343	6.180438	-8.233486	6.069102	6.118571
-7.751725	6.761343	6.180438	-7.578689	7.267786	6.845774
-0.752166	-6.296758	0.953537	-0.145098	-5.719656	1.011470
-0.752166	-6.296758	0.953537	-0.633547	-7.099438	0.882485
-0.752166	-6.296758	0.953537	-1.539800	-6.170961	0.964205
-2.160736	-5.974118	2.211652	-2.865406	-5.780370	2.524604
-2.160736	-5.974118	2.211652	-1.749874	-6.551102	2.665027
-4.916159	-5.705799	0.236906	-5.043552	-5.242487	-0.434739
-4.916159	-5.705799	0.236906	-4.975998	-6.512781	0.191981
4.649512	-3.497948	-2.268129	4.943028	-3.364471	-1.520937
4.649512	-3.497948	-2.268129	5.032250	-3.377453	-2.955702
4.649512	-3.497948	-2.268129	3.879656	-3.803340	-2.420641
8.268675	-6.182638	-4.988870	8.193607	-6.863681	-4.741097
8.268675	-6.182638	-4.988870	8.449547	-5.480227	-4.773898
8.268675	-6.182638	-4.988870	8.044855	-6.452850	-5.658900
-0.105147	-4.438104	1.559226	-0.081444	-5.257514	1.625342
-0.105147	-4.438104	1.559226	0.513832	-4.007298	1.799842
-0.105147	-4.438104	1.559226	-0.750285	-4.126849	1.272747
5.733654	-4.463473	2.612286	5.473556	-4.995653	2.030489
5.733654	-4.463473	2.612286	5.734290	-4.579583	3.424767
5.733654	-4.463473	2.612286	6.043098	-3.697033	2.379513
1.396537	-4.712804	2.557440	1.302955	-5.454166	2.214548
1.396537	-4.712804	2.557440	1.920077	-4.418254	2.937140
1.396537	-4.712804	2.557440	0.746768	-4.195412	2.493272
2.193826	-2.982417	3.014463	2.393000	-3.754675	2.949957
2.193826	-2.982417	3.014463	2.433990	-2.334056	2.567922
2.193826	-2.982417	3.014463	1.717736	-2.956611	3.639914
1.949175	-2.603747	4.959239	1.214477	-2.595182	5.142151
1.949175	-2.603747	4.959239	2.049289	-3.092747	4.373098
1.949175	-2.603747	4.959239	2.523576	-2.169800	5.282351
1.297143	2.688968	-7.100121	1.475364	2.904194	-6.369658
1.297143	2.688968	-7.100121	0.475874	2.736542	-7.301336
1.297143	2.688968	-7.100121	1.820841	2.377698	-7.685050
0.477722	3.514207	-3.276427	0.459893	3.385888	-2.452018
0.477722	3.514207	-3.276427	0.078847	2.942440	-3.640412
0.477722	3.514207	-3.276427	0.882345	4.116910	-3.734892
1.050681	2.787793	8.758598	0.359171	2.832411	9.205968
1.050681	2.787793	8.758598	1.239784	3.181135	8.057889
1.050681	2.787793	8.758598	1.603173	2.322950	9.117873
1.413491	4.902678	-6.350131	1.762685	5.210813	-5.661593
1.413491	4.902678	-6.350131	1.444024	5.189439	-7.071368
1.413491	4.902678	-6.350131	0.997913	4.203255	-6.188259
-5.316727	-5.879320	-4.786492	-5.853882	-5.659941	-5.403979
-5.316727	-5.879320	-4.786492	-5.269246	-5.584351	-4.053034
-5.316727	-5.879320	-4.786492	-4.716234	-6.494231	-4.910193
-5.837004	-4.919122	-5.735794	-6.358315	-4.471472	-6.118755
-5.837004	-4.919122	-5.735794	-5.853882	-5.659941	-5.403979
-5.837004	-4.919122	-5.735794	-5.139816	-4.573487	-5.646689
-6.348285	-5.291754	-3.391266	-6.217035	-4.878590	-2.649719
-6.348285	-5.291754	-3.391266	-6.991879	-5.152882	-3.910063
-6.348285	-5.291754	-3.391266	-5.796408	-5.853006	-3.604309
-6.199614	-8.502116	-3.865916	-5.932314	-7.826230	-4.197512
-6.199614	-8.502116	-3.865916	-6.025258	-8.644010	-3.080518
-6.199614	-8.502116	-3.865916	-6.624508	-9.095318	-4.138084
-4.094964	7.659419	-3.721989	-3.424032	8.080327	-3.676988
-4.094964	7.659419	-3.721989	-4.321412	6.985832	-4.160882
-4.094964	7.659419	-3.721989	-4.736410	7.878112	-3.235133
-3.524615	8.538288	-1.838775	-3.180031	9.013463	-1.410140
-3.524615	8.538288	-1.838775	-3.124745	8.069950	-2.291223
-2.984916	-8.835863	-4.132558	-2.492136	-8.518146	-3.585150
-2.984916	-8.835863	-4.132558	-3.410645	-8.559486	-4.674231
-2.984916	-8.835863	-4.132558	-3.083366	-9.618737	-4.191510
-6.327732	8.522883	-4.670392	-5.739225	8.178912	-4.397011
-6.327732	8.522883	-4.670392	-6.624508	9.064550	-4.138084
-6.327732	8.522883	-4.670392	-6.747663	8.485216	-5.316107
-2.309228	8.638459	-6.706840	-1.925148	7.885512	-6.560813
-2.309228	8.638459	-6.706840	-2.020328	8.966914	-7.310033
-2.309228	8.638459	-6.706840	-2.923857	8.852786	-6.179506
-3.921611	8.573697	8.360587	-3.449504	8.163313	8.870892
-3.921611	8.573697	8.360587	-3.744997	9.347168	8.466212
-3.921611	8.573697	8.360587	-4.476521	8.159828	7.869488
-0.006367	-7.497237	-8.362330	0.674999	-7.794464	-8.721499
-0.006367	-7.497237	-8.362330	0.139997	-7.164340	-7.615412
-0.006367	-7.497237	-8.362330	-0.657017	-7.595442	-8.863967
-0.871310	-5.644986	-6.847406	-1.457929	-6.095936	-6.606126
-0.871310	-5.644986	-6.847406	-0.039650	-5.837352	-6.959357
-0.871310	-5.644986	-6.847406	-1.031669	-4.908432	-6.992600
-2.225161	-7.642754	-6.635347	-2.825660	-7.966793	-6.252605
-2.225161	-7.642754	-6.635347	-1.526707	-7.883148	-6.372822
-2.225161	-7.642754	-6.635347	-2.197710	-7.116577	-7.231260
-1.006739	-6.831583	-5.649159	-0.598185	-6.802684	-4.982311
-1.006739	-6.831583	-5.649159	-1.448540	-6.344822	-5.888931
-2.265196	-7.477323	-7.879808	-1.693218	-8.055464	-8.059201
-2.265196	-7.477323	-7.879808	-2.197710	-7.116577	-7.231260
-2.265196	-7.477323	-7.879808	-2.873031	-7.362046	-8.366081
-0.997552	-4.569696	-7.625916	-1.031669	-4.908432	-6.992600
-2.886520	-6.987769	9.055922	-2.431685	-7.311317	8.414140
-2.886520	-6.987769	9.055922	-3.351298	-6.305802	8.933174
-2.886520	-6.987769	9.055922	-2.873031	-7.362046	9.793787
5.972526	-8.613528	-8.600503	5.806113	-7.808062	-8.758435
5.972526	-8.613528	-8.600503	5.401187	-9.188474	-8.331509
-0.065712	-7.182667	4.513121	0.315327	-7.873958	4.518583
-0.065712	-7.182667	4.513121	-0.790451	-7.050957	4.784895
-0.065712	-7.182667	4.513121	0.314604	-6.618514	4.222391
-0.211582	-7.639637	6.276023	-0.035912	-8.278502	5.737884
-0.211582	-7.639637	6.276023	0.264771	-7.402757	6.896413
-0.211582	-7.639637	6.276023	-0.951595	-7.167576	6.130866
2.109708	-8.872433	6.732151	2.364019	-8.566243	6.054860
2.109708	-8.872433	6.732151	1.524544	-9.253264	7.004306
2.109708	-8.872433	6.732151	2.534063	-8.847457	7.409912
2.364019	-8.566243	6.054860	3.050946	-8.884054	5.853338
2.364019	-8.566243	6.054860	1.948943	-8.034661	5.676244
1.066601	-2.950310	8.132898	0.306858	-2.859099	7.953074
1.066601	-2.950310	8.132898	1.368090	-2.326696	8.498248
1.066601	-2.950310	8.132898	1.429196	-3.629262	7.934607
2.263193	-4.798156	5.399515	2.201676	-4.377483	4.761413
2.263193	-4.798156	5.399515	1.528616	-4.869316	5.711363
2.263193	-4.798156	5.399515	2.948694	-5.089107	5.675539
-2.391100	-3.433401	-0.141436	-2.147728	-2.750720	0.210327
-2.391100	-3.433401	-0.141436	-2.635508	-4.156305	0.198079
-2.391100	-3.433401	-0.141436	-2.347986	-3.356009	-0.943036
-3.397325	-4.323649	0.278061	-3.979333	-4.285490	-0.323220
-3.397325	-4.323649	0.278061	-2.635508	-4.156305	0.198079
-3.397325	-4.323649	0.278061	-3.704704	-4.561609	0.978497
-2.587857	-2.262847	0.585939	-2.147728	-2.750720	0.210327
-2.587857	-2.262847	0.585939	-3.198340	-1.774127	0.454566
-2.587857	-2.262847	0.585939	-2.432263	-2.169338	1.334128
0.102026	2.064401	0.734708	-0.206962	2.557893	1.307866
0.102026	2.064401	0.734708	-0.054128	1.919554	-0.035666
0.102026	2.064401	0.734708	0.648715	1.623089	0.903334
0.674785	0.819023	2.387137	0.187536	0.768186	1.741028
0.674785	0.819023	2.387137	0.706486	0.141257	2.746053
0.674785	0.819023	2.387137	0.936796	1.485950	2.559950
3.832329	-3.550295	4.699463	3.228562	-3.837474	4.297668
3.832329	-3.550295	4.699463	3.846852	-3.491615	5.519410
3.832329	-3.550295	4.699463	4.439741	-3.371834	4.201264
3.320777	-5.396223	3.167607	3.797791	-4.967714	3.580391
3.320777	-5.396223	3.167607	3.563698	-5.631793	2.491078
3.320777	-5.396223	3.167607	2.614684	-5.521345	3.516049
3.082485	-6.526481	4.277391	2.851150	-6.357141	5.013240
3.082485	-6.526481	4.277391	3.698860	-6.930971	3.917482
3.082485	-6.526481	4.277391	2.490531	-6.199416	3.804499
-2.365742	6.230063	5.868682	-1.980601	6.882658	6.134234
-2.365742	6.230063	5.868682	-2.468396	5.680687	6.454952
-2.365742	6.230063	5.868682	-2.575642	6.186853	5.053679
-6.108063	8.090453	0.756349	-6.016450	7.884995	-0.057699
-6.108063	8.090453	0.756349	-5.778251	8.840283	0.908285
-6.108063	8.090453	0.756349	-6.468754	7.626942	1.385417
-8.495401	7.734183	0.456749	-8.275225	8.101397	1.049999
-8.495401	7.734183	0.456749	-8.077611	7.388938	-0.157095
-8.495401	7.734183	0.456749	-9.306180	7.749315	0.533736
-2.492136	-8.518146	-3.585150	-2.583461	-8.044870	-2.915452
-2.492136	-8.518146	-3.585150	-1.766228	-8.701916	-3.740200
-1.022548	-8.736400	-4.919357	-0.237082	-8.561883	-5.083617
-1.022548	-8.736400	-4.919357	-1.425616	-8.291024	-4.322308
-1.022548	-8.736400	-4.919357	-1.444464	-9.291507	-5.270482
-1.828446	7.264287	1.700176	-1.931943	6.531142	2.010139
-1.828446	7.264287	1.700176	-1.350883	7.265759	1.137881
-1.828446	7.264287	1.700176	-2.273949	7.859729	2.038058
2.372062	7.106106	3.209230	2.161170	6.360977	3.205809
2.372062	7.106106	3.209230	3.123018	7.365958	3.250762
2.372062	7.106106	3.209230	1.754792	7.662353	3.178338
3.792275	8.714105	-1.049213	4.467818	8.692633	-1.509965
3.792275	8.714105	-1.049213	3.755620	8.137599	-0.421715
3.792275	8.714105	-1.049213	3.254578	9.307253	-1.259521
3.024084	-6.717076	-7.063218	2.747492	-6.631136	-7.756510
3.024084	-6.717076	-7.063218	3.095640	-5.957388	-6.986775
3.024084	-6.717076	-7.063218	3.262967	-7.297483	-6.552077
3.496743	-8.390597	-4.148957	3.149945	-7.688099	-4.011222
3.496743	-8.390597	-4.148957	3.649527	-8.585599	-4.898507
3.496743	-8.390597	-4.148957	3.625404	-8.762085	-3.485252
2.639840	-9.022622	-1.765832	3.254578	-8.852615	-1.259521
2.639840	-9.022622	-1.765832	2.057993	-9.481033	-1.516879
2.639840	-9.022622	-1.765832	2.532835	-8.767371	-2.536948
1.336632	-8.613351	-0.782836	1.683833	-9.282446	-0.834236
1.336632	-8.613351	-0.782836	0.680891	-8.515007	-1.243142
1.336632	-8.613351	-0.782836	1.550423	-7.993953	-0.314224
0.668398	-5.858994	2.498030	0.474909	-6.529700	2.878148
0.668398	-5.858994	2.498030	0.013576	-5.477653	2.348314
0.668398	-5.858994	2.498030	1.302955	-5.454166	2.214548
-0.115606	8.012097	1.793839	0.637158	8.218796	1.682311
-0.115606	8.012097	1.793839	-0.179413	7.255836	1.627020
-0.115606	8.012097	1.793839	-0.755329	8.477795	2.003022
-0.977204	-7.672082	1.386533	-0.596922	-8.330232	1.554600
-0.977204	-7.672082	1.386533	-0.633547	-7.099438	0.882485
-0.977204	-7.672082	1.386533	-1.714098	-7.533138	1.658810
1.665716	-7.885606	1.551393	1.739246	-7.221079	1.938123
1.665716	-7.885606	1.551393	2.164569	-8.402772	1.715113
1.739246	-7.221079	1.938123	1.410446	-7.236967	2.660525
1.114423	-5.048438	-6.830307	1.914236	-5.088676	-6.935855
1.114423	-5.048438	-6.830307	0.543919	-5.446767	-6.441052
1.114423	-5.048438	-6.830307	0.858002	-4.419055	-7.288875
-0.779255	-3.555182	-1.844545	-0.432053	-2.823002	-1.672863
-0.779255	-3.555182	-1.844545	-0.673546	-3.876392	-2.529338
-0.779255	-3.555182	-1.844545	-1.200958	-3.889225	-1.274311
-2.495087	-6.821939	-3.582319	-2.353248	-6.018998	-3.367260
-2.495087	-6.821939	-3.582319	-2.172036	-6.998338	-4.297616
-2.495087	-6.821939	-3.582319	-2.913647	-7.364628	-3.161429
-0.817204	-4.559350	-4.815108	-0.415756	-4.408830	-5.468016
-0.817204	-4.559350	-4.815108	-0.844831	-4.049405	-4.271943
-0.817204	-4.559350	-4.815108	-1.240260	-5.209670	-4.565697
-0.660130	-1.473037	-2.178770	-0.081005	-0.875409	-1.945447
-0.660130	-1.473037	-2.178770	-1.046997	-1.422201	-2.902191
-0.660130	-1.473037	-2.178770	-0.821237	-2.090467	-1.656999
-1.919086	-6.139110	-5.317890	-1.923146	-5.389850	-5.013809
-1.919086	-6.139110	-5.317890	-1.448540	-6.344822	-5.888931
-1.919086	-6.139110	-5.317890	-2.396195	-6.721802	-5.022929
-0.647722	0.613137	-7.928868	-1.437357	0.824123	-8.124800
-0.647722	0.613137	-7.928868	-0.148300	1.193907	-7.969805
-0.647722	0.613137	-7.928868	-0.263016	-0.087710	-7.697020
2.747492	-6.631136	-7.756510	3.072885	-6.931912	-8.324279
2.747492	-6.631136	-7.756510	2.171964	-6.207638	-8.019156
3.072885	-6.931912	-8.324279	2.619392	-7.457115	-8.611188
3.072885	-6.931912	-8.324279	3.791601	-6.678849	-8.560931
2.295108	-0.068055	-8.627789	2.384354	0.202995	-9.379618
2.295108	-0.068055	-8.627789	1.616112	-0.044417	-8.279343
2.295108	-0.068055	-8.627789	3.041444	-0.325230	-8.331466
4.945913	-7.696037	-1.289173	4.329395	-7.552084	-1.740021
4.945913	-7.696037	-1.289173	5.003313	-8.379612	-0.796944
4.945913	-7.696037	-1.289173	5.601045	-7.280340	-1.214217
9.039253	-5.173384	-3.060222	8.872095	-4.385342	-2.933468
9.039253	-5.173384	-3.060222	8.949818	-5.782808	-2.544201
9.039253	-5.173384	-3.060222	9.374581	-5.403926	-3.819068
4.329395	-7.552084	-1.740021	4.487119	-7.536388	-2.521001
4.329395	-7.552084	-1.740021	3.548859	-7.444251	-1.499112
-8.859196	6.507878	8.493360	-8.975433	5.816066	8.107172
-8.859196	6.507878	8.493360	-8.804436	6.308383	9.302067
-8.859196	6.507878	8.493360	-8.788562	7.362943	8.288018
-7.677737	5.184912	7.917680	-7.100674	5.568386	8.293138
-7.677737	5.184912	7.917680	-7.312616	4.807780	7.355225
-7.677737	5.184912	7.917680	-8.415792	5.205592	8.158507
-8.975433	5.816066	8.107172	-9.598072	5.709642	7.732225
-8.975433	5.816066	8.107172	-8.415792	5.205592	8.158507
3.513006	8.943039	-8.462965	3.391538	8.119166	-8.489475
3.513006	8.943039	-8.462965	3.079123	9.402432	-8.084798
3.513006	8.943039	-8.462965	4.109292	9.210634	-8.858499
7.525882	-8.524409	8.472906	7.172947	-7.842308	8.322707
7.525882	-8.524409	8.472906	8.328169	-8.654923	8.411753
7.525882	-8.524409	8.472906	6.996011	-9.017503	8.683456
-2.527978	-8.389402	0.060301	-2.491154	-7.839937	-0.506212
-2.527978	-8.389402	0.060301	-2.427971	-9.104420	-0.275220
-0.805885	-8.691731	3.349755	-0.913545	-9.481626	3.296086
-0.805885	-8.691731	3.349755	-0.042077	-8.344575	3.304779
-0.805885	-8.691731	3.349755	-1.473971	-8.226048	3.453364
2.306084	-8.787496	2.396419	2.164569	-8.402772	1.715113
2.851150	-6.357141	5.013240	3.295906	-5.777416	5.428563
2.851150	-6.357141	5.013240	2.197673	-6.786055	5.158821
3.698860	-6.930971	3.917482	3.533503	-7.397162	3.280012
3.698860	-6.930971	3.917482	4.478230	-6.950191	4.100037
3.705928	8.866810	4.136647	4.343392	8.969124	4.676420
3.705928	8.866810	4.136647	3.219197	8.284046	4.304524
3.705928	8.866810	4.136647	3.711349	9.399760	3.528757
-5.718661	-1.286437	1.747972	-6.375846	-1.420712	1.349116
-5.718661	-1.286437	1.747972	-5.793280	-1.641888	2.442838
-5.718661	-1.286437	1.747972	-5.195092	-0.876112	1.392925
-3.619105	0.841547	4.238872	-4.134854	0.456572	3.743153
-3.619105	0.841547	4.238872	-2.872955	1.176284	4.129131
-3.619105	0.841547	4.238872	-3.805703	0.947960	5.023390
-6.522464	5.466270	4.993104	-6.458754	6.285784	4.807148
-6.522464	5.466270	4.993104	-6.153744	5.104967	5.641535
-6.522464	5.466270	4.993104	-6.962017	5.024162	4.505199
-1.057486	0.832441	3.632757	-0.559510	0.320393	4.052201
-1.057486	0.832441	3.632757	-0.804756	1.602224	3.541017
-1.057486	0.832441	3.632757	-1.808186	0.607664	3.356294
-2.047153	3.494605	4.978022	-1.405857	3.204562	4.455503
-2.047153	3.494605	4.978022	-2.331292	3.050991	5.626855
-2.047153	3.494605	4.978022	-2.397313	4.207002	4.825027
-5.066843	0.703234	6.741896	-4.650771	0.064024	6.463458
-5.066843	0.703234	6.741896	-5.885347	0.647974	6.562568
-5.066843	0.703234	6.741896	-4.727419	1.306194	7.160029
-1.437357	0.824123	-8.124800	-2.000992	1.231791	-7.733253
-1.437357	0.824123	-8.124800	-1.714397	0.596926	-8.831318
-2.367252	0.110277	7.250513	-2.526864	-0.311479	6.693908
-0.955829	-0.396251	8.557892	-0.134044	-0.406664	8.655260
-0.955829	-0.396251	8.557892	-1.539870	-0.198710	9.119899
-0.955829	-0.396251	8.557892	-1.267994	-0.597419	7.900225
5.190344	-6.001637	7.095541	5.137065	-6.075387	7.811808
5.190344	-6.001637	7.095541	5.007236	-6.343836	6.473959
5.190344	-6.001637	7.095541	5.589060	-5.350896	7.012411
6.813943	-5.503054	7.093840	7.333407	-4.908755	7.216840
6.813943	-5.503054	7.093840	6.196108	-5.603706	6.746817
6.813943	-5.503054	7.093840	6.945198	-6.174049	7.436830
-0.905684	-4.798519	7.039476	-0.952124	-4.014303	7.210598
-0.905684	-4.798519	7.039476	-0.318811	-5.236943	7.361378
-0.905684	-4.798519	7.039476	-1.427255	-5.098702	6.582858
4.367916	7.784530	8.365591	4.529059	7.065718	8.288072
4.367916	7.784530	8.365591	3.556209	7.953276	8.332064
6.863749	-7.544282	-6.928915	6.600308	-6.847122	-7.207361
6.863749	-7.544282	-6.928915	7.555561	-7.834969	-7.132370
6.863749	-7.544282	-6.928915	6.464026	-7.936207	-6.436351
7.659994	8.618349	-8.084099	7.369174	7.902770	-7.901397
7.659994	8.618349	-8.084099	7.352974	9.331997	-8.237263
7.659994	8.618349	-8.084099	8.456350	8.563830	-8.130200
-5.527599	-7.819217	3.992015	-6.089679	-7.573820	3.529211
-5.527599	-7.819217	3.992015	-4.895016	-7.365943	4.174776
-5.527599	-7.819217	3.992015	-5.574863	-8.558184	4.300826
-5.876644	-8.231423	2.629044	-6.603864	-8.429496	2.328907
-5.876644	-8.231423	2.629044	-5.210439	-8.696538	2.705934
-5.876644	-8.231423	2.629044	-6.011218	-7.499853	2.848610
-4.855470	-7.224859	4.970760	-4.628199	-7.775328	5.514825
-4.855470	-7.224859	4.970760	-5.003648	-6.547764	5.341085
-4.855470	-7.224859	4.970760	-4.895016	-7.365943	4.174776
-5.739315	-6.427471	6.601915	-5.654732	-6.450999	5.772495
-5.739315	-6.427471	6.601915	-6.109293	-7.061493	7.009568
-5.739315	-6.427471	6.601915	-5.494872	-5.818372	7.106545
-5.709976	6.593400	-7.024869	-5.147543	6.204822	-7.481765
-5.709976	6.593400	-7.024869	-5.446756	7.116226	-6.536199
-5.709976	6.593400	-7.024869	-6.434699	6.413861	-7.130572
2.204541	6.374254	4.459612	1.916756	6.670769	5.121596
2.204541	6.374254	4.459612	1.715340	6.220768	3.842462
2.204541	6.374254	4.459612	3.009663	6.292931	4.423902
1.347814	8.196977	6.797634	1.720820	7.735125	7.333679
1.347814	8.196977	6.797634	1.524544	8.906604	7.004306
1.347814	8.196977	6.797634	0.903046	7.876736	6.250325
3.810992	5.513259	5.729461	4.346488	5.155942	6.157057
3.810992	5.513259	5.729461	3.540341	5.188165	5.082953
3.810992	5.513259	5.729461	3.466229	6.223585	5.855140
-1.718057	-9.059481	5.169424	-1.878072	-9.836122	5.185901
-1.718057	-9.059481	5.169424	-1.989267	-8.478195	4.732069
-1.718057	-9.059481	5.169424	-1.191743	-8.887536	5.719200
-0.035912	-8.278502	5.737884	-0.419086	-8.951863	5.682362
-0.035912	-8.278502	5.737884	0.537330	-8.176801	5.235114
-3.583158	9.018109	-7.927859	-3.746599	9.737701	-8.357279
-3.583158	9.018109	-7.927859	-4.138248	8.438678	-8.059093
-3.557570	-6.503731	-5.800135	-4.118263	-6.199954	-5.345860
-3.557570	-6.503731	-5.800135	-3.480518	-6.387437	-6.611606
-3.557570	-6.503731	-5.800135	-2.984017	-6.971662	-5.473058
-3.127130	7.496277	-5.945187	-2.930122	8.202725	-5.604868
-3.127130	7.496277	-5.945187	-2.627992	6.900949	-6.178965
-3.127130	7.496277	-5.945187	-3.776027	7.436925	-6.109276
6.480050	8.862768	-1.077695	5.737589	8.581349	-1.027626
6.480050	8.862768	-1.077695	6.630619	9.454085	-0.573944
6.480050	8.862768	-1.077695	7.091134	8.608825	-1.532058
5.737589	8.581349	-1.027626	5.787696	7.782395	-0.852915
5.737589	8.581349	-1.027626	5.083411	9.006756	-1.115690
3.338264	6.223219	-0.580800	3.109177	6.943878	-0.832380
-6.070348	-6.917536	2.328736	-6.113817	-6.170448	2.584828
-6.070348	-6.917536	2.328736	-6.011218	-7.499853	2.848610
-6.070348	-6.917536	2.328736	-6.114771	-7.269891	1.612082
-6.599745	-6.968743	-0.593783	-6.503945	-6.842918	-1.408839
-6.599745	-6.968743	-0.593783	-7.285096	-6.620579	-0.248147
-6.599745	-6.968743	-0.593783	-6.062195	-7.393574	-0.175221
-4.670478	-5.208279	5.106613	-4.444126	-4.772288	5.706429
-4.670478	-5.208279	5.106613	-5.045256	-4.826752	4.589808
-2.204156	-2.883174	7.616046	-1.943582	-3.440819	8.023243
-2.204156	-2.883174	7.616046	-2.377751	-2.169507	7.897079
-2.204156	-2.883174	7.616046	-2.269685	-3.161147	6.872665
0.279623	-3.150845	3.181003	0.990611	-2.811816	3.335208
0.279623	-3.150845	3.181003	0.324945	-3.869704	3.126760
0.279623	-3.150845	3.181003	-0.451883	-2.689259	3.071516
-1.146739	-6.601753	8.365269	-1.130872	-5.795383	8.418417
-1.146739	-6.601753	8.365269	-0.596645	-7.140206	8.618699
-1.146739	-6.601753	8.365269	-1.856463	-6.873509	7.975124
1.174164	-3.948493	6.591794	1.634802	-3.785619	7.148363
1.174164	-3.948493	6.591794	1.246864	-4.693732	6.403479
1.174164	-3.948493	6.591794	0.661648	-3.465538	6.216074
-3.708108	-6.483533	6.787627	-4.223317	-6.233945	7.249052
-3.708108	-6.483533	6.787627	-3.104676	-6.128853	6.532385
-3.708108	-6.483533	6.787627	-3.883794	-7.250028	6.566015
-4.245469	-4.027736	-8.916971	-4.044106	-3.405684	-8.558916
-4.245469	-4.027736	-8.916971	-4.108753	-4.740420	-8.563491
-4.245469	-4.027736	-8.916971	-4.596386	-4.047101	-9.640456
-3.743156	8.938792	4.269012	-3.485161	8.205762	4.143231
-3.743156	8.938792	4.269012	-4.506864	8.900616	4.393302
-3.743156	8.938792	4.269012	-3.255469	9.571472	4.267877
-3.267518	8.113445	5.438303	-3.475588	7.714735	4.793770
-3.267518	8.113445	5.438303	-2.490723	8.056823	5.578639
-3.267518	8.113445	5.438303	-3.898698	8.496097	5.885078
-5.993684	-8.234417	-0.163182	-5.761754	-8.745173	-0.739998
-5.993684	-8.234417	-0.163182	-6.197994	-8.697797	0.550475
-5.993684	-8.234417	-0.163182	-6.062195	-7.393574	-0.175221
-6.840890	-8.514868	0.880087	-6.197994	-8.697797	0.550475
-6.840890	-8.514868	0.880087	-6.733353	-8.380106	1.589165
-6.840890	-8.514868	0.880087	-7.550584	-8.402767	0.580727
-8.056603	-8.864877	0.317863	-8.156249	-8.897375	-0.493051
-8.056603	-8.864877	0.317863	-7.550584	-8.402767	0.580727
-8.056603	-8.864877	0.317863	-8.471893	-9.292924	0.863844
7.335729	-8.789973	-2.664568	7.739417	-8.888157	-3.325533
7.335729	-8.789973	-2.664568	7.506520	-9.004439	-1.909080
7.335729	-8.789973	-2.664568	6.589199	-8.379183	-2.676119
-7.499397	-5.773654	-4.140425	-7.404754	-6.351564	-4.748223
-7.499397	-5.773654	-4.140425	-8.181948	-5.863581	-3.745769
-7.499397	-5.773654	-4.140425	-6.991879	-5.152882	-3.910063
-3.877613	1.727695	5.228270	-4.540710	2.027519	5.577285
-3.877613	1.727695	5.228270	-3.175406	2.058955	5.021053
-3.877613	1.727695	5.228270	-3.805703	0.947960	5.023390
-5.618224	3.728445	5.757516	-5.304076	3.319719	6.406344
-5.618224	3.728445	5.757516	-5.554706	4.560696	5.543105
-5.618224	3.728445	5.757516	-6.042022	3.250576	5.261979
-4.540710	2.027519	5.577285	-4.386943	2.326099	6.319596
-4.540710	2.027519	5.577285	-5.291274	2.005284	5.182742
-7.883757	5.321718	6.204767	-7.233904	5.177897	6.613097
-7.883757	5.321718	6.204767	-8.233486	6.069102	6.118571
-7.883757	5.321718	6.204767	-8.086338	4.620209	5.910520
8.770812	5.025007	2.291229	8.464448	5.774256	2.403079
8.770812	5.025007	2.291229	9.524100	4.990533	2.004923
-8.362256	-7.621517	2.383284	-8.091583	-7.125817	1.805475
-8.362256	-7.621517	2.383284	-8.954719	-8.194860	2.304543
-8.362256	-7.621517	2.383284	-8.094111	-7.617120	3.147587
-8.883100	6.880622	4.986962	-8.264039	7.027829	4.501990
-8.883100	6.880622	4.986962	-9.196770	6.231504	5.161074
8.092242	8.149977	3.666921	7.741537	8.835489	3.446585
8.092242	8.149977	3.666921	8.438370	7.723438	3.121594
5.029905	-6.400545	4.129440	5.832828	-6.496381	3.983100
5.029905	-6.400545	4.129440	4.754603	-5.718256	4.362584
5.029905	-6.400545	4.129440	4.478230	-6.950191	4.100037
6.948033	-7.234100	4.722284	6.503692	-6.595916	4.384509
6.948033	-7.234100	4.722284	7.062714	-7.855816	4.197730
6.948033	-7.234100	4.722284	7.307588	-7.287912	5.493606
6.638820	-7.989412	3.522498	5.895709	-7.740854	3.428207
6.638820	-7.989412	3.522498	6.981529	-8.415116	2.870202
6.638820	-7.989412	3.522498	7.062714	-7.855816	4.197730
6.630619	-8.705783	-0.573944	6.608338	-8.861919	0.197671
6.630619	-8.705783	-0.573944	6.799923	-8.002380	-0.938829
5.011219	-8.309914	0.025760	5.003313	-8.379612	-0.796944
5.011219	-8.309914	0.025760	5.636320	-7.919156	0.319573
5.011219	-8.309914	0.025760	4.482678	-8.615903	0.547997
5.694211	7.580786	-0.045166	5.787696	7.782395	-0.852915
5.694211	7.580786	-0.045166	6.399246	7.470512	0.406262
5.694211	7.580786	-0.045166	4.921002	7.512389	0.234852
4.657420	6.473424	2.097650	5.042443	5.821130	2.357436
4.657420	6.473424	2.097650	4.406992	7.064058	2.660998
4.657420	6.473424	2.097650	4.474685	6.594621	1.343388
-3.583895	7.774117	1.861044	-3.629426	7.040925	1.572441
-3.583895	7.774117	1.861044	-4.088781	8.153798	2.233233
-3.583895	7.774117	1.861044	-2.944524	8.262863	1.861982
-3.264461	5.714227	3.283786	-3.623827	5.947154	2.567486
-3.264461	5.714227	3.283786	-2.513964	5.442239	3.255472
-3.264461	5.714227	3.283786	-3.531845	5.686867	4.054675
-5.916377	5.058218	0.702463	-5.090468	5.002250	0.606072
-5.916377	5.058218	0.702463	-6.523779	5.232029	0.145464
-5.916377	5.058218	0.702463	-6.215235	4.970245	1.455746
1.440721	4.631933	5.306968	0.672840	4.642063	5.078110
1.440721	4.631933	5.306968	1.571754	5.040497	6.029260
1.440721	4.631933	5.306968	2.047815	4.255540	4.949776
0.165789	4.065862	5.166074	-0.145592	3.921297	5.922980
0.165789	4.065862	5.166074	0.672840	4.642063	5.078110
0.165789	4.065862	5.166074	-0.059837	3.641404	4.504614
-0.061233	1.986372	3.422086	0.206447	1.889344	2.686381
-0.061233	1.986372	3.422086	0.263513	2.369626	4.041979
-0.061233	1.986372	3.422086	-0.804756	1.602224	3.541017
-4.110198	-8.507419	9.076989	-3.744997	-8.812700	8.466212
-4.110198	-8.507419	9.076989	-3.746599	-8.422167	9.802589
-4.110198	-8.507419	9.076989	-4.905628	-8.275990	9.022946
-1.195578	-9.036658	7.069544	-0.549782	-9.371835	7.227096
-1.195578	-9.036658	7.069544	-1.760599	-9.170294	7.618343
-1.195578	-9.036658	7.069544	-1.423260	-8.608438	6.459053
-2.614844	-8.232249	6.228477	-3.082141	-8.689398	6.755487
-2.614844	-8.232249	6.228477	-2.881855	-8.041119	5.530311
-5.797734	8.688891	8.195533	-6.008270	9.016324	8.939118
-5.797734	8.688891	8.195533	-6.108070	8.958896	7.440779
-0.419086	-8.951863	5.682362	-0.157616	-9.721825	5.604873
-0.419086	-8.951863	5.682362	-1.191743	-8.887536	5.719200
0.315327	-7.873958	4.518583	0.537330	-8.176801	5.235114
-0.066250	8.992541	7.766398	-0.549782	8.788033	7.227096
-0.066250	8.992541	7.766398	0.421983	9.601493	7.659399
-0.066250	8.992541	7.766398	-0.235700	8.431778	8.268109
0.552632	8.325322	-8.499348	0.691877	8.544988	-7.763920
0.552632	8.325322	-8.499348	1.198801	8.443743	-9.029292
-0.748359	6.796714	8.976077	-0.604835	7.355211	9.547415
-0.748359	6.796714	8.976077	-1.224932	6.879850	8.264002
-0.748359	6.796714	8.976077	-0.336235	6.216531	9.236693
-6.282834	5.536772	-8.296599	-6.344115	5.333894	-7.450921
-6.282834	5.536772	-8.296599	-6.576994	5.095103	-8.834725
-6.282834	5.536772	-8.296599	-5.919664	6.275643	-8.510934
-3.774472	6.376588	-4.103912	-4.321412	6.985832	-4.160882
-3.774472	6.376588	-4.103912	-3.038922	6.314670	-4.549201
-4.208184	6.796401	-6.089242	-3.862249	6.029111	-6.232810
-4.208184	6.796401	-6.089242	-3.776027	7.436925	-6.109276
-4.208184	6.796401	-6.089242	-4.989575	6.805048	-5.951300
-3.880879	7.072423	-8.605437	-3.846915	7.856324	-8.601126
-3.880879	7.072423	-8.605437	-4.614174	6.770399	-8.719455
-3.880879	7.072423	-8.605437	-3.243734	6.558835	-8.529599
-1.756305	7.313309	-7.832349	-0.948254	7.203982	-7.895688
-1.756305	7.313309	-7.832349	-2.028322	8.004803	-8.150202
-1.756305	7.313309	-7.832349	-2.371181	6.944589	-7.511229
-5.326657	-7.866616	-5.536509	-4.745386	-8.375706	-5.842362
-5.326657	-7.866616	-5.536509	-5.797557	-7.557696	-6.041309
-5.326657	-7.866616	-5.536509	-5.409847	-7.689913	-4.791097
-5.902721	-6.756999	-6.130480	-5.517169	-6.430315	-6.752678
-5.902721	-6.756999	-6.130480	-6.354457	-6.214528	-5.682388
-5.902721	-6.756999	-6.130480	-5.797557	-7.557696	-6.041309
-7.211348	-6.283792	-5.552203	-7.404754	-6.351564	-4.748223
-7.211348	-6.283792	-5.552203	-6.354457	-6.214528	-5.682388
-7.211348	-6.283792	-5.552203	-7.775658	-6.314791	-6.209828
-3.759394	4.877432	-5.278091	-4.506499	4.894418	-4.948531
-3.759394	4.877432	-5.278091	-3.408631	4.128057	-5.224421
-4.624490	2.352366	-8.141301	-5.175819	2.807762	-8.439052
-4.624490	2.352366	-8.141301	-3.858638	2.039494	-8.426456
-4.624490	2.352366	-8.141301	-4.938333	2.227644	-7.382740
-3.132230	3.702708	-7.643894	-3.806965	3.789657	-7.181744
-3.132230	3.702708	-7.643894	-2.813031	4.440082	-7.670135
-3.132230	3.702708	-7.643894	-2.826275	2.999207	-8.014338
-5.363558	2.826485	1.748463	-5.049284	2.592307	1.010761
-5.363558	2.826485	1.748463	-5.325752	3.567118	2.070973
-5.363558	2.826485	1.748463	-5.731808	2.234353	2.211820
-2.386686	3.170617	6.367070	-2.708125	3.848121	6.509879
-2.386686	3.170617	6.367070	-2.215810	2.761319	7.013256
-2.386686	3.170617	6.367070	-2.331292	3.050991	5.626855
-6.017904	4.814229	3.548992	-6.105701	4.132547	3.110281
-6.017904	4.814229	3.548992	-6.759689	5.188315	3.748849
-6.017904	4.814229	3.548992	-5.369679	5.194078	3.827001
-5.106542	1.046707	0.161418	-4.490669	0.903127	-0.318838
-5.106542	1.046707	0.161418	-5.843675	1.037894	-0.093379
-5.106542	1.046707	0.161418	-4.951219	1.176970	0.958205
-4.364121	2.139867	3.353436	-3.583142	2.276179	3.292993
-4.364121	2.139867	3.353436	-4.820858	1.539381	3.151702
-4.364121	2.139867	3.353436	-4.751519	2.799840	3.638049
-3.583142	2.276179	3.292993	-3.061420	2.604893	3.780738
-3.583142	2.276179	3.292993	-3.186253	2.122903	2.619966
-3.629426	7.040925	1.572441	-3.277460	6.418410	1.958164
-3.629426	7.040925	1.572441	-4.017032	6.837509	0.868270
-5.649173	6.731214	1.635868	-5.973314	7.372165	1.969260
-5.649173	6.731214	1.635868	-5.697128	6.082240	2.056790
-5.649173	6.731214	1.635868	-5.305364	6.605825	0.901789
-4.223317	-6.233945	7.249052	-4.706490	-5.662598	7.124408
-4.223317	-6.233945	7.249052	-4.247504	-6.631181	7.874143
-6.645460	-6.362376	8.833855	-6.136936	-6.823747	9.286038
-6.645460	-6.362376	8.833855	-7.244529	-6.541639	8.366220
-6.645460	-6.362376	8.833855	-6.538236	-5.575474	8.845337
-4.287635	-2.636731	5.275039	-4.037583	-2.382896	5.948977
-4.287635	-2.636731	5.275039	-4.849123	-2.506057	4.723828
-4.287635	-2.636731	5.275039	-3.682216	-3.215693	5.124775
5.747134	0.738325	-7.134866	5.757756	0.147636	-6.629791
5.747134	0.738325	-7.134866	6.426486	0.736746	-7.561163
5.747134	0.738325	-7.134866	5.225528	1.345604	-7.365658
5.736200	2.527020	-7.004356	6.501954	2.325625	-6.954915
5.736200	2.527020	-7.004356	5.168956	1.975869	-6.910293
5.736200	2.527020	-7.004356	5.424469	3.230464	-7.171762
8.392241	2.704514	-6.269318	7.899611	2.463478	-5.697946
8.392241	2.704514	-6.269318	8.841139	2.195002	-6.715907
8.392241	2.704514	-6.269318	8.429010	3.478561	-6.375436
5.372763	-3.949552	-3.372833	6.164717	-3.789673	-3.468351
5.372763	-3.949552	-3.372833	4.836769	-4.509498	-3.574459
5.372763	-3.949552	-3.372833	5.032250	-3.377453	-2.955702
6.785150	-0.853338	-4.423904	6.299239	-1.339803	-3.958676
6.785150	-0.853338	-4.423904	6.700470	-0.628704	-5.221097
6.785150	-0.853338	-4.423904	7.476976	-0.534458	-4.060254
5.568688	-1.145433	-3.638268	6.299239	-1.339803	-3.958676
5.568688	-1.145433	-3.638268	5.607753	-1.045789	-2.850422
5.568688	-1.145433	-3.638268	4.863883	-1.057156	-3.881266
7.078688	1.277968	-6.165089	7.486354	1.077476	-6.803472
7.078688	1.277968	-6.165089	6.947145	0.786966	-5.522670
-8.648466	4.109269	-6.616788	-8.935665	4.783688	-6.943072
-8.648466	4.109269	-6.616788	-8.065925	3.651896	-6.710800
-8.648466	4.109269	-6.616788	-9.121441	3.806396	-6.046880
7.110978	2.564235	-5.769200	7.899611	2.463478	-5.697946
7.110978	2.564235	-5.769200	6.594286	3.080663	-5.381345
6.947986	-6.822758	-4.333380	6.665963	-6.145989	-3.968473
6.947986	-6.822758	-4.333380	7.691221	-7.060288	-4.176852
6.947986	-6.822758	-4.333380	6.477329	-7.161551	-4.806520
7.255616	-6.658084	-5.733828	6.878318	-7.349110	-5.418610
7.255616	-6.658084	-5.733828	6.826414	-6.158694	-6.116427
7.255616	-6.658084	-5.733828	8.044855	-6.452850	-5.658900
4.565104	-7.688845	-8.983081	5.266580	-7.564676	-9.286639
4.565104	-7.688845	-8.983081	4.389246	-7.195317	-8.368605
6.600308	-6.847122	-7.207361	6.945116	-6.194722	-6.926967
6.600308	-6.847122	-7.207361	6.004474	-6.835313	-7.734379
6.154000	-7.135992	-8.448941	5.806113	-7.808062	-8.758435
6.154000	-7.135992	-8.448941	6.647892	-6.833604	-8.969409
6.154000	-7.135992	-8.448941	6.004474	-6.835313	-7.734379
-8.142492	-8.862867	-4.946629	-7.816124	-8.222306	-5.350601
-8.142492	-8.862867	-4.946629	-7.670233	-9.380571	-4.688337
-8.142492	-8.862867	-4.946629	-8.890609	-8.809181	-4.875882
-5.792523	-6.676022	-3.369957	-6.290304	-7.219152	-3.793542
-5.792523	-6.676022	-3.369957	-5.796408	-5.853006	-3.604309
4.705098	-8.094077	-2.968559	4.487119	-7.536388	-2.521001
4.705098	-8.094077	-2.968559	4.337061	-8.752602	-3.135170
4.705098	-8.094077	-2.968559	5.465876	-8.000928	-3.332073
1.958618	-8.153825	-2.719147	2.177978	-7.441559	-3.072923
1.958618	-8.153825	-2.719147	1.149076	-8.155315	-2.590415
1.958618	-8.153825	-2.719147	2.532835	-8.767371	-2.536948
4.379422	8.755203	0.653939	4.360574	8.150760	0.171157
4.379422	8.755203	0.653939	4.277103	8.626486	1.457530
4.379422	8.755203	0.653939	4.482678	9.543965	0.547997
4.360574	8.150760	0.171157	3.755620	8.137599	-0.421715
4.360574	8.150760	0.171157	4.921002	7.512389	0.234852
5.787696	7.782395	-0.852915	5.934400	7.357407	-1.559939
5.586846	-6.718409	-3.382405	4.984478	-6.384479	-2.997827
5.586846	-6.718409	-3.382405	5.599416	-7.401676	-3.799692
5.586846	-6.718409	-3.382405	6.259775	-6.387468	-3.361081
3.829872	-5.055808	-2.777125	3.692585	-4.569588	-2.180313
3.829872	-5.055808	-2.777125	4.589902	-5.075608	-3.033116
3.829872	-5.055808	-2.777125	3.249627	-5.496545	-3.120378
1.526827	1.148763	-7.598000	2.135043	1.621594	-7.524257
1.526827	1.148763	-7.598000	0.964229	1.080118	-7.076372
1.526827	1.148763	-7.598000	1.443647	0.720090	-8.269363
1.112272	-0.555876	-7.949636	1.616112	-0.044417	-8.279343
1.112272	-0.555876	-7.949636	0.307396	-0.522681	-8.190287
1.112272	-0.555876	-7.949636	1.370422	-1.127398	-7.386768
2.892902	1.170217	-1.302207	2.662566	1.543226	-0.625426
2.892902	1.170217	-1.302207	3.615262	1.198775	-1.524696
3.300388	3.327185	-0.476592	3.120592	3.773168	-1.071428
3.300388	3.327185	-0.476592	3.522726	2.571521	-0.590668
5.879191	0.719030	-1.132582	6.209455	0.130414	-0.627512
5.879191	0.719030	-1.132582	6.069711	1.523279	-1.141711
6.091496	1.864870	3.207686	6.108638	1.537445	3.915829
6.091496	1.864870	3.207686	6.785012	1.761605	2.816160
6.091496	1.864870	3.207686	5.600933	2.250069	2.721906
7.305000	2.368739	2.733027	6.785012	1.761605	2.816160
7.305000	2.368739	2.733027	7.543470	2.424583	1.961310
7.739662	1.745501	0.883594	7.982861	1.865707	1.660422
7.739662	1.745501	0.883594	8.245940	1.697083	0.245356
7.739662	1.745501	0.883594	7.009816	1.682246	0.842160
5.729358	3.990771	0.824868	5.775177	4.632630	1.245932
5.729358	3.990771	0.824868	5.933871	4.029373	0.030319
5.729358	3.990771	0.824868	5.490573	3.339195	1.139216
3.706658	-0.370323	5.619557	3.604150	-0.329349	6.396047
3.706658	-0.370323	5.619557	2.946646	-0.330754	5.307160
3.706658	-0.370323	5.619557	4.383974	-0.477160	5.183391
4.860196	1.328446	5.614146	5.221527	0.622750	5.418542
4.860196	1.328446	5.614146	5.401296	1.886826	5.780368
4.860196	1.328446	5.614146	4.091278	1.603512	5.644247
5.221527	0.622750	5.418542	4.771658	0.160072	4.903489
5.221527	0.622750	5.418542	6.013512	0.446697	5.712390
-3.203287	-3.175126	4.505326	-2.410011	-3.177202	4.554648
-3.203287	-3.175126	4.505326	-3.512369	-3.118786	3.835555
-3.203287	-3.175126	4.505326	-3.682216	-3.215693	5.124775
-2.787115	-3.739608	6.759204	-2.686378	-4.504660	7.054031
-2.787115	-3.739608	6.759204	-3.407596	-3.500958	6.367222
-2.787115	-3.739608	6.759204	-2.269685	-3.161147	6.872665
-6.536445	-6.628243	-7.628351	-7.305692	-6.581083	-7.392616
-6.536445	-6.628243	-7.628351	-5.994083	-6.176888	-7.314545
-6.536445	-6.628243	-7.628351	-6.360508	-7.139374	-8.168083
7.476208	-6.741859	7.230389	8.252180	-6.772973	7.233647
7.476208	-6.741859	7.230389	7.133474	-7.421339	6.989054
7.476208	-6.741859	7.230389	6.945198	-6.174049	7.436830
-5.421495	-4.989304	8.752512	-4.994876	-5.490552	9.188738
-5.421495	-4.989304	8.752512	-5.325045	-4.192423	8.603788
-5.421495	-4.989304	8.752512	-5.981711	-5.319225	8.395041
-5.808617	-4.630869	4.746085	-6.101717	-3.932508	4.993956
-5.808617	-4.630869	4.746085	-5.045256	-4.826752	4.589808
-5.808617	-4.630869	4.746085	-6.434035	-5.074001	4.675977
-5.959659	-5.368269	7.585010	-6.465973	-4.887510	7.258187
-5.959659	-5.368269	7.585010	-5.981711	-5.319225	8.395041
-5.959659	-5.368269	7.585010	-5.494872	-5.818372	7.106545
-7.107027	-2.883290	6.009233	-6.523423	-3.397200	6.261840
-7.107027	-2.883290	6.009233	-7.838415	-3.302258	6.023443
-7.107027	-2.883290	6.009233	-7.085121	-2.119389	5.740389
1.498200	-1.217559	-4.286840	1.252716	-1.926405	-4.014543
1.498200	-1.217559	-4.286840	2.125324	-0.784088	-3.991834
1.498200	-1.217559	-4.286840	1.105627	-0.909793	-4.897415
-3.742453	-4.639367	-1.830296	-4.309566	-4.132381	-2.055033
-3.742453	-4.639367	-1.830296	-3.844017	-5.158069	-1.213861
-3.742453	-4.639367	-1.830296	-2.995596	-4.660348	-2.148279
-0.081444	-5.257514	1.625342	-0.145098	-5.719656	1.011470
-0.081444	-5.257514	1.625342	0.013576	-5.477653	2.348314
1.200049	-8.500744	-6.604976	1.569807	-8.632031	-7.234920
1.200049	-8.500744	-6.604976	1.371626	-8.512514	-5.817094
3.161888	8.364490	-6.179129	2.952092	8.245239	-6.867546
3.161888	8.364490	-6.179129	2.746419	8.649402	-5.601821
3.161888	8.364490	-6.179129	3.882087	8.185820	-6.038636
0.539016	6.643803	5.826479	0.989322	7.302830	5.702026
0.539016	6.643803	5.826479	0.846850	6.161039	6.364613
0.539016	6.643803	5.826479	-0.157673	6.392759	5.521098
-1.931943	6.531142	2.010139	-2.566575	6.333006	1.621550
-1.931943	6.531142	2.010139	-1.486148	6.181853	2.564558
-0.065768	5.753717	0.478504	-0.377197	6.455547	0.458003
-0.065768	5.753717	0.478504	-0.398481	5.224517	0.776462
-0.065768	5.753717	0.478504	0.629503	5.462386	0.148244
4.467818	8.692633	-1.509965	4.563708	8.387825	-2.265647
4.467818	8.692633	-1.509965	5.083411	9.006756	-1.115690
8.317828	-7.400660	2.271028	8.609489	-7.902812	2.712667
8.317828	-7.400660	2.271028	7.845678	-7.819054	1.784630
8.317828	-7.400660	2.271028	8.429198	-6.648199	2.233995
6.465832	-7.888802	1.801290	7.135826	-8.047743	2.157027
6.465832	-7.888802	1.801290	6.161143	-7.155008	1.766957
3.979483	7.474724	-6.042327	3.401396	7.001166	-5.722262
3.979483	7.474724	-6.042327	4.671205	7.220632	-6.400474
3.979483	7.474724	-6.042327	3.882087	8.185820	-6.038636
7.681428	7.512474	-0.987875	7.162987	7.803903	-1.493909
7.681428	7.512474	-0.987875	8.285564	8.020065	-0.738370
7.681428	7.512474	-0.987875	7.659467	6.758281	-0.654743
6.792721	7.348452	-2.791960	7.180107	6.607881	-2.947623
6.792721	7.348452	-2.791960	6.601328	7.858578	-3.437381
6.792721	7.348452	-2.791960	6.643158	7.496781	-1.976435
3.552150	8.227587	1.680630	4.277103	8.626486	1.457530
3.552150	8.227587	1.680630	2.806228	8.525016	1.631820
7.955854	-6.753767	5.533363	7.841913	-6.106040	5.058587
7.955854	-6.753767	5.533363	8.642260	-6.866949	5.994525
7.955854	-6.753767	5.533363	7.307588	-7.287912	5.493606
-0.232208	-2.948439	8.572243	-0.253001	-2.403726	9.150846
-0.232208	-2.948439	8.572243	0.306858	-2.859099	7.953074
-0.232208	-2.948439	8.572243	-0.656210	-3.638681	8.490898
3.041722	-7.425740	-5.801700	2.604455	-8.064391	-5.503447
3.041722	-7.425740	-5.801700	3.342847	-6.837391	-5.300078
3.041722	-7.425740	-5.801700	3.262967	-7.297483	-6.552077
1.526509	-6.098644	-8.325861	0.770925	-5.874921	-8.071045
1.526509	-6.098644	-8.325861	1.505361	-6.209983	-9.116324
1.526509	-6.098644	-8.325861	2.171964	-6.207638	-8.019156
-3.496412	-2.980508	-8.943263	-2.785983	-3.391512	-8.996489
-3.496412	-2.980508	-8.943263	-4.044106	-3.405684	-8.558916
-3.496412	-2.980508	-8.943263	-3.790338	-2.239167	-9.200514
0.770925	-5.874921	-8.071045	0.517607	-5.115696	-8.376186
0.770925	-5.874921	-8.071045	0.270862	-6.333551	-7.542783
0.591004	8.780256	1.193392	0.418870	8.629898	0.450841
0.591004	8.780256	1.193392	0.637158	8.218796	1.682311
-0.789904	9.028620	1.410954	-0.928955	8.761739	0.673678
-0.789904	9.028620	1.410954	-0.596922	9.829636	1.554600
-0.789904	9.028620	1.410954	-0.755329	8.477795	2.003022
-1.479399	8.341739	0.293190	-0.928955	8.761739	0.673678
-1.479399	8.341739	0.293190	-1.876210	8.627274	-0.314415
0.759262	-8.060008	-1.865449	1.149076	-8.155315	-2.590415
0.759262	-8.060008	-1.865449	0.680891	-8.515007	-1.243142
-3.424032	8.080327	-3.676988	-2.933904	8.116466	-3.038902
-3.424032	8.080327	-3.676988	-3.083366	8.541131	-4.191510
-0.928955	8.761739	0.673678	-0.282675	8.989536	0.263027
4.813439	2.991761	0.931415	4.086998	3.229576	1.063103
4.813439	2.991761	0.931415	4.927264	2.298189	0.517777
4.813439	2.991761	0.931415	5.490573	3.339195	1.139216
4.689529	4.526977	2.789170	4.946414	5.042147	2.192624
4.689529	4.526977	2.789170	3.884715	4.506134	2.996694
4.689529	4.526977	2.789170	5.258664	4.083487	3.202807
-8.486946	5.795464	0.901945	-8.532805	5.092612	1.203454
-8.486946	5.795464	0.901945	-9.108581	6.172084	0.557419
-8.486946	5.795464	0.901945	-7.768662	6.195545	0.926944
6.746307	5.902223	-4.768762	7.554169	5.877138	-4.786388
6.746307	5.902223	-4.768762	6.358002	6.311980	-5.253310
6.746307	5.902223	-4.768762	6.371955	5.472885	-4.225146
8.894395	-8.309613	-3.743171	9.439575	-8.501092	-3.175878
8.894395	-8.309613	-3.743171	9.134294	-8.229618	-4.454426
8.894395	-8.309613	-3.743171	8.124396	-8.205534	-3.528080
4.071600	5.644584	-6.436718	3.426517	5.993160	-6.153428
4.071600	5.644584	-6.436718	4.628495	5.634551	-5.839910
3.808244	-8.581975	-6.958443	3.844261	-7.809531	-6.816238
3.808244	-8.581975	-6.958443	3.200618	-8.879470	-7.382146
3.808244	-8.581975	-6.958443	4.427170	-9.050166	-6.657145
5.289523	-6.546011	-7.472808	4.729808	-7.133226	-7.576738
5.289523	-6.546011	-7.472808	5.057228	-5.864341	-7.122656
5.289523	-6.546011	-7.472808	6.004474	-6.835313	-7.734379
2.508163	-8.178769	-8.235763	2.619392	-7.457115	-8.611188
2.508163	-8.178769	-8.235763	3.079123	-8.757436	-8.084798
2.508163	-8.178769	-8.235763	1.774054	-8.380282	-7.982794
2.842312	-5.011544	-8.326492	2.471232	-5.575408	-7.873266
2.842312	-5.011544	-8.326492	3.586095	-5.328656	-8.442868
2.842312	-5.011544	-8.326492	2.515845	-4.307831	-8.572557
2.107094	8.267563	-5.246459	2.746419	8.649402	-5.601821
2.107094	8.267563	-5.246459	2.242470	7.864275	-4.593597
2.107094	8.267563	-5.246459	1.339602	8.265929	-5.486208
-7.816124	-8.222306	-5.350601	-7.406940	-8.208811	-6.028977
-7.816124	-8.222306	-5.350601	-8.025449	-7.597277	-4.888499
-4.664458	9.047741	-5.595659	-4.547499	8.549974	-6.221587
-4.664458	9.047741	-5.595659	-4.745386	9.784162	-5.842362
-4.664458	9.047741	-5.595659	-4.687214	9.086095	-4.783339
3.401396	7.001166	-5.722262	3.140893	6.918897	-4.946807
3.401396	7.001166	-5.722262	3.128243	6.606259	-6.338411
6.238213	4.705779	-4.438584	6.868220	4.257156	-4.708934
6.238213	4.705779	-4.438584	5.458073	4.482552	-4.367128
6.238213	4.705779	-4.438584	6.371955	5.472885	-4.225146
6.317280	5.613855	-6.458671	6.282402	4.797430	-6.498142
6.317280	5.613855	-6.458671	5.995641	5.973411	-5.884214
6.317280	5.613855	-6.458671	6.674383	6.083470	-7.006703
1.716982	1.627918	8.899380	2.270567	1.388709	8.422085
1.716982	1.627918	8.899380	1.178927	1.170008	9.224781
1.716982	1.627918	8.899380	1.603173	2.322950	9.117873
2.045149	2.642345	-8.390785	2.608825	3.112650	-8.597143
2.045149	2.642345	-8.390785	1.820841	2.377698	-7.685050
2.045149	2.642345	-8.390785	1.603173	2.322950	-9.041995
-0.791652	-0.501201	5.798310	-0.763172	-1.231652	5.892721
-0.791652	-0.501201	5.798310	-1.019227	-0.015837	5.278048
-0.791652	-0.501201	5.798310	-0.518899	-0.084035	6.403421
-1.027255	-2.739132	2.478425	-0.451883	-2.689259	3.071516
-1.027255	-2.739132	2.478425	-1.114936	-2.353474	1.808447
-1.027255	-2.739132	2.478425	-1.665095	-3.265252	2.527212
1.236090	1.708706	6.817240	1.810845	1.436797	7.180268
1.236090	1.708706	6.817240	1.259881	2.416895	6.371055
1.236090	1.708706	6.817240	0.595679	1.255413	6.880280
2.589655	1.485019	3.767651	2.367101	1.576376	2.993164
2.589655	1.485019	3.767651	2.702881	0.793485	4.126935
2.589655	1.485019	3.767651	2.748248	2.072060	4.181793
0.418347	-1.748458	5.658634	0.513697	-1.634973	6.478717
0.418347	-1.748458	5.658634	-0.355203	-1.771638	5.491682
0.418347	-1.748458	5.658634	0.868612	-1.865761	5.027870
4.296691	-2.727145	0.273521	4.114484	-2.806536	-0.564494
4.296691	-2.727145	0.273521	4.099332	-2.071895	0.640103
4.296691	-2.727145	0.273521	4.702076	-3.345744	0.690805
4.114484	-2.806536	-0.564494	4.655487	-2.728932	-1.122925
4.114484	-2.806536	-0.564494	3.377226	-2.983130	-0.892010
6.878318	-7.349110	-5.418610	6.942024	-8.033968	-5.763200
6.878318	-7.349110	-5.418610	6.477329	-7.161551	-4.806520
4.647908	-0.367961	-4.133909	4.863883	-1.057156	-3.881266
4.647908	-0.367961	-4.133909	4.529252	0.105825	-3.458590
4.647908	-0.367961	-4.133909	4.576784	-0.191493	-4.917955
5.309109	-4.285456	-6.036946	4.841135	-3.688376	-6.227861
5.309109	-4.285456	-6.036946	5.795732	-4.792289	-6.431921
5.309109	-4.285456	-6.036946	5.374239	-4.552318	-5.297731
6.298140	-2.304167	-2.920413	6.475257	-2.116467	-3.713733
6.298140	-2.304167	-2.920413	5.588255	-2.206778	-2.909866
2.939060	-0.546626	-6.347125	2.862053	-0.116770	-5.658371
2.939060	-0.546626	-6.347125	3.477318	-0.429582	-6.957033
2.939060	-0.546626	-6.347125	2.478284	-1.187380	-6.432606
0.164731	-2.476332	-3.621586	-0.425545	-2.006962	-3.967887
0.164731	-2.476332	-3.621586	0.034712	-3.282882	-3.487598
0.164731	-2.476332	-3.621586	0.881147	-2.138096	-3.420667
1.221295	-2.990424	-5.037302	1.089970	-2.579662	-5.638236
1.221295	-2.990424	-5.037302	1.247689	-3.766407	-4.876801
1.221295	-2.990424	-5.037302	1.455236	-2.490121	-4.453648
-1.210308	4.971822	6.073716	-1.945139	5.011114	6.470433
-1.210308	4.971822	6.073716	-1.054415	5.346087	5.359981
-1.210308	4.971822	6.073716	-0.559654	4.580901	6.286746
2.022119	4.000363	8.745301	1.491197	4.499371	8.731208
2.022119	4.000363	8.745301	2.577821	3.839866	9.251220
0.459782	0.704920	6.286935	0.501512	0.864474	5.550162
0.459782	0.704920	6.286935	0.595679	1.255413	6.880280
2.746569	0.879433	8.640836	2.384354	0.202995	8.780250
2.746569	0.879433	8.640836	2.270567	1.388709	8.422085
2.746569	0.879433	8.640836	3.474169	0.991060	8.693060
-1.980601	6.882658	6.134234	-1.177701	6.730690	6.276419
-1.980601	6.882658	6.134234	-2.316491	7.647379	6.238569
-1.945139	5.011114	6.470433	-2.468396	5.680687	6.454952
-1.945139	5.011114	6.470433	-2.190326	4.350141	6.878559
-2.296158	4.693488	8.932853	-2.835660	5.278875	9.070399
-2.296158	4.693488	8.932853	-2.450207	4.147739	8.291480
-2.296158	4.693488	8.932853	-1.627696	4.669184	9.447043
-1.414528	-5.465602	-2.038453	-2.094747	-5.308769	-1.617631
-1.414528	-5.465602	-2.038453	-1.433593	-5.150340	-2.748849
-1.414528	-5.465602	-2.038453	-0.706758	-5.858894	-1.935123
-1.981138	-3.948534	-1.321941	-2.347986	-3.356009	-0.943036
-1.981138	-3.948534	-1.321941	-2.357499	-4.544794	-1.687843
-1.981138	-3.948534	-1.321941	-1.200958	-3.889225	-1.274311
-2.094747	-5.308769	-1.617631	-2.357499	-4.544794	-1.687843
-2.094747	-5.308769	-1.617631	-2.606216	-5.690149	-1.125995
-1.533712	-2.294485	-8.507958	-1.750890	-1.652170	-9.017709
-1.533712	-2.294485	-8.507958	-2.077257	-2.764485	-8.076456
-1.533712	-2.294485	-8.507958	-0.764192	-2.465792	-8.423986
-0.670035	-4.015955	-6.098788	-1.230201	-4.400926	-6.397679
-0.670035	-4.015955	-6.098788	-0.415756	-4.408830	-5.468016
-0.670035	-4.015955	-6.098788	-0.655544	-3.406401	-6.601416
-6.488672	1.048238	-7.884547	-6.236352	1.790035	-7.937458
-6.488672	1.048238	-7.884547	-7.231768	0.803280	-8.133272
-6.488672	1.048238	-7.884547	-5.977147	0.538928	-7.552544
-6.619247	3.600853	-6.737269	-7.368056	3.745353	-6.443402
-6.619247	3.600853	-6.737269	-6.270755	3.989814	-7.306123
-8.034369	3.632466	-8.478575	-8.473519	3.154940	-7.940667
-8.034369	3.632466	-8.478575	-8.421514	4.325914	-8.822153
-8.034369	3.632466	-8.478575	-7.278407	3.404380	-8.649519
7.869984	2.730157	6.505848	7.133955	2.751294	6.305426
7.869984	2.730157	6.505848	8.138276	2.151075	6.970976
7.869984	2.730157	6.505848	8.328746	3.229955	6.214860
-7.800048	2.603597	8.102105	-7.593547	2.331691	8.800841
-7.800048	2.603597	8.102105	-8.489772	2.778068	7.764444
-7.800048	2.603597	8.102105	-7.265412	2.718057	7.546007
-6.349873	2.339249	-8.590680	-6.236352	1.790035	-7.937458
-6.349873	2.339249	-8.590680	-7.074098	2.674953	-8.867456
-6.349873	2.339249	-8.590680	-5.642697	2.559967	-8.953180
6.508802	-3.627977	8.250438	7.216642	-3.944316	8.191283
6.508802	-3.627977	8.250438	5.978142	-4.024313	8.698267
8.063348	-3.995564	-8.523384	7.976688	-3.426245	-9.011686
8.063348	-3.995564	-8.523384	7.481386	-3.964223	-7.998539
8.063348	-3.995564	-8.523384	8.553018	-4.528874	-8.420705
4.040439	-1.846814	-5.685821	4.570023	-2.491901	-5.486034
4.040439	-1.846814	-5.685821	4.086161	-1.091802	-5.903753
4.040439	-1.846814	-5.685821	3.275442	-2.078831	-5.599945
6.414551	-1.159054	-7.057687	6.517935	-1.528953	-6.390499
6.414551	-1.159054	-7.057687	5.822118	-0.579477	-7.069226
6.414551	-1.159054	-7.057687	6.887465	-1.364690	-7.752968
-8.847292	-7.624380	-4.899284	-9.463254	-7.288059	-5.204336
-8.847292	-7.624380	-4.899284	-9.025574	-8.229618	-4.454426
-8.847292	-7.624380	-4.899284	-8.025449	-7.597277	-4.888499
-7.803459	-3.563266	-3.189917	-8.109816	-3.899035	-2.482060
-7.803459	-3.563266	-3.189917	-7.462565	-2.850479	-3.380711
-7.803459	-3.563266	-3.189917	-7.816489	-3.957631	-3.887067
8.302252	-3.825616	-5.486204	8.287865	-3.169189	-5.115765
8.302252	-3.825616	-5.486204	8.790989	-3.879031	-6.109477
8.302252	-3.825616	-5.486204	7.832625	-4.319762	-5.199696
-3.104676	-6.128853	6.532385	-2.410567	-6.017837	6.862792
-5.842521	-5.391825	-7.512794	-6.420031	-4.878688	-7.500594
-5.842521	-5.391825	-7.512794	-5.060046	-5.322663	-7.688136
-5.842521	-5.391825	-7.512794	-5.994083	-6.176888	-7.314545
8.410058	-6.809583	8.552190	7.965448	-7.220325	9.095065
8.410058	-6.809583	8.552190	8.622668	-6.064083	8.747517
8.410058	-6.809583	8.552190	8.580156	-7.169824	7.844207
-7.399878	-4.540283	8.859760	-8.178829	-4.622363	8.746996
-7.399878	-4.540283	8.859760	-7.082444	-3.889365	8.546209
-7.399878	-4.540283	8.859760	-6.975902	-5.057688	9.285919
-6.324890	-4.088379	7.353305	-6.465973	-4.887510	7.258187
-6.324890	-4.088379	7.353305	-6.475454	-3.871179	8.052593
-6.324890	-4.088379	7.353305	-6.014551	-3.730251	6.684197
-5.126919	-8.909220	-8.005060	-5.148831	-8.339235	-7.466275
-5.126919	-8.909220	-8.005060	-5.381447	-8.802378	-8.772189
-5.126919	-8.909220	-8.005060	-4.782851	-9.517798	-7.636873
-5.895659	-8.108906	-7.263466	-5.148831	-8.339235	-7.466275
-5.895659	-8.108906	-7.263466	-6.447999	-7.851856	-7.848468
-5.895659	-8.108906	-7.263466	-6.150027	-8.106658	-6.477775
-4.547499	8.549974	-6.221587	-3.832066	8.187740	-6.299445
-4.547499	8.549974	-6.221587	-5.039553	8.338017	-6.877459
0.191728	4.436234	-0.722841	0.553722	4.680844	-0.063585
0.191728	4.436234	-0.722841	0.491571	4.490550	-1.499143
0.191728	4.436234	-0.722841	-0.531131	4.105942	-0.538330
-0.727010	5.372849	-2.419009	0.045210	5.386487	-2.419200
-0.727010	5.372849	-2.419009	-1.197082	5.777149	-2.000234
-0.727010	5.372849	-2.419009	-1.138218	4.921221	-2.973849
-5.730781	-0.235331	-3.836030	-5.260623	0.237427	-3.455887
-5.730781	-0.235331	-3.836030	-5.646681	-0.311251	-4.629101
-5.730781	-0.235331	-3.836030	-6.316179	-0.667628	-3.564983
-3.255076	1.026909	-2.786643	-3.733393	0.995941	-2.169424
-3.255076	1.026909	-2.786643	-2.454391	0.975655	-2.961736
-3.255076	1.026909	-2.786643	-3.749655	1.091924	-3.420117
-1.187634	2.173084	-2.009354	-1.646302	2.487506	-2.602886
-1.187634	2.173084	-2.009354	-0.494893	2.521406	-1.739587
-1.187634	2.173084	-2.009354	-1.435894	1.431124	-1.681072
-1.628446	4.997790	0.885272	-2.255062	5.383249	0.682604
-1.628446	4.997790	0.885272	-1.022505	4.956092	0.382883
-1.628446	4.997790	0.885272	-1.477093	4.557827	1.581391
-2.128815	3.678534	0.876094	-2.789001	4.154382	0.566731
-2.128815	3.678534	0.876094	-2.021866	4.046981	1.582220
-2.128815	3.678534	0.876094	-1.718729	3.068595	0.551680
-6.579460	-0.564230	7.422815	-5.967814	-0.945527	7.042912
-6.579460	-0.564230	7.422815	-7.169315	-1.084543	7.478777
-6.579460	-0.564230	7.422815	-6.544559	0.159701	7.644739
8.782259	-2.040162	8.889338	9.315072	-2.171470	8.379892
8.782259	-2.040162	8.889338	8.676867	-2.349080	9.557084
8.782259	-2.040162	8.889338	8.234215	-1.516400	8.670757
-6.717220	2.151559	7.321697	-5.982244	2.408574	7.408998
-6.717220	2.151559	7.321697	-6.982304	1.427841	7.083768
-6.717220	2.151559	7.321697	-7.265412	2.718057	7.546007
-4.551866	-1.875620	-4.516127	-3.791626	-1.769232	-4.706288
-4.551866	-1.875620	-4.516127	-4.793761	-2.396477	-3.953798
-4.551866	-1.875620	-4.516127	-5.120865	-1.444884	-4.903522
-5.371843	-3.500907	-4.712493	-6.159562	-3.464011	-4.626168
-5.371843	-3.500907	-4.712493	-5.126781	-3.799978	-5.391739
-5.371843	-3.500907	-4.712493	-4.825603	-3.218830	-4.138339
-5.175819	2.807762	-8.439052	-5.353704	3.567504	-8.245569
-5.175819	2.807762	-8.439052	-5.642697	2.559967	-8.953180
-5.000690	-0.052982	-8.434131	-5.198787	0.331341	-7.784118
-5.000690	-0.052982	-8.434131	-4.251789	-0.344387	-8.690793
-5.000690	-0.052982	-8.434131	-5.517442	-0.243649	-8.999490
-2.461128	-0.872396	-8.070115	-1.938563	-0.903062	-8.696499
-2.461128	-0.872396	-8.070115	-2.137952	-0.543381	-7.415094
-2.461128	-0.872396	-8.070115	-3.217631	-1.122976	-7.986463
-4.847724	-1.804859	-8.388438	-4.115982	-1.663716	-8.688811
-4.847724	-1.804859	-8.388438	-4.895192	-2.030740	-7.651180
-4.847724	-1.804859	-8.388438	-5.307796	-1.665257	-8.960893
2.692897	-7.311504	8.199491	2.991714	-6.846026	7.634478
2.692897	-7.311504	8.199491	2.233012	-7.239516	8.824932
2.471232	-5.575408	-7.873266	2.171964	-6.207638	-8.019156
2.471232	-5.575408	-7.873266	2.447280	-5.497111	-7.136022
-8.831496	-2.280330	-4.977633	-9.246005	-2.941542	-4.801370
-8.831496	-2.280330	-4.977633	-8.531414	-2.271460	-5.696711
-8.831496	-2.280330	-4.977633	-8.820656	-1.768043	-4.342280
7.148576	-4.492303	-2.958613	7.618159	-4.513094	-3.509066
7.148576	-4.492303	-2.958613	6.966209	-4.997903	-2.400558
7.148576	-4.492303	-2.958613	6.704846	-3.856074	-2.861890
5.642570	-8.980431	-6.333886	5.738912	-8.242490	-6.383672
5.642570	-8.980431	-6.333886	6.007023	-9.342442	-5.688179
5.642570	-8.980431	-6.333886	5.177666	-9.224502	-6.902928
4.562609	-7.566488	-6.951943	5.006445	-7.879402	-6.337649
4.562609	-7.566488	-6.951943	4.729808	-7.133226	-7.576738
4.562609	-7.566488	-6.951943	3.844261	-7.809531	-6.816238
-5.220637	-3.913475	6.714958	-6.014551	-3.730251	6.684197
-5.220637	-3.913475	6.714958	-4.694934	-3.520004	7.208387
-4.037583	-2.382896	5.948977	-3.754115	-1.719361	6.133550
-4.037583	-2.382896	5.948977	-3.978543	-2.910814	6.549997
-3.843300	-7.820696	-0.756096	-4.319281	-8.496379	-0.618279
-3.843300	-7.820696	-0.756096	-4.011510	-7.073453	-0.694165
-3.843300	-7.820696	-0.756096	-3.094964	-8.000723	-0.950477
-6.948187	-5.173967	0.973051	-6.916950	-5.313949	0.236295
-4.451970	-1.848778	-2.701249	-4.002978	-1.162882	-2.811691
-4.451970	-1.848778	-2.701249	-4.998137	-2.094686	-3.249794
-4.451970	-1.848778	-2.701249	-4.295296	-2.217573	-2.023263
-3.005862	-3.530128	-3.323377	-3.545453	-3.715841	-3.874762
-3.005862	-3.530128	-3.323377	-2.871259	-2.849619	-2.922327
-3.005862	-3.530128	-3.323377	-2.532797	-4.147483	-3.191066
-0.377197	6.455547	0.458003	-0.620807	6.969667	1.060481
-0.377197	6.455547	0.458003	-0.407275	6.588399	-0.309472
-4.070007	7.776932	-0.217918	-3.768879	7.139399	0.174887
-4.070007	7.776932	-0.217918	-4.769360	7.643872	-0.632653
-4.070007	7.776932	-0.217918	-3.768615	8.536908	-0.273053
-1.049539	6.425095	-0.746549	-0.407275	6.588399	-0.309472
-1.049539	6.425095	-0.746549	-1.507172	6.993972	-0.660981
-1.049539	6.425095	-0.746549	-1.255083	5.759106	-1.225579
-1.686630	7.549314	-1.166645	-1.507172	6.993972	-0.660981
-1.686630	7.549314	-1.166645	-2.041300	7.310325	-1.831954
-1.686630	7.549314	-1.166645	-1.525178	8.322978	-0.996988
-0.479895	7.436547	-3.077967	0.077480	7.056408	-3.473907
-0.479895	7.436547	-3.077967	-0.131667	8.077105	-2.703245
-0.479895	7.436547	-3.077967	-1.239215	7.329002	-2.992690
4.615499	-5.618698	8.111631	5.137065	-6.075387	7.811808
4.615499	-5.618698	8.111631	5.015106	-4.897095	8.013022
4.615499	-5.618698	8.111631	3.906740	-5.900851	8.404984
4.343392	8.969124	4.676420	4.879609	8.431783	4.480757
4.343392	8.969124	4.676420	4.237097	9.550395	5.180868
0.335464	-6.049462	6.471621	0.041071	-5.946911	5.749279
0.335464	-6.049462	6.471621	0.733733	-6.758276	6.740932
3.295906	-5.777416	5.428563	2.948694	-5.089107	5.675539
3.295906	-5.777416	5.428563	4.081403	-5.950879	5.536135
6.225861	7.064708	-5.246605	6.803641	7.575313	-5.296473
6.225861	7.064708	-5.246605	5.439265	7.136139	-5.181058
6.225861	7.064708	-5.246605	6.358002	6.311980	-5.253310
7.369174	7.902770	-7.901397	7.601561	7.329599	-8.504584
7.369174	7.902770	-7.901397	6.943151	7.617465	-7.290095
5.738912	-8.242490	-6.383672	5.006445	-7.879402	-6.337649
5.738912	-8.242490	-6.383672	6.464026	-7.936207	-6.436351
9.038545	3.957279	8.201189	9.494674	4.484656	8.552101
9.038545	3.957279	8.201189	9.352290	3.518903	7.589024
9.038545	3.957279	8.201189	8.259772	3.765896	8.385227
-8.473519	3.154940	-7.940667	-8.340006	3.039835	-7.128973
-8.473519	3.154940	-7.940667	-9.094869	2.745289	-8.261950
-9.061988	5.379221	-6.444687	-8.935665	4.783688	-6.943072
-9.061988	5.379221	-6.444687	-8.416930	5.580291	-6.079568
-9.061988	5.379221	-6.444687	-9.820460	5.684284	-6.335807
5.040776	6.731104	-3.233023	4.737311	7.124231	-3.915360
5.040776	6.731104	-3.233023	5.367913	5.985838	-3.282185
7.180107	6.607881	-2.947623	7.943922	6.393109	-3.138594
7.180107	6.607881	-2.947623	6.709150	5.952388	-2.919131
4.737311	7.124231	-3.915360	5.203473	7.437200	-4.493665
7.352974	-8.827871	-8.237263	7.668884	-8.089219	-7.905296
8.760627	8.568372	-7.379680	8.456350	8.563830	-8.130200
8.760627	8.568372	-7.379680	8.858152	9.285814	-7.006138
8.760627	8.568372	-7.379680	8.943768	7.904307	-7.050898
4.373224	2.925946	8.019613	3.725978	2.645680	8.336972
4.373224	2.925946	8.019613	4.487588	2.728179	7.235682
4.373224	2.925946	8.019613	4.770050	3.325927	8.572313
3.725978	2.645680	8.336972	3.094863	2.821030	7.826135
3.725978	2.645680	8.336972	3.626706	2.263623	9.066593
8.013615	4.953379	6.706524	8.316106	4.486998	6.169172
8.013615	4.953379	6.706524	8.407719	5.615735	6.952989
8.013615	4.953379	6.706524	7.317290	4.924784	7.105417
5.488252	3.628310	5.135145	4.925763	3.778231	4.604466
5.488252	3.628310	5.135145	5.504473	4.137929	5.752680
5.488252	3.628310	5.135145	5.963089	3.036531	5.077979
7.118279	6.248035	7.354328	6.843670	5.558498	6.991837
7.118279	6.248035	7.354328	7.326170	6.217434	8.067243
7.118279	6.248035	7.354328	7.171431	6.935890	6.950475
6.108638	1.537445	3.915829	6.063653	0.723329	3.900096
6.108638	1.537445	3.915829	6.176716	1.769842	4.632734
4.094873	2.412851	-1.088873	3.522726	2.571521	-0.590668
4.288608	1.026197	0.662639	4.775696	1.612390	0.961121
4.288608	1.026197	0.662639	4.701016	0.412901	0.266407
4.288608	1.026197	0.662639	3.510552	1.176479	0.821869
3.873942	2.113994	5.001020	3.569825	1.936188	4.280960
3.873942	2.113994	5.001020	4.091278	1.603512	5.644247
3.873942	2.113994	5.001020	3.962785	2.865994	5.172193
3.439804	5.742828	1.736377	3.730898	6.458052	1.479279
3.439804	5.742828	1.736377	3.159597	5.617206	2.525028
5.775177	4.632630	1.245932	6.403824	5.069947	1.477795
5.775177	4.632630	1.245932	5.140367	4.900326	1.454352
4.487119	-7.536388	-2.521001	4.431513	-6.892787	-2.947980
8.872095	-4.385342	-2.933468	9.229266	-3.916947	-2.402159
8.872095	-4.385342	-2.933468	8.301254	-4.066572	-3.424735
1.532025	-6.578882	6.772693	2.183952	-6.984209	6.459371
1.532025	-6.578882	6.772693	0.733733	-6.758276	6.740932
1.532025	-6.578882	6.772693	1.554035	-5.884159	7.180544
4.695560	-5.620261	5.108648	4.081403	-5.950879	5.536135
4.695560	-5.620261	5.108648	4.754603	-5.718256	4.362584
4.695560	-5.620261	5.108648	5.290967	-5.179709	5.411162
4.524674	-5.080529	3.913905	5.090535	-4.545076	3.862086
4.524674	-5.080529	3.913905	3.797791	-4.967714	3.580391
4.524674	-5.080529	3.913905	4.754603	-5.718256	4.362584
2.131153	7.303290	-1.730820	1.899784	8.050192	-1.987896
2.131153	7.303290	-1.730820	2.829975	7.051376	-1.555433
2.131153	7.303290	-1.730820	1.536242	6.808083	-1.703146
3.655772	7.341157	-2.613916	3.250606	6.890385	-2.163266
3.655772	7.341157	-2.613916	4.396329	7.617425	-2.447952
3.655772	7.341157	-2.613916	3.447950	7.596833	-3.338435
1.899784	8.050192	-1.987896	1.521650	7.984053	-2.698377
1.899784	8.050192	-1.987896	2.057993	8.678835	-1.516879
0.574431	5.184539	-1.876019	0.045210	5.386487	-2.419200
0.574431	5.184539	-1.876019	1.230831	5.638912	-1.659187
0.574431	5.184539	-1.876019	0.491571	4.490550	-1.499143
0.911898	6.388219	-0.557557	0.297874	6.884010	-0.506512
0.911898	6.388219	-0.557557	1.198479	5.952676	0.048146
0.911898	6.388219	-0.557557	1.219344	6.317223	-1.271308
2.692713	-6.451605	-1.057459	3.034519	-6.816737	-1.681861
2.692713	-6.451605	-1.057459	2.870416	-5.802983	-0.678833
2.692713	-6.451605	-1.057459	2.065523	-6.851444	-0.785651
4.984478	-6.384479	-2.997827	4.431513	-6.892787	-2.947980
4.984478	-6.384479	-2.997827	5.063366	-5.641132	-2.751723
-5.606487	3.294634	-5.896150	-5.838521	3.938196	-5.548539
-5.606487	3.294634	-5.896150	-4.924670	3.024441	-5.712983
-7.415656	0.301743	-2.327467	-7.558141	-0.382209	-1.864613
-7.415656	0.301743	-2.327467	-6.974531	0.808972	-1.960867
-7.415656	0.301743	-2.327467	-7.736672	0.354930	-3.047794
-5.970504	-1.013654	-1.677102	-5.833344	-1.531147	-1.106906
-5.970504	-1.013654	-1.677102	-6.437217	-1.130843	-2.261487
-9.024708	3.150414	-4.711470	-9.645456	2.594168	-4.565054
-9.024708	3.150414	-4.711470	-9.109028	3.786136	-5.223164
-9.024708	3.150414	-4.711470	-8.288121	3.122347	-4.348618
-4.435907	2.758048	-2.301940	-3.986409	2.541921	-3.006925
-4.435907	2.758048	-2.301940	-4.085728	3.089742	-1.608488
-4.435907	2.758048	-2.301940	-5.202983	2.698074	-2.280721
-4.506499	4.894418	-4.948531	-4.454088	4.682009	-4.220460
6.466450	1.786924	-1.819229	6.064314	2.015221	-2.497396
6.466450	1.786924	-1.819229	7.314297	1.844710	-1.812787
6.466450	1.786924	-1.819229	6.069711	1.523279	-1.141711
8.227644	-1.561116	-2.732603	8.314685	-1.886554	-3.466780
8.227644	-1.561116	-2.732603	8.868369	-1.351276	-2.372133
8.227644	-1.561116	-2.732603	7.578908	-1.438124	-2.332491
-6.069214	2.260511	-0.478888	-5.766194	2.956214	-0.197989
-6.069214	2.260511	-0.478888	-6.322459	1.647953	0.004921
-6.069214	2.260511	-0.478888	-6.107381	2.175542	-1.305954
-7.281295	1.448974	-1.624477	-8.014197	1.356343	-1.244662
-7.281295	1.448974	-1.624477	-6.845546	2.112881	-1.677667
-7.281295	1.448974	-1.624477	-6.974531	0.808972	-1.960867
-6.420775	0.658096	2.351003	-6.545329	0.329466	3.157380
-6.420775	0.658096	2.351003	-5.642448	0.873323	2.098494
-6.420775	0.658096	2.351003	-7.008762	0.825603	1.777612
-6.545329	0.329466	3.157380	-6.237940	0.865916	3.600884
-6.545329	0.329466	3.157380	-6.904520	-0.375343	3.509748
-3.061420	2.604893	3.780738	-2.979824	3.363237	3.468083
-3.061420	2.604893	3.780738	-3.006006	1.979160	4.222191
-5.708929	-2.839737	-1.178200	-6.183062	-3.093642	-1.781183
-5.708929	-2.839737	-1.178200	-5.555021	-3.180319	-0.526837
-5.708929	-2.839737	-1.178200	-5.364539	-2.136492	-1.216520
-1.980034	0.427294	-2.594820	-1.381261	0.759308	-2.176247
-1.980034	0.427294	-2.594820	-2.454391	0.975655	-2.961736
-1.980034	0.427294	-2.594820	-2.060148	-0.366069	-2.682822
-5.833344	-1.531147	-1.106906	-6.166469	-1.391259	-0.414987
-5.833344	-1.531147	-1.106906	-5.364539	-2.136492	-1.216520
-2.989438	-1.630266	-3.547342	-3.274466	-1.361846	-4.203781
-2.989438	-1.630266	-3.547342	-2.552322	-2.257028	-3.420689
-2.989438	-1.630266	-3.547342	-3.201201	-1.191473	-2.957798
-2.668894	-0.770651	-2.488310	-2.060148	-0.366069	-2.682822
-2.668894	-0.770651	-2.488310	-3.201201	-1.191473	-2.957798
-0.445288	-1.753190	-6.823736	-0.822274	-1.045566	-6.921818
-0.445288	-1.753190	-6.823736	-0.003271	-2.248814	-7.278837
-0.445288	-1.753190	-6.823736	-0.511866	-2.112009	-6.100080
-3.099801	-0.641355	-4.462028	-3.274466	-1.361846	-4.203781
-3.099801	-0.641355	-4.462028	-2.467275	-0.392292	-4.789275
-1.144734	-0.355715	-4.270180	-1.829083	-0.065150	-4.585908
-1.144734	-0.355715	-4.270180	-1.046395	-0.234778	-3.523038
-1.144734	-0.355715	-4.270180	-0.546611	-0.742970	-4.629762
2.409572	-3.766664	7.038038	1.634802	-3.785619	7.148363
2.409572	-3.766664	7.038038	2.884055	-4.459408	6.969436
2.409572	-3.766664	7.038038	2.901339	-3.171763	7.010580
1.697881	-1.027041	-6.672723	1.176815	-0.756356	-6.202878
1.697881	-1.027041	-6.672723	2.478284	-1.187380	-6.432606
1.697881	-1.027041	-6.672723	1.370422	-1.127398	-7.386768
1.050609	-5.325157	6.845290	1.246864	-4.693732	6.403479
1.050609	-5.325157	6.845290	1.554035	-5.884159	7.180544
1.214477	-2.595182	5.142151	0.868612	-1.865761	5.027870
-3.079412	-6.834308	4.286122	-2.426953	-6.371592	4.187863
-3.079412	-6.834308	4.286122	-3.344497	-6.839024	4.993560
-3.079412	-6.834308	4.286122	-3.527604	-7.297443	3.866661
-1.339939	-6.409831	3.313148	-1.742940	-6.672742	3.965582
-1.339939	-6.409831	3.313148	-0.633125	-6.074690	3.294176
-1.339939	-6.409831	3.313148	-1.749874	-6.551102	2.665027
-4.693492	5.071928	7.792729	-5.461003	4.979667	7.672290
-4.693492	5.071928	7.792729	-4.431857	5.474396	8.390909
-4.693492	5.071928	7.792729	-4.105540	4.763106	7.325979
-4.388883	2.934627	-6.294484	-3.831278	3.478584	-6.424498
-4.388883	2.934627	-6.294484	-4.409000	2.291576	-6.792649
-4.388883	2.934627	-6.294484	-4.924670	3.024441	-5.712983
-3.475588	7.714735	4.793770	-3.485161	8.205762	4.143231
-3.475588	7.714735	4.793770	-3.663650	6.917084	4.834130
-3.272986	7.920569	3.452599	-3.485161	8.205762	4.143231
-3.272986	7.920569	3.452599	-4.034054	7.866268	3.002336
-3.278245	6.262808	4.638186	-3.663650	6.917084	4.834130
-3.278245	6.262808	4.638186	-2.575642	6.186853	5.053679
-3.278245	6.262808	4.638186	-3.531845	5.686867	4.054675
-6.344115	5.333894	-7.450921	-6.014257	4.690790	-7.136286
-6.344115	5.333894	-7.450921	-6.698195	5.784781	-6.921505
-6.972384	8.137766	-7.147041	-7.346154	7.435827	-7.171424
-6.972384	8.137766	-7.147041	-6.391509	8.241993	-6.644156
-6.972384	8.137766	-7.147041	-7.220207	8.700516	-7.647922
-2.558625	-2.747187	-1.461749	-2.347986	-3.356009	-0.943036
-2.558625	-2.747187	-1.461749	-2.191609	-1.993141	-1.264340
-2.558625	-2.747187	-1.461749	-3.054745	-2.814615	-2.105787
-3.348014	-1.377035	-0.773974	-2.722358	-1.389232	-1.264665
-3.348014	-1.377035	-0.773974	-3.216038	-1.207527	-0.019321
-3.348014	-1.377035	-0.773974	-4.097694	-1.488701	-1.039792
8.239093	3.050322	8.763566	8.076425	2.358685	8.334987
8.239093	3.050322	8.763566	8.395021	3.041958	9.576244
8.239093	3.050322	8.763566	8.259772	3.765896	8.385227
5.305815	1.055558	7.988869	4.683470	1.281117	7.459435
5.305815	1.055558	7.988869	5.756304	0.447870	7.763228
5.305815	1.055558	7.988869	5.565252	1.356291	8.740746
6.211657	0.502394	7.099095	6.238682	0.129570	6.408848
6.211657	0.502394	7.099095	5.756304	0.447870	7.763228
6.211657	0.502394	7.099095	6.780486	1.063008	7.217979
4.662320	-1.997349	9.042144	4.483831	-2.371245	8.402754
4.662320	-1.997349	9.042144	4.080175	-1.998276	9.639537
4.662320	-1.997349	9.042144	5.351295	-1.624987	9.094574
7.982861	1.865707	1.660422	8.510088	1.432765	1.898525
7.982861	1.865707	1.660422	7.543470	2.424583	1.961310
-8.305989	-0.273532	3.662224	-8.698318	-0.462506	3.101951
-8.305989	-0.273532	3.662224	-8.674736	0.318082	4.086407
-8.305989	-0.273532	3.662224	-7.627710	-0.504706	3.933922
6.660557	2.301834	0.619123	6.581160	2.790336	1.285080
6.660557	2.301834	0.619123	7.009816	1.682246	0.842160
6.660557	2.301834	0.619123	6.430495	2.464002	-0.157715
2.624853	7.065513	0.882125	2.021605	6.503796	0.984504
2.624853	7.065513	0.882125	2.671177	7.644274	0.303117
2.021605	6.503796	0.984504	1.613382	6.410469	1.674086
2.021605	6.503796	0.984504	1.856015	6.002399	0.420170
1.613382	6.410469	1.674086	1.070123	6.951706	1.926619
1.613382	6.410469	1.674086	1.846470	5.690720	2.100760
-0.034746	-0.088924	-6.291354	-0.379451	-0.404664	-6.948762
-0.034746	-0.088924	-6.291354	-0.268026	0.187174	-5.591354
-0.034746	-0.088924	-6.291354	0.755812	-0.040440	-6.295841
-0.113604	0.850369	-3.518908	-0.574258	0.359532	-3.161773
-0.113604	0.850369	-3.518908	-0.476972	1.403073	-3.995360
-0.113604	0.850369	-3.518908	0.585081	1.023500	-3.586308
1.343801	3.682064	-1.333561	1.221458	3.169378	-0.691343
1.343801	3.682064	-1.333561	2.025210	4.055117	-1.479812
1.343801	3.682064	-1.333561	0.706492	3.842512	-1.822791
0.175594	2.614072	-2.240417	0.459893	3.385888	-2.452018
0.175594	2.614072	-2.240417	0.654274	2.017687	-2.575495
0.175594	2.614072	-2.240417	-0.494893	2.521406	-1.739587
0.192910	2.372957	-0.579937	-0.386771	2.786189	-0.993235
0.192910	2.372957	-0.579937	0.977873	2.429850	-0.714155
0.192910	2.372957	-0.579937	-0.054128	1.919554	-0.035666
2.876352	-6.605092	1.587344	3.378899	-6.402444	2.209755
2.876352	-6.605092	1.587344	3.212659	-6.876412	0.850610
2.049289	-3.092747	4.373098	1.717736	-2.956611	3.639914
2.049289	-3.092747	4.373098	2.476247	-3.747798	4.482114
2.201676	-4.377483	4.761413	1.722276	-4.675712	4.249507
2.201676	-4.377483	4.761413	2.476247	-3.747798	4.482114
3.160100	-3.885198	2.958165	2.393000	-3.754675	2.949957
3.160100	-3.885198	2.958165	3.660315	-3.690876	2.409817
3.160100	-3.885198	2.958165	3.417738	-4.269192	3.648308
1.938586	-6.722907	3.854710	1.742954	-7.269460	3.347284
1.938586	-6.722907	3.854710	1.616507	-6.606897	4.592803
1.938586	-6.722907	3.854710	2.490531	-6.199416	3.804499
7.571663	-8.413791	4.271718	8.008792	-8.616264	3.680741
7.571663	-8.413791	4.271718	7.062714	-7.855816	4.197730
7.571663	-8.413791	4.271718	7.695678	-8.830990	4.860427
8.078408	-7.990839	0.982702	8.321077	-8.768674	0.875084
8.078408	-7.990839	0.982702	8.029838	-7.373763	0.463421
8.078408	-7.990839	0.982702	7.845678	-7.819054	1.784630
5.558649	-7.010698	2.221744	4.839235	-6.825976	1.948232
5.558649	-7.010698	2.221744	6.161143	-7.155008	1.766957
8.597994	-4.863935	3.121143	8.512951	-5.691369	3.248240
8.597994	-4.863935	3.121143	8.421235	-4.529211	2.416232
8.597994	-4.863935	3.121143	8.840134	-4.379863	3.714823
8.589803	-5.081203	4.793060	8.428789	-4.391749	4.379495
8.589803	-5.081203	4.793060	8.382155	-5.824313	4.574515
8.589803	-5.081203	4.793060	8.999783	-5.099972	5.438728
8.428789	-4.391749	4.379495	7.957896	-3.752865	4.527581
8.428789	-4.391749	4.379495	8.840134	-4.379863	3.714823
6.236027	6.530245	-7.486245	6.205620	7.333396	-7.405197
6.236027	6.530245	-7.486245	5.945088	6.007432	-7.955431
6.236027	6.530245	-7.486245	6.674383	6.083470	-7.006703
-8.845210	7.886617	8.977899	-9.268731	8.528579	9.313765
-8.845210	7.886617	8.977899	-8.788562	7.362943	8.288018
-8.845210	7.886617	8.977899	-8.293322	7.675367	9.492576
-7.911700	6.140551	-6.213830	-8.111240	6.863776	-6.259022
-7.911700	6.140551	-6.213830	-8.416930	5.580291	-6.079568
-7.911700	6.140551	-6.213830	-7.168272	5.803946	-6.291949
7.976688	-3.426245	-9.011686	7.846191	-3.487633	-9.763391
7.976688	-3.426245	-9.011686	8.045587	-2.762788	-8.551053
7.813391	-3.317696	-6.926315	7.248177	-3.349789	-6.429012
7.813391	-3.317696	-6.926315	8.549587	-3.282995	-6.612825
7.813391	-3.317696	-6.926315	7.583698	-3.322219	-7.642546
7.965448	-7.220325	-9.064804	7.244523	-7.278187	-9.265261
7.965448	-7.220325	-9.064804	8.141275	-7.576869	-8.383925
6.562890	-4.586089	-6.665483	6.946316	-4.037966	-6.205559
6.562890	-4.586089	-6.665483	5.795732	-4.792289	-6.431921
6.562890	-4.586089	-6.665483	6.973815	-4.917826	-7.302273
6.420742	-6.273415	8.096324	6.645013	-6.124842	8.863985
6.420742	-6.273415	8.096324	5.632049	-6.544568	8.037584
6.420742	-6.273415	8.096324	6.945198	-6.174049	7.436830
6.557835	1.743137	7.461073	6.734715	1.867689	8.256952
6.557835	1.743137	7.461073	6.181151	2.219263	6.912376
6.557835	1.743137	7.461073	6.780486	1.063008	7.217979
4.771658	0.160072	4.903489	4.383974	-0.477160	5.183391
4.771658	0.160072	4.903489	4.742345	0.400024	4.159970
3.788543	0.523132	8.127741	3.817095	-0.256984	8.250718
3.788543	0.523132	8.127741	3.474169	0.991060	8.693060
3.788543	0.523132	8.127741	4.072617	0.734443	7.409945
2.497852	-0.784695	8.103421	2.120932	-1.372982	7.735583
2.497852	-0.784695	8.103421	3.188047	-0.637552	8.521722
2.497852	-0.784695	8.103421	2.164227	-0.144700	8.110096
7.248177	-3.349789	-6.429012	6.946316	-4.037966	-6.205559
-8.755036	-4.425899	-6.146126	-8.487538	-5.027534	-6.615846
-8.755036	-4.425899	-6.146126	-9.368879	-3.879031	-6.109477
-8.755036	-4.425899	-6.146126	-8.284965	-4.297909	-5.532203
-1.804444	-2.399798	-3.752802	-1.114854	-1.954739	-3.545153
-1.804444	-2.399798	-3.752802	-2.552322	-2.257028	-3.420689
-1.804444	-2.399798	-3.752802	-1.843821	-3.059813	-4.286817
-0.389301	-1.578645	-4.687209	-0.425545	-2.006962	-3.967887
-0.389301	-1.578645	-4.687209	-0.191908	-1.872045	-5.438747
-0.389301	-1.578645	-4.687209	-0.546611	-0.742970	-4.629762
0.046914	-3.644052	-2.798491	0.755183	-3.748951	-2.397345
0.046914	-3.644052	-2.798491	-0.673546	-3.876392	-2.529338
0.046914	-3.644052	-2.798491	0.034712	-3.282882	-3.487598
7.874897	5.248139	-5.100965	7.917885	5.147191	-5.911865
7.874897	5.248139	-5.100965	8.185175	4.619502	-4.714372
7.874897	5.248139	-5.100965	7.554169	5.877138	-4.786388
8.977807	7.478313	-5.733420	8.639006	7.523217	-6.449357
8.977807	7.478313	-5.733420	9.751809	7.306240	-5.695072
8.977807	7.478313	-5.733420	8.504460	7.621518	-5.139252
3.250606	6.890385	-2.163266	2.829975	7.051376	-1.555433
3.250606	6.890385	-2.163266	3.204843	6.102604	-2.279023
4.563708	8.387825	-2.265647	4.396329	7.617425	-2.447952
4.563708	8.387825	-2.265647	4.834883	8.839406	-2.855299
0.952055	-6.254288	-3.265052	0.377612	-6.792983	-3.373008
0.952055	-6.254288	-3.265052	1.026425	-5.664680	-3.798646
0.952055	-6.254288	-3.265052	1.389747	-6.399167	-2.616506
-1.049871	-7.673950	-1.524738	-1.545321	-8.225920	-1.896088
-1.049871	-7.673950	-1.524738	-0.443592	-7.223879	-1.847750
-1.049871	-7.673950	-1.524738	-1.172496	-7.588961	-0.746641
1.482798	-4.666647	-0.939846	0.903403	-4.590390	-0.341782
1.482798	-4.666647	-0.939846	2.284803	-4.610027	-0.777553
1.482798	-4.666647	-0.939846	1.146430	-4.805809	-1.686643
2.532360	-5.319752	0.613608	2.882921	-4.522658	0.729256
2.532360	-5.319752	0.613608	3.044837	-5.813228	0.153619
2.532360	-5.319752	0.613608	1.789248	-5.674211	0.857899
-5.455748	0.712073	4.699760	-5.489218	0.813987	3.960052
-5.455748	0.712073	4.699760	-5.722103	1.320173	5.108781
-5.455748	0.712073	4.699760	-5.208314	0.049864	5.140584
-5.476729	2.144566	-1.838610	-5.096010	1.495509	-1.964864
-5.476729	2.144566	-1.838610	-6.107381	2.175542	-1.305954
-5.476729	2.144566	-1.838610	-5.202983	2.698074	-2.280721
-8.397675	2.723877	1.897790	-8.721293	3.137733	2.510921
-8.397675	2.723877	1.897790	-8.703095	2.238026	1.381692
-8.397675	2.723877	1.897790	-7.630447	2.840965	1.752356
-8.014197	1.356343	-1.244662	-7.999058	1.298270	-0.465249
-8.014197	1.356343	-1.244662	-8.671638	1.330812	-1.723546
-5.161801	0.603755	1.560990	-4.855434	-0.128706	1.532758
-5.161801	0.603755	1.560990	-5.642448	0.873323	2.098494
-5.161801	0.603755	1.560990	-4.951219	1.176970	0.958205
-1.772419	-1.886013	1.709576	-1.758465	-1.146019	1.999119
-1.772419	-1.886013	1.709576	-2.432263	-2.169338	1.334128
-1.772419	-1.886013	1.709576	-1.114936	-2.353474	1.808447
-3.204293	0.915350	1.181277	-3.252402	1.709136	0.956529
-3.204293	0.915350	1.181277	-3.664417	0.275492	1.116341
-3.204293	0.915350	1.181277	-2.521696	0.834136	1.523976
-1.758465	-1.146019	1.999119	-1.258903	-0.619123	1.610789
-1.758465	-1.146019	1.999119	-2.231999	-1.003086	2.633800
-0.572180	0.430197	4.836929	-1.019227	-0.015837	5.278048
-0.572180	0.430197	4.836929	-0.559510	0.320393	4.052201
-0.185898	1.742724	5.110895	0.412610	1.977379	4.656241
-0.185898	1.742724	5.110895	-0.727909	2.164911	5.481989
-1.438956	2.136289	5.063312	-0.727909	2.164911	5.481989
-1.438956	2.136289	5.063312	-1.436697	2.445303	4.276983
-1.438956	2.136289	5.063312	-2.064256	1.854648	5.477076
-4.082502	0.155033	8.856687	-4.616980	0.025679	8.223115
-4.082502	0.155033	8.856687	-4.251789	-0.344387	9.469075
-4.082502	0.155033	8.856687	-3.504129	0.708888	8.945958
-3.053161	3.583957	8.189045	-2.450207	4.147739	8.291480
-3.053161	3.583957	8.189045	-3.769834	3.749429	8.050164
-3.053161	3.583957	8.189045	-2.914416	2.816894	8.201600
-2.835660	5.278875	9.070399	-2.903691	6.091018	8.958920
-2.835660	5.278875	9.070399	-3.458276	5.096899	9.393273
5.146701	-1.619541	-0.572638	4.839123	-1.976102	-1.234576
5.146701	-1.619541	-0.572638	4.600135	-1.205099	-0.133605
5.146701	-1.619541	-0.572638	5.914674	-1.666780	-0.316233
2.776995	-0.861187	-4.418412	2.125324	-0.784088	-3.991834
2.776995	-0.861187	-4.418412	3.213341	-0.523443	-5.048221
7.980640	0.319325	2.516468	8.590305	0.885083	2.476772
7.980640	0.319325	2.516468	8.117540	-0.438693	2.258677
7.980640	0.319325	2.516468	7.304174	0.488203	2.791659
5.329647	-2.604724	2.399823	5.609701	-3.171667	1.942368
5.329647	-2.604724	2.399823	5.777951	-1.892592	2.346969
5.329647	-2.604724	2.399823	4.678835	-2.780807	2.852374
8.308519	-1.882962	6.483097	7.973461	-1.274243	6.317705
8.308519	-1.882962	6.483097	9.055810	-2.001172	6.372510
8.308519	-1.882962	6.483097	7.855995	-2.386091	6.795548
5.176725	-6.821153	-4.949448	4.618525	-7.265741	-5.113875
5.176725	-6.821153	-4.949448	5.749630	-7.150372	-4.503258
5.176725	-6.821153	-4.949448	5.084793	-6.114376	-5.270512
5.006445	-7.879402	-6.337649	4.678675	-7.870382	-5.545698
-7.406940	-8.208811	-6.028977	-6.697231	-8.595779	-6.187436
-7.406940	-8.208811	-6.028977	-7.694985	-7.789518	-6.650096
-6.697231	-8.595779	-6.187436	-6.602600	-9.413777	-6.054193
-6.697231	-8.595779	-6.187436	-6.150027	-8.106658	-6.477775
6.665963	-6.145989	-3.968473	6.865583	-5.491354	-4.308601
6.665963	-6.145989	-3.968473	6.259775	-6.387468	-3.361081
6.164717	-3.789673	-3.468351	6.704846	-3.856074	-2.861890
-6.836831	3.952815	-0.163594	-6.135725	3.648450	-0.392475
-6.836831	3.952815	-0.163594	-7.458794	3.697091	0.123922
-6.836831	3.952815	-0.163594	-6.892303	4.721868	-0.337348
-5.522547	3.908495	-2.330592	-5.010841	4.499171	-2.538178
-5.522547	3.908495	-2.330592	-5.988743	4.017466	-1.711708
-5.522547	3.908495	-2.330592	-5.588408	3.199909	-2.693281
8.590305	0.885083	2.476772	8.510088	1.432765	1.898525
8.590305	0.885083	2.476772	9.174586	0.775687	2.973314
8.099930	0.309507	-0.022143	7.482797	0.026028	0.489267
8.099930	0.309507	-0.022143	8.254635	-0.079549	-0.694662
8.099930	0.309507	-0.022143	8.538481	0.950439	0.172005
-6.978237	1.678906	0.493204	-7.027665	1.582760	1.369058
-6.978237	1.678906	0.493204	-6.322459	1.647953	0.004921
-6.978237	1.678906	0.493204	-7.675777	1.826302	0.040989
-7.051419	-0.331797	0.425755	-6.399388	-0.195340	-0.015268
-7.051419	-0.331797	0.425755	-7.642211	-0.441905	-0.003099
-7.051419	-0.331797	0.425755	-7.168875	-0.390232	1.249450
4.727055	3.887842	-5.440257	4.889670	4.520623	-5.003124
4.727055	3.887842	-5.440257	4.618550	3.281326	-5.021169
4.727055	3.887842	-5.440257	4.657787	3.838530	-6.239496
3.585664	4.149205	-3.465798	2.862158	3.967412	-3.105670
3.585664	4.149205	-3.465798	4.059318	3.671660	-3.804019
3.585664	4.149205	-3.465798	3.688817	4.915284	-3.379798
3.642377	1.451877	-4.873734	4.461262	1.503108	-5.042736
3.642377	1.451877	-4.873734	3.073018	1.209285	-5.377282
3.642377	1.451877	-4.873734	3.431305	1.719308	-4.152348
-2.697262	0.221469	-5.885472	-2.580140	-0.481509	-5.551079
-2.697262	0.221469	-5.885472	-3.343741	0.563494	-5.534348
-2.697262	0.221469	-5.885472	-2.199172	0.478353	-6.436251
-1.657111	1.030860	-6.118768	-1.407075	1.730093	-6.471783
-1.657111	1.030860	-6.118768	-1.393311	0.854484	-5.382449
-1.657111	1.030860	-6.118768	-2.199172	0.478353	-6.436251
5.175070	4.237693	-3.639076	5.299415	4.717086	-3.027664
5.175070	4.237693	-3.639076	4.724096	3.607627	-3.404318
5.175070	4.237693	-3.639076	5.458073	4.482552	-4.367128
3.438522	4.479865	-1.053906	4.166749	4.641339	-1.190065
3.438522	4.479865	-1.053906	3.120592	3.773168	-1.071428
3.438522	4.479865	-1.053906	2.858361	4.991727	-0.900741
7.551669	4.492224	-6.259017	7.974932	3.986189	-6.741842
7.551669	4.492224	-6.259017	7.917885	5.147191	-5.911865
7.551669	4.492224	-6.259017	6.787463	4.391824	-6.076339
4.889670	4.520623	-5.003124	4.446879	5.155109	-5.226804
4.889670	4.520623	-5.003124	5.458073	4.482552	-4.367128
5.454254	5.196364	-0.285415	5.383233	4.409662	-0.438862
5.454254	5.196364	-0.285415	6.062781	5.554279	-0.674358
5.454254	5.196364	-0.285415	4.896224	5.474669	0.219226
8.837129	8.376918	-1.192038	8.285564	8.020065	-0.738370
8.837129	8.376918	-1.192038	8.784512	9.208101	-1.198017
8.837129	8.376918	-1.192038	9.406760	8.070757	-1.587891
-8.638131	7.689094	-2.278866	-8.753108	8.070757	-1.587891
-8.638131	7.689094	-2.278866	-8.501814	6.815319	-2.267152
-8.638131	7.689094	-2.278866	-8.670859	8.193152	-2.961919
7.943922	6.393109	-3.138594	8.547684	5.958171	-2.716997
7.943922	6.393109	-3.138594	8.266470	6.553762	-3.855197
5.606243	-8.212707	7.250647	5.957623	-7.729647	7.700282
5.606243	-8.212707	7.250647	5.076055	-8.769573	7.453874
5.606243	-8.212707	7.250647	5.750241	-8.208029	6.426730
4.531560	-2.922000	7.943319	4.743166	-2.995499	7.190705
4.531560	-2.922000	7.943319	4.483831	-2.371245	8.402754
-4.118263	-6.199954	-5.345860	-4.126995	-5.407742	-5.238608
-4.118263	-6.199954	-5.345860	-4.716234	-6.494231	-4.910193
-3.649908	-7.134225	-3.095751	-3.925913	-6.423720	-2.784207
-3.649908	-7.134225	-3.095751	-4.286875	-7.549927	-3.377883
-3.649908	-7.134225	-3.095751	-2.913647	-7.364628	-3.161429
-7.377506	8.895897	3.245990	-6.930651	8.288186	3.542512
-7.377506	8.895897	3.245990	-8.184903	8.844524	3.264185
-7.377506	8.895897	3.245990	-7.103874	9.566321	2.953282
8.539326	7.301263	1.146936	8.610271	6.503953	1.126028
8.539326	7.301263	1.146936	8.133775	7.651688	1.806685
8.539326	7.301263	1.146936	8.853688	7.749315	0.533736
-5.932314	-7.826230	-4.197512	-6.290304	-7.219152	-3.793542
-5.932314	-7.826230	-4.197512	-5.409847	-7.689913	-4.791097
-7.375291	-7.411970	-3.154274	-6.984589	-7.733731	-2.502571
-7.375291	-7.411970	-3.154274	-7.052219	-7.247246	-3.845414
-7.375291	-7.411970	-3.154274	-8.151103	-7.218960	-3.058929
-2.789001	4.154382	0.566731	-3.534393	4.033825	0.631061
-2.789001	4.154382	0.566731	-2.619689	4.871668	0.205238
-1.046009	4.679237	-0.396154	-1.544726	5.036900	-0.908106
-1.046009	4.679237	-0.396154	-1.022505	4.956092	0.382883
-1.046009	4.679237	-0.396154	-0.531131	4.105942	-0.538330
-4.032537	5.043280	4.237708	-4.815729	5.082897	4.397455
-4.032537	5.043280	4.237708	-3.663320	4.329587	4.283290
-4.032537	5.043280	4.237708	-3.531845	5.686867	4.054675
-6.603864	-8.429496	2.328907	-6.733353	-8.380106	1.589165
-6.603864	-8.429496	2.328907	-7.103874	-8.593547	2.953282
0.152973	8.151385	6.229982	-0.256479	8.118632	6.900766
0.152973	8.151385	6.229982	-0.157616	8.438043	5.604873
0.152973	8.151385	6.229982	0.903046	7.876736	6.250325
1.268413	7.666288	3.821613	0.477672	7.402645	3.826112
1.268413	7.666288	3.821613	1.754792	7.662353	3.178338
1.268413	7.666288	3.821613	1.544413	7.886513	4.541369
-2.468396	5.680687	6.454952	-3.076193	5.774470	6.995871
0.418870	8.629898	0.450841	0.826684	8.217006	-0.133547
0.418870	8.629898	0.450841	-0.282675	8.989536	0.263027
2.991714	-6.846026	7.634478	2.942926	-7.124804	6.856371
-8.890440	-7.347508	5.856110	-8.224459	-6.980333	5.655486
-8.890440	-7.347508	5.856110	-8.881125	-8.163086	5.944666
-8.890440	-7.347508	5.856110	-9.517608	-6.866949	5.994525
8.898033	-5.193618	6.187162	9.149413	-5.812160	6.685557
8.898033	-5.193618	6.187162	8.999783	-5.099972	5.438728
8.898033	-5.193618	6.187162	8.554164	-4.698740	6.649642
9.036254	-7.893331	7.764771	9.839540	-7.855672	7.782975
9.036254	-7.893331	7.764771	8.580156	-7.169824	7.844207
9.036254	-7.893331	7.764771	8.596048	-8.550125	7.703298
-9.016163	-4.397044	7.094327	-8.855820	-3.597662	7.029571
-9.016163	-4.397044	7.094327	-8.657124	-5.005693	7.555778
-9.016163	-4.397044	7.094327	-9.605704	-4.698740	6.649642
1.334174	-8.410534	3.971059	1.545688	-8.826121	4.644560
1.334174	-8.410534	3.971059	1.864753	-8.060963	3.454073
1.009594	-6.200284	-1.955126	0.706282	-5.505065	-1.706775
1.009594	-6.200284	-1.955126	0.896427	-6.766927	-1.452436
1.009594	-6.200284	-1.955126	1.389747	-6.399167	-2.616506
0.474909	-6.529700	2.878148	0.069220	-6.419635	3.526586
0.474909	-6.529700	2.878148	0.620363	-7.221529	2.709218
-0.596922	-8.330232	1.554600	0.120369	-8.272013	1.880879
1.916756	6.670769	5.121596	2.076776	6.281566	5.806700
1.916756	6.670769	5.121596	1.466167	7.329943	5.108702
3.620558	-6.260864	0.554566	3.044837	-5.813228	0.153619
3.620558	-6.260864	0.554566	3.212659	-6.876412	0.850610
3.620558	-6.260864	0.554566	4.399843	-6.156147	0.706034
4.666836	-6.112133	1.531450	4.839235	-6.825976	1.948232
4.666836	-6.112133	1.531450	4.746645	-5.345467	1.903555
4.666836	-6.112133	1.531450	4.399843	-6.156147	0.706034
1.114818	-7.787106	0.321544	0.598626	-7.197193	0.174828
1.114818	-7.787106	0.321544	1.550423	-7.993953	-0.314224
8.617395	-1.444778	-4.115887	8.157304	-0.846130	-4.440969
8.617395	-1.444778	-4.115887	8.314685	-1.886554	-3.466780
8.617395	-1.444778	-4.115887	9.339212	-1.768043	-4.342280
8.155833	-3.749018	-1.399361	8.796249	-3.456797	-1.841431
8.155833	-3.749018	-1.399361	8.203301	-3.614465	-0.600258
8.155833	-3.749018	-1.399361	7.466450	-4.140124	-1.550535
6.475257	-2.116467	-3.713733	6.299239	-1.339803	-3.958676
6.475257	-2.116467	-3.713733	6.772509	-2.758294	-4.044646
7.067084	-1.920540	-1.108130	7.481239	-2.369002	-0.593862
7.067084	-1.920540	-1.108130	7.145886	-1.985500	-1.943244
7.067084	-1.920540	-1.108130	6.523397	-1.344158	-0.786193
8.836554	-0.632451	-0.747552	8.254635	-0.079549	-0.694662
8.836554	-0.632451	-0.747552	9.364407	-0.507952	-1.345941
8.836554	-0.632451	-0.747552	8.979939	-1.271909	-0.306509
-2.489868	-5.155798	8.728957	-3.079966	-5.543360	9.116506
-2.489868	-5.155798	8.728957	-2.743668	-4.539033	8.285595
-2.489868	-5.155798	8.728957	-1.672227	-5.278464	8.750092
-0.952124	-4.014303	7.210598	-0.736724	-3.504436	6.606283
-0.952124	-4.014303	7.210598	-1.190800	-3.682358	7.931087
-2.686378	-4.504660	7.054031	-2.196388	-5.191872	6.852684
-2.785983	-3.391512	-8.996489	-2.316367	-3.473320	-8.349652
-2.785983	-3.391512	-8.996489	-2.486389	-3.763906	-9.653722
2.384354	0.202995	8.780250	2.164227	-0.144700	8.110096
2.183952	-6.984209	6.459371	2.115082	-7.269796	5.711871
2.183952	-6.984209	6.459371	2.942926	-7.124804	6.856371
-4.519586	3.124060	6.462085	-5.304076	3.319719	6.406344
-4.519586	3.124060	6.462085	-4.386943	2.326099	6.319596
-4.519586	3.124060	6.462085	-4.004059	3.647898	6.644363
-3.955384	4.016594	7.342689	-3.769834	3.749429	8.050164
-3.955384	4.016594	7.342689	-4.105540	4.763106	7.325979
-3.955384	4.016594	7.342689	-4.004059	3.647898	6.644363
3.760448	-8.650335	7.677155	3.196346	-9.182533	7.574151
3.760448	-8.650335	7.677155	4.315986	-8.578543	7.191378
3.760448	-8.650335	7.677155	3.588363	-8.280709	8.309559
1.528616	-4.869316	5.711363	1.246864	-4.693732	6.403479
1.528616	-4.869316	5.711363	1.000624	-5.175492	5.162607
5.588578	-7.268085	8.234105	5.266580	-7.564676	8.873229
5.588578	-7.268085	8.234105	5.957623	-7.729647	7.700282
5.588578	-7.268085	8.234105	5.632049	-6.544568	8.037584
3.763691	-8.601325	5.838260	4.237097	-8.609473	5.180868
3.763691	-8.601325	5.838260	3.050946	-8.884054	5.853338
3.763691	-8.601325	5.838260	3.951596	-8.297911	6.554020
6.645013	-6.124842	8.863985	6.813689	-5.376124	9.080485
6.645013	-6.124842	8.863985	6.647892	-6.833604	9.190459
6.045084	-5.451983	5.587088	5.954231	-5.974273	6.099056
6.045084	-5.451983	5.587088	6.741480	-5.212810	5.339482
6.045084	-5.451983	5.587088	5.290967	-5.179709	5.411162
-7.633919	-8.731609	5.476159	-6.950078	-8.271290	5.508654
-7.633919	-8.731609	5.476159	-7.875502	-9.292974	4.959747
-7.633919	-8.731609	5.476159	-8.126322	-8.566652	6.077310
-1.622306	6.220379	-2.479144	-2.077519	5.881112	-3.057212
-1.622306	6.220379	-2.479144	-1.197082	5.777149	-2.000234
-1.622306	6.220379	-2.479144	-1.627993	6.996202	-2.427260
-5.427623	7.398602	-0.204977	-6.016450	7.884995	-0.057699
-5.427623	7.398602	-0.204977	-5.621952	6.711270	0.143530
-5.427623	7.398602	-0.204977	-4.769360	7.643872	-0.632653
-8.149622	4.490097	5.102931	-7.467207	4.488092	4.732517
-8.149622	4.490097	5.102931	-8.086338	4.620209	5.910520
-8.149622	4.490097	5.102931	-8.888479	4.385263	4.826763
3.642457	-7.515202	6.518111	4.211015	-7.184578	6.090102
3.642457	-7.515202	6.518111	2.942926	-7.124804	6.856371
3.642457	-7.515202	6.518111	3.951596	-8.297911	6.554020
0.069220	-6.419635	3.526586	-0.633125	-6.074690	3.294176
0.069220	-6.419635	3.526586	0.314604	-6.618514	4.222391
6.972380	-2.384832	3.631568	6.203470	-2.087159	3.666923
6.972380	-2.384832	3.631568	7.065422	-3.176468	3.417335
6.972380	-2.384832	3.631568	7.523470	-1.769459	3.841993
-8.797671	-1.798231	2.954730	-9.177768	-1.117580	2.980214
-8.797671	-1.798231	2.954730	-8.705856	-2.383127	3.548915
7.455460	-1.196385	5.770326	7.973461	-1.274243	6.317705
7.455460	-1.196385	5.770326	6.692511	-1.248703	6.127611
7.455460	-1.196385	5.770326	7.759049	-1.077121	5.072395
5.954231	-5.974273	6.099056	5.659404	-6.688786	6.129501
5.954231	-5.974273	6.099056	6.196108	-5.603706	6.746817
5.137065	-6.075387	7.811808	5.632049	-6.544568	8.037584
6.791636	6.337271	6.193164	6.524384	6.374445	5.425366
6.791636	6.337271	6.193164	6.420605	5.912830	6.833183
3.432030	6.980717	4.404622	4.077867	6.986854	4.870627
3.432030	6.980717	4.404622	3.242265	7.610482	3.951935
3.432030	6.980717	4.404622	3.009663	6.292931	4.423902
1.598621	-7.563261	-4.797711	0.888605	-7.499637	-4.506708
1.598621	-7.563261	-4.797711	1.838011	-8.029937	-5.353895
1.598621	-7.563261	-4.797711	2.004070	-7.041432	-4.411786
8.666982	0.603509	5.822268	9.250471	0.392738	6.338309
8.666982	0.603509	5.822268	8.512624	0.098529	5.149843
8.666982	0.603509	5.822268	8.298661	1.257221	5.965464
7.973461	-1.274243	6.317705	8.217775	-0.747817	6.853937
-6.872452	3.329296	5.186040	-7.150282	3.760386	4.529050
-6.872452	3.329296	5.186040	-7.466692	3.056697	5.689153
-6.872452	3.329296	5.186040	-6.042022	3.250576	5.261979
-8.595249	0.956489	3.642182	-8.674736	0.318082	4.086407
-8.595249	0.956489	3.642182	-8.985282	0.775687	2.973314
-8.595249	0.956489	3.642182	-8.168184	1.505305	4.002100
-6.623849	-3.003721	4.139739	-6.948106	-3.564794	3.662114
-6.623849	-3.003721	4.139739	-6.729288	-2.227561	4.364845
-6.623849	-3.003721	4.139739	-6.006166	-3.315728	4.502692
-7.961173	-1.659175	4.607593	-7.964365	-0.838383	4.579235
-7.961173	-1.659175	4.607593	-7.267569	-2.004604	4.910530
-7.961173	-1.659175	4.607593	-8.667352	-2.049234	4.305806
-7.000630	-4.981386	4.041385	-6.434035	-5.074001	4.675977
-7.000630	-4.981386	4.041385	-7.370136	-4.221751	3.985235
-7.000630	-4.981386	4.041385	-7.074857	-5.680070	3.620654
0.674999	-7.794464	-8.721499	1.239965	-8.355633	-8.620858
0.674999	-7.794464	-8.721499	0.788840	-7.310838	-9.398036
-7.229486	2.212577	-4.877385	-7.059859	1.876257	-5.621144
-7.229486	2.212577	-4.877385	-7.551725	2.971064	-4.784473
-7.229486	2.212577	-4.877385	-7.031471	1.690588	-4.274359
-5.790506	2.081971	-7.259871	-6.236352	1.790035	-7.937458
-5.790506	2.081971	-7.259871	-6.082271	2.280589	-6.491380
-5.790506	2.081971	-7.259871	-4.938333	2.227644	-7.382740
5.230491	5.126214	8.232768	4.434990	5.123414	8.257275
5.230491	5.126214	8.232768	5.733284	4.556419	8.456652
5.230491	5.126214	8.232768	5.548305	5.833211	7.983360
4.820096	5.546866	3.849246	5.200699	6.120457	3.491822
4.820096	5.546866	3.849246	5.296315	5.019262	4.264576
4.820096	5.546866	3.849246	3.980325	5.491899	3.784793
6.352629	8.142164	7.064408	6.102464	8.462849	7.760662
6.352629	8.142164	7.064408	5.941853	8.413571	6.427621
6.352629	8.142164	7.064408	6.976703	7.634115	7.154698
4.434990	5.123414	8.257275	3.932624	5.248127	7.669173
4.434990	5.123414	8.257275	4.063555	5.019898	8.901414
4.346488	5.155942	6.157057	5.066711	5.418400	6.151102
4.346488	5.155942	6.157057	4.273722	4.517004	6.651102
4.891963	6.679251	8.897144	4.506094	6.657635	9.652171
4.891963	6.679251	8.897144	4.529059	7.065718	8.288072
4.891963	6.679251	8.897144	5.586935	6.343152	8.627938
4.254862	5.965859	-8.393165	4.506094	6.657635	-8.507697
4.254862	5.965859	-8.393165	3.786713	5.585734	-8.818294
4.254862	5.965859	-8.393165	4.547166	5.588686	-7.731502
3.056419	5.646217	-8.855698	2.546182	6.108015	-9.251395
3.056419	5.646217	-8.855698	3.786713	5.585734	-8.818294
3.056419	5.646217	-8.855698	2.932000	5.038729	-8.358917
-3.322180	-6.621557	0.979325	-3.918650	-6.923684	0.729552
-3.322180	-6.621557	0.979325	-3.564623	-6.004394	1.405927
-7.913734	-2.861086	-0.646892	-7.531003	-2.225358	-0.797312
-7.913734	-2.861086	-0.646892	-8.585387	-2.894097	-0.473608
-7.913734	-2.861086	-0.646892	-7.487901	-3.534678	-0.728766
9.070263	-2.476924	-0.861409	9.574481	-2.894097	-0.473608
9.070263	-2.476924	-0.861409	8.649238	-1.930020	-0.418718
9.070263	-2.476924	-0.861409	9.040897	-2.646629	-1.693540
-8.749677	-6.664230	3.970583	-8.117317	-6.452715	4.367988
-8.749677	-6.664230	3.970583	-8.664326	-7.427569	3.689368
-8.749677	-6.664230	3.970583	-9.366487	-6.086935	3.908777
-5.992625	-3.376191	-2.482688	-6.183062	-3.093642	-1.781183
-5.992625	-3.376191	-2.482688	-6.146016	-2.781546	-3.033709
-5.992625	-3.376191	-2.482688	-5.691937	-4.174265	-2.596368
-3.545453	-3.715841	-3.874762	-4.340692	-3.762721	-3.796603
-3.545453	-3.715841	-3.874762	-3.246382	-3.878982	-4.567552
1.115753	1.744036	4.918235	0.412610	1.977379	4.656241
1.115753	1.744036	4.918235	1.058065	0.984246	5.020686
1.115753	1.744036	4.918235	1.704362	2.237659	5.039825
0.767038	4.369587	2.883230	0.886021	4.556609	2.106066
0.767038	4.369587	2.883230	0.288481	4.841702	3.387423
0.767038	4.369587	2.883230	1.189151	3.667533	3.051147
2.253580	0.542829	4.744519	2.499015	0.315289	5.483514
2.253580	0.542829	4.744519	2.702881	0.793485	4.126935
-2.035685	1.979855	-7.488099	-2.000992	1.231791	-7.733253
-2.035685	1.979855	-7.488099	-2.069514	2.644708	-7.885349
-2.035685	1.979855	-7.488099	-2.040467	1.998566	-6.763146
-4.711560	4.024052	-8.277046	-4.433666	4.222994	-8.997939
-4.711560	4.024052	-8.277046	-5.353704	3.567504	-8.245569
-4.711560	4.024052	-8.277046	-4.437704	4.220062	-7.533289
-6.985137	7.735793	-1.100592	-7.716238	7.733764	-0.762467
-6.985137	7.735793	-1.100592	-6.423901	8.124419	-0.661403
-7.478708	6.253973	0.226479	-6.778257	5.946294	0.069126
-7.478708	6.253973	0.226479	-8.023863	6.653086	-0.193542
-7.478708	6.253973	0.226479	-7.768662	6.195545	0.926944
-5.827467	1.358734	-5.329267	-6.293172	1.853968	-5.842012
-5.827467	1.358734	-5.329267	-5.866795	0.601260	-5.587290
-7.338587	4.972829	-1.021674	-8.095189	5.113705	-1.120427
-7.338587	4.972829	-1.021674	-6.892303	4.721868	-0.337348
7.903934	4.132526	-2.922552	7.382484	4.157179	-2.307778
7.903934	4.132526	-2.922552	8.571472	4.490540	-2.645490
7.903934	4.132526	-2.922552	7.692009	3.816729	-3.603708
0.866393	3.343706	7.346623	0.708499	2.961344	6.638850
0.866393	3.343706	7.346623	0.642315	4.114068	7.401914
0.866393	3.343706	7.346623	1.239784	3.181135	8.057889
-6.789340	-1.681651	8.733898	-6.568717	-2.421535	8.870077
-6.789340	-1.681651	8.733898	-6.404342	-1.160807	9.305976
-6.789340	-1.681651	8.733898	-7.300630	-1.342019	8.219048
-7.881243	1.138490	-7.825537	-7.231768	0.803280	-8.133272
-7.881243	1.138490	-7.825537	-8.102687	1.072277	-7.083840
-7.881243	1.138490	-7.825537	-8.290997	1.590003	-8.398164
-8.352510	0.417962	-6.674025	-8.964840	-0.041436	-6.702907
-8.352510	0.417962	-6.674025	-8.102687	1.072277	-7.083840
-6.111321	7.277270	6.402286	-5.653176	6.622609	6.539335
-6.111321	7.277270	6.402286	-6.492155	7.716628	6.859345
-6.111321	7.277270	6.402286	-6.176638	7.401539	5.652003
2.925880	-7.755532	-0.302830	3.251074	-8.044483	-1.017871
2.925880	-7.755532	-0.302830	2.191750	-7.535270	-0.464138
2.925880	-7.755532	-0.302830	3.132428	-7.626605	0.466831
3.978806	-8.286119	1.063518	3.257766	-8.198649	0.889701
3.978806	-8.286119	1.063518	4.244343	-8.058006	1.807488
3.978806	-8.286119	1.063518	4.482678	-8.615903	0.547997
-2.846814	-8.402345	-1.544940	-3.180031	-9.146405	-1.410140
-2.846814	-8.402345	-1.544940	-3.094964	-8.000723	-0.950477
-3.102982	9.051997	1.751104	-3.169158	9.615689	2.358064
-3.102982	9.051997	1.751104	-2.944524	8.262863	1.861982
-3.102982	9.051997	1.751104	-3.253162	9.473540	1.084005
-8.297633	7.675274	2.477071	-8.563927	7.148233	3.090781
-8.297633	7.675274	2.477071	-8.499689	8.397136	2.715379
8.425737	-8.894407	5.264524	8.636247	-8.564172	5.925939
8.425737	-8.894407	5.264524	8.925393	-9.367105	4.934092
8.425737	-8.894407	5.264524	7.695678	-8.830990	4.860427
-8.547426	8.990338	4.588841	-8.557839	9.294832	3.866918
-8.547426	8.990338	4.588841	-9.234475	8.792763	4.934092
-8.547426	8.990338	4.588841	-7.875502	8.866894	4.959747
-4.038883	-5.368144	-3.854141	-3.789084	-5.160837	-4.619721
-4.038883	-5.368144	-3.854141	-3.695892	-5.783396	-3.285462
-4.038883	-5.368144	-3.854141	-4.713010	-5.067464	-3.750527
7.969676	7.134049	-6.513707	8.639006	7.523217	-6.449357
7.969676	7.134049	-6.513707	7.292260	7.593286	-6.537704
7.969676	7.134049	-6.513707	7.993027	6.353733	-6.586471
-6.290304	-7.219152	-3.793542	-7.052219	-7.247246	-3.845414
-3.175011	-4.659803	-4.786607	-3.789084	-5.160837	-4.619721
-3.175011	-4.659803	-4.786607	-3.246382	-3.878982	-4.567552
-3.175011	-4.659803	-4.786607	-2.538776	-4.914871	-5.176735
6.993554	0.096700	3.406686	6.774038	0.312029	4.056072
6.993554	0.096700	3.406686	7.304174	0.488203	2.791659
6.993554	0.096700	3.406686	6.873840	-0.633304	3.284769
7.765146	-0.255782	4.980344	8.512624	0.098529	5.149843
7.765146	-0.255782	4.980344	7.098173	0.204154	4.765556
7.765146	-0.255782	4.980344	7.759049	-1.077121	5.072395
7.133955	2.751294	6.305426	6.507950	2.879923	6.692734
7.133955	2.751294	6.305426	7.072786	2.569777	5.529266
6.712455	3.041119	4.955587	5.963089	3.036531	5.077979
6.712455	3.041119	4.955587	7.072786	2.569777	5.529266
6.712455	3.041119	4.955587	7.071102	3.423971	4.380664
7.381377	1.860519	5.298144	6.789775	1.437452	5.050756
7.381377	1.860519	5.298144	8.161737	1.856009	5.465370
7.381377	1.860519	5.298144	7.072786	2.569777	5.529266
-8.909996	-1.873093	1.580588	-9.375114	-2.521734	1.414947
-8.909996	-1.873093	1.580588	-8.902544	-1.235991	1.052118
1.043812	0.709394	-6.385483	1.367373	1.040575	-5.752648
1.043812	0.709394	-6.385483	0.964229	1.080118	-7.076372
1.043812	0.709394	-6.385483	0.755812	-0.040440	-6.295841
-0.379451	-0.404664	-6.948762	-0.822274	-1.045566	-6.921818
-0.379451	-0.404664	-6.948762	-0.263016	-0.087710	-7.697020
-1.230201	-4.400926	-6.397679	-1.885860	-4.173088	-6.037171
-1.230201	-4.400926	-6.397679	-1.031669	-4.908432	-6.992600
2.962617	3.152056	6.060673	3.738194	3.070924	5.938998
2.962617	3.152056	6.060673	2.691056	3.888478	6.082848
2.962617	3.152056	6.060673	2.573846	2.517184	6.135065
-6.785399	-7.426997	3.727503	-6.089679	-7.573820	3.529211
-6.785399	-7.426997	3.727503	-7.324237	-7.847596	3.305077
-6.785399	-7.426997	3.727503	-6.958722	-6.936748	4.256609
-6.649377	-5.637611	5.185633	-7.264427	-5.430670	5.585325
-6.649377	-5.637611	5.185633	-6.338049	-6.364176	5.330959
-6.649377	-5.637611	5.185633	-6.434035	-5.074001	4.675977
8.822962	-5.939872	-0.715080	8.994101	-6.622097	-0.248452
8.822962	-5.939872	-0.715080	9.360006	-5.333419	-0.485402
-8.489314	-6.124196	-2.519545	-8.251677	-6.458100	-3.204214
-8.489314	-6.124196	-2.519545	-9.210050	-5.782808	-2.544201
-8.489314	-6.124196	-2.519545	-8.026506	-6.167468	-1.928583
-8.023832	-5.536794	-0.725970	-7.788330	-5.547507	-1.511843
-8.023832	-5.536794	-0.725970	-7.389315	-5.800998	-0.213495
-8.023832	-5.536794	-0.725970	-8.799863	-5.333419	-0.485402
3.094863	2.821030	7.826135	2.725507	3.546088	7.725917
3.094863	2.821030	7.826135	2.825897	2.200275	7.392576
5.140763	0.331848	-5.197429	5.057060	1.052868	-4.793215
5.140763	0.331848	-5.197429	4.576784	-0.191493	-4.917955
5.140763	0.331848	-5.197429	5.736646	0.203095	-5.779744
4.714201	-2.430272	-3.983126	5.107334	-2.665613	-3.308620
4.714201	-2.430272	-3.983126	4.367129	-1.709840	-3.818703
-1.386506	2.976022	8.006119	-1.282813	3.794072	7.928271
-1.386506	2.976022	8.006119	-1.452380	2.633118	7.289305
-1.386506	2.976022	8.006119	-1.462035	2.532310	8.688504
3.738847	1.506413	-8.917219	3.474169	0.991060	-9.466808
3.738847	1.506413	-8.917219	3.626706	2.263623	-9.093275
3.738847	1.506413	-8.917219	4.057224	1.185642	-8.232984
4.759820	-2.004990	-7.432017	4.701068	-1.209243	-7.243348
4.759820	-2.004990	-7.432017	5.376948	-2.547100	-7.278628
4.759820	-2.004990	-7.432017	4.198565	-2.342889	-7.813938
3.960435	-1.996076	8.045677	3.233551	-2.383687	8.116083
3.960435	-1.996076	8.045677	4.483831	-2.371245	8.402754
3.960435	-1.996076	8.045677	4.161567	-1.313070	7.649939
-4.150340	-8.460546	-4.520708	-4.687214	-9.073773	-4.783339
-4.150340	-8.460546	-4.520708	-3.410645	-8.559486	-4.674231
-4.150340	-8.460546	-4.520708	-4.389551	-7.764713	-4.126437
-1.114239	-8.924047	-7.057143	-1.513795	-8.661781	-6.429629
-1.114239	-8.924047	-7.057143	-1.580002	-8.664315	-7.508317
-1.114239	-8.924047	-7.057143	-0.453175	-9.341936	-7.002230
1.197688	-5.975306	-4.534963	1.938535	-6.229675	-4.582018
1.197688	-5.975306	-4.534963	1.026425	-5.664680	-3.798646
1.197688	-5.975306	-4.534963	0.600635	-6.020984	-5.114467
0.499564	-5.452336	-5.682239	0.275864	-4.731975	-5.349157
0.499564	-5.452336	-5.682239	0.543919	-5.446767	-6.441052
0.499564	-5.452336	-5.682239	0.600635	-6.020984	-5.114467
-3.126482	-0.423871	0.111643	-3.216038	-1.207527	-0.019321
-3.126482	-0.423871	0.111643	-3.699847	0.008106	0.384302
-3.126482	-0.423871	0.111643	-2.538188	-0.007512	-0.014547
-0.091819	-1.531940	3.501038	0.645168	-1.713171	3.640269
-0.091819	-1.531940	3.501038	-0.549791	-2.145779	3.620814
-0.091819	-1.531940	3.501038	-0.133565	-0.796405	3.273466
-4.855434	-0.128706	1.532758	-4.094498	-0.161081	1.636127
-4.855434	-0.128706	1.532758	-5.195092	-0.876112	1.392925
-7.346800	-2.322496	-1.550100	-6.922395	-3.021189	-1.617431
-7.346800	-2.322496	-1.550100	-7.531003	-2.225358	-0.797312
-7.346800	-2.322496	-1.550100	-7.579585	-1.801785	-2.105598
-6.166469	-1.391259	-0.414987	-5.893601	-0.788205	-0.068673
-6.166469	-1.391259	-0.414987	-6.695561	-1.667914	0.025399
-6.922395	-3.021189	-1.617431	-6.183062	-3.093642	-1.781183
-6.922395	-3.021189	-1.617431	-7.367299	-3.645466	-1.457554
5.190977	2.357537	-0.291772	4.927264	2.298189	0.517777
2.971896	-0.795149	-1.724490	2.311096	-0.523642	-2.028141
2.971896	-0.795149	-1.724490	3.622212	-0.738951	-2.111990
2.971896	-0.795149	-1.724490	3.030166	-1.130694	-1.026681
-2.052724	-7.914514	2.917327	-1.831146	-7.331093	2.402064
-2.052724	-7.914514	2.917327	-1.473971	-8.226048	3.453364
-2.052724	-7.914514	2.917327	-2.827525	-8.201522	2.943784
-6.367397	-4.893422	-0.210973	-6.477794	-4.115929	-0.116257
-6.367397	-4.893422	-0.210973	-6.916950	-5.313949	0.236295
-6.367397	-4.893422	-0.210973	-5.795450	-5.225316	-0.706619
-2.059835	-6.530229	0.485926	-1.539800	-6.170961	0.964205
-1.625366	-7.998611	4.209802	-1.473971	-8.226048	3.453364
-1.625366	-7.998611	4.209802	-1.989267	-8.478195	4.732069
-1.625366	-7.998611	4.209802	-1.382934	-7.262612	4.338656
-2.426953	-6.371592	4.187863	-1.742940	-6.672742	3.965582
-2.426953	-6.371592	4.187863	-2.460978	-5.577056	4.325261
-3.169158	-8.544179	2.358064	-3.910201	-8.215586	2.252421
-3.169158	-8.544179	2.358064	-2.827525	-8.201522	2.943784
-3.937758	-6.495486	-1.305620	-4.011510	-7.073453	-0.694165
-3.937758	-6.495486	-1.305620	-3.427099	-5.846267	-1.218207
-3.937758	-6.495486	-1.305620	-4.372592	-6.483044	-2.031394
-4.892563	-7.810268	1.115031	-4.686856	-8.592845	1.062300
-4.892563	-7.810268	1.115031	-4.278602	-7.389489	1.295696
-2.933904	8.116466	-3.038902	-2.139425	8.210187	-3.240929
-2.933904	8.116466	-3.038902	-3.124745	8.069950	-2.291223
-4.939423	-8.456734	-2.500976	-4.773290	-8.877209	-1.806630
-4.939423	-8.456734	-2.500976	-5.288887	-8.901227	-2.990792
-4.939423	-8.456734	-2.500976	-4.859090	-7.702830	-2.833831
-7.009933	8.955852	-1.360092	-6.348471	8.877920	-0.920881
-7.009933	8.955852	-1.360092	-7.729905	8.875615	-0.987193
-7.009933	8.955852	-1.360092	-6.919031	9.063243	-2.156877
-0.559732	-7.835986	-0.263387	-0.284858	-8.615048	-0.293730
-0.559732	-7.835986	-0.263387	-0.184911	-7.366758	0.259349
-0.559732	-7.835986	-0.263387	-1.172496	-7.588961	-0.746641
-2.114657	-5.828624	-0.550615	-1.675367	-5.177909	-0.212913
-2.114657	-5.828624	-0.550615	-2.606216	-5.690149	-1.125995
3.396080	2.786688	2.225921	3.558890	2.055030	2.524960
3.396080	2.786688	2.225921	3.084470	3.472602	2.585546
3.396080	2.786688	2.225921	3.530442	2.854424	1.450543
3.558890	2.055030	2.524960	3.028930	1.416504	2.479323
3.558890	2.055030	2.524960	4.233107	1.814433	2.914001
4.949645	1.855189	2.486257	5.600933	2.250069	2.721906
4.949645	1.855189	2.486257	4.233107	1.814433	2.914001
4.949645	1.855189	2.486257	5.104207	1.465891	1.729422
0.430224	0.879975	1.049606	0.187536	0.768186	1.741028
0.430224	0.879975	1.049606	0.417226	0.227918	0.617218
0.430224	0.879975	1.049606	0.648715	1.623089	0.903334
2.909911	0.790477	1.259002	3.122149	0.716253	2.030265
2.909911	0.790477	1.259002	2.227769	0.614557	0.818618
2.909911	0.790477	1.259002	3.510552	1.176479	0.821869
1.155555	3.350010	3.768108	0.449115	3.128530	4.106484
1.155555	3.350010	3.768108	1.189151	3.667533	3.051147
1.155555	3.350010	3.768108	1.881940	3.241570	4.171662
-2.536485	3.924365	2.177312	-2.021866	4.046981	1.582220
-2.536485	3.924365	2.177312	-2.587000	3.958378	3.000550
-2.536485	3.924365	2.177312	-3.251328	3.776303	1.891743
1.406777	-1.681883	1.977575	0.979525	-1.036199	1.911254
1.406777	-1.681883	1.977575	2.071291	-2.036545	1.860954
1.406777	-1.681883	1.977575	0.951090	-2.202306	2.268427
-1.942389	-1.567836	6.473612	-1.200184	-1.486731	6.511453
-1.942389	-1.567836	6.473612	-2.109763	-2.190174	6.071089
-1.942389	-1.567836	6.473612	-2.537484	-1.083721	6.786229
3.085692	-1.968890	2.865059	3.650799	-2.169263	2.373819
3.085692	-1.968890	2.865059	3.174637	-1.512195	3.513966
3.085692	-1.968890	2.865059	2.433990	-2.334056	2.567922
3.571530	-1.776263	1.101242	4.099332	-2.071895	0.640103
3.571530	-1.776263	1.101242	3.833045	-1.650906	1.843385
3.571530	-1.776263	1.101242	2.885217	-1.615097	0.802188
-1.238711	1.063672	6.952326	-1.076597	0.289139	6.887212
-1.238711	1.063672	6.952326	-2.015928	1.218356	6.731864
-1.238711	1.063672	6.952326	-0.670786	1.539371	7.151628
-1.258915	-1.371878	7.772472	-1.267994	-0.597419	7.900225
-1.258915	-1.371878	7.772472	-0.799767	-1.649326	7.174152
-1.258915	-1.371878	7.772472	-1.786593	-1.735774	8.286094
0.645168	-1.713171	3.640269	1.027219	-1.437379	4.318888
0.645168	-1.713171	3.640269	0.860153	-2.185061	3.044332
2.312063	-2.082336	1.068839	2.015960	-2.563567	0.514308
2.312063	-2.082336	1.068839	2.071291	-2.036545	1.860954
2.312063	-2.082336	1.068839	2.885217	-1.615097	0.802188
2.835560	-2.483720	-1.332679	2.469699	-2.597515	-2.070207
2.835560	-2.483720	-1.332679	2.649204	-1.825232	-1.023863
2.835560	-2.483720	-1.332679	3.377226	-2.983130	-0.892010
2.022773	-1.750458	-0.659469	1.674534	-2.240783	-0.143748
2.022773	-1.750458	-0.659469	1.571925	-1.084710	-0.761149
2.022773	-1.750458	-0.659469	2.649204	-1.825232	-1.023863
3.231396	1.854631	0.525390	3.153999	1.999779	-0.231824
3.231396	1.854631	0.525390	3.510552	1.176479	0.821869
-0.081005	-0.875409	-1.945447	-0.204868	-0.049083	-1.839866
-0.081005	-0.875409	-1.945447	0.677848	-1.133460	-1.813441
3.650799	-2.169263	2.373819	3.833045	-1.650906	1.843385
3.650799	-2.169263	2.373819	3.952020	-2.904004	2.512274
1.817645	-0.752718	-2.598758	1.248320	-1.306892	-2.386065
1.817645	-0.752718	-2.598758	2.311096	-0.523642	-2.028141
1.817645	-0.752718	-2.598758	1.943726	-0.394983	-3.334897
-3.972405	-4.546467	7.486222	-4.450807	-3.994541	7.800125
-3.972405	-4.546467	7.486222	-4.466371	-4.954923	7.021779
-3.079966	-5.543360	-9.043362	-3.344838	-5.014473	-8.471830
-3.079966	-5.543360	-9.043362	-3.351298	-6.305802	-9.226694
2.898874	-0.773304	3.581699	3.203179	-0.146963	3.220346
2.898874	-0.773304	3.581699	3.174637	-1.512195	3.513966
-0.588589	-2.455786	1.251133	0.151389	-2.204565	1.232838
-0.588589	-2.455786	1.251133	-1.114936	-2.353474	1.808447
-0.588589	-2.455786	1.251133	-0.888207	-2.875998	0.666114
1.337008	3.492736	0.059581	1.221458	3.169378	-0.691343
1.337008	3.492736	0.059581	0.758589	4.000676	0.310515
-3.656739	3.591502	-3.919266	-4.357419	3.913618	-4.140608
-3.656739	3.591502	-3.919266	-3.477937	3.205061	-3.217150
-3.656739	3.591502	-3.919266	-3.145704	3.683281	-4.522526
-0.386771	2.786189	-0.993235	-0.614102	3.326472	-0.471837
-0.386771	2.786189	-0.993235	-0.494893	2.521406	-1.739587
-2.437665	1.172533	-0.697824	-1.707017	1.360632	-0.936963
-2.437665	1.172533	-0.697824	-2.645651	0.396700	-0.750176
-2.437665	1.172533	-0.697824	-2.973274	1.733758	-0.357044
-0.668111	5.486145	-5.275947	-1.295388	5.085465	-4.913333
-0.668111	5.486145	-5.275947	-0.751071	6.177733	-5.607350
-0.668111	5.486145	-5.275947	-0.055715	4.999588	-5.221792
-1.295388	5.085465	-4.913333	-1.405744	5.423009	-4.217454
-1.295388	5.085465	-4.913333	-1.462472	4.524396	-5.436704
2.444557	0.555978	6.263985	2.002237	0.661721	6.967321
2.444557	0.555978	6.263985	2.499015	0.315289	5.483514
2.444557	0.555978	6.263985	3.197097	0.820275	6.409250
2.862053	-0.116770	-5.658371	2.572433	0.551148	-5.435563
2.862053	-0.116770	-5.658371	3.213341	-0.523443	-5.048221
4.925763	3.778231	4.604466	4.202977	3.512212	4.769520
4.925763	3.778231	4.604466	5.164900	4.226949	3.984438
5.333830	5.456210	-7.788433	5.945088	6.007432	-7.955431
5.333830	5.456210	-7.788433	4.547166	5.588686	-7.731502
5.333830	5.456210	-7.788433	5.659359	4.741427	-7.702994
-7.593547	2.331691	8.800841	-7.909365	1.640833	9.044967
-7.593547	2.331691	8.800841	-7.074098	2.674953	9.292412
-8.421514	4.325914	-8.822153	-8.627110	4.962035	-8.342159
-8.421514	4.325914	-8.822153	-8.665194	4.484656	-9.607767
-6.552230	4.643612	-3.686750	-6.261366	5.386550	-3.730668
-6.552230	4.643612	-3.686750	-7.133950	4.628449	-3.110136
-1.923146	-5.389850	-5.013809	-1.240260	-5.209670	-4.565697
-1.923146	-5.389850	-5.013809	-2.538776	-4.914871	-5.176735
-1.255976	-4.336947	-2.856693	-1.433593	-5.150340	-2.748849
-1.255976	-4.336947	-2.856693	-0.673546	-3.876392	-2.529338
-1.255976	-4.336947	-2.856693	-1.766495	-4.056823	-3.366788
-5.517169	-6.430315	-6.752678	-4.730229	-6.278277	-6.945209
-5.517169	-6.430315	-6.752678	-5.994083	-6.176888	-7.314545
-4.730229	-6.278277	-6.945209	-4.655816	-5.473638	-7.049509
-4.730229	-6.278277	-6.945209	-4.089314	-6.720028	-7.038793
-6.159562	-3.464011	-4.626168	-6.727207	-4.014362	-4.800437
-6.159562	-3.464011	-4.626168	-6.406683	-2.778040	-4.350279
-3.789084	-5.160837	-4.619721	-4.126995	-5.407742	-5.238608
-4.433666	4.222994	-8.997939	-4.130643	4.969775	-9.181464
-4.433666	4.222994	-8.997939	-4.410235	3.727206	-9.667708
-5.653176	6.622609	6.539335	-6.023039	5.879661	6.733515
-5.653176	6.622609	6.539335	-4.832090	6.667863	6.468745
-2.347820	6.510056	-4.196674	-1.922261	5.933979	-3.888294
-2.347820	6.510056	-4.196674	-2.067809	7.280217	-4.138003
-2.347820	6.510056	-4.196674	-3.038922	6.314670	-4.549201
-1.158474	7.851942	-6.229210	-0.552893	8.078139	-6.683418
-1.158474	7.851942	-6.229210	-1.040873	7.601400	-5.492506
-1.158474	7.851942	-6.229210	-1.925148	7.885512	-6.560813
5.266580	-7.564676	8.873229	5.806113	-7.808062	9.401433
6.803641	7.575313	-5.296473	6.983674	7.987396	-5.906164
6.803641	7.575313	-5.296473	7.230378	7.650982	-4.693451
6.769156	8.541018	8.272804	6.102464	8.462849	7.760662
6.769156	8.541018	8.272804	6.996011	9.142365	8.683456
6.769156	8.541018	8.272804	7.261505	7.908368	8.306837
5.386716	6.849822	-1.845301	5.934400	7.357407	-1.559939
5.386716	6.849822	-1.845301	5.237237	6.158211	-1.491797
7.502341	-7.650719	-0.784443	8.021421	-7.811721	-1.374695
7.502341	-7.650719	-0.784443	7.511659	-7.242867	-0.086433
7.502341	-7.650719	-0.784443	6.799923	-8.002380	-0.938829
-8.085553	1.739453	-6.581109	-7.626411	1.618843	-5.978126
-8.085553	1.739453	-6.581109	-8.520713	2.312562	-6.798713
-8.085553	1.739453	-6.581109	-8.102687	1.072277	-7.083840
-2.447454	3.296366	-4.391136	-1.806169	3.436731	-3.953301
-2.447454	3.296366	-4.391136	-2.368396	2.620285	-4.772602
-2.447454	3.296366	-4.391136	-3.145704	3.683281	-4.522526
-1.806169	3.436731	-3.953301	-1.123435	3.232759	-4.319695
-1.806169	3.436731	-3.953301	-1.870101	3.686027	-3.244420
-3.831278	3.478584	-6.424498	-3.806965	3.789657	-7.181744
-3.831278	3.478584	-6.424498	-3.305257	3.753875	-5.885622
-1.745256	4.413652	-2.951836	-2.382484	4.811715	-2.528345
-1.745256	4.413652	-2.951836	-1.138218	4.921221	-2.973849
-1.745256	4.413652	-2.951836	-1.870101	3.686027	-3.244420
-2.934172	6.448494	-7.820320	-3.352708	5.744907	-7.567518
-2.934172	6.448494	-7.820320	-2.371181	6.944589	-7.511229
-2.934172	6.448494	-7.820320	-3.243734	6.558835	-8.529599
1.348964	-8.955810	8.964015	1.611015	-8.744230	8.240156
1.348964	-8.955810	8.964015	1.239965	-8.355633	9.539010
1.348964	-8.955810	8.964015	1.198801	-9.716125	9.130576
-0.552893	8.078139	-6.683418	-0.063140	7.461029	-6.828398
-0.552893	8.078139	-6.683418	-0.453175	8.817932	-7.002230
0.708499	2.961344	6.638850	-0.013341	3.157704	6.246971
0.708499	2.961344	6.638850	1.259881	2.416895	6.371055
2.148956	2.551153	4.408611	1.881940	3.241570	4.171662
2.148956	2.551153	4.408611	1.704362	2.237659	5.039825
2.148956	2.551153	4.408611	2.748248	2.072060	4.181793
0.412610	1.977379	4.656241	0.263513	2.369626	4.041979
-0.813982	7.539914	5.195016	-1.384156	7.866524	4.823816
-0.813982	7.539914	5.195016	-0.257490	8.022723	4.968301
-0.813982	7.539914	5.195016	-0.729771	6.938355	5.640853
-8.724605	-3.880348	3.764601	-8.130928	-4.117060	4.262331
-8.724605	-3.880348	3.764601	-8.628939	-3.192576	3.379011
-8.724605	-3.880348	3.764601	-9.319735	-4.379863	3.714823
7.183375	-5.707602	5.012030	6.741480	-5.212810	5.339482
7.183375	-5.707602	5.012030	7.841913	-6.106040	5.058587
7.183375	-5.707602	5.012030	6.830822	-5.878525	4.391996
5.895709	-7.740854	3.428207	5.260325	-8.052103	3.750978
4.317721	-1.755802	4.457616	4.858445	-2.247146	4.124491
4.317721	-1.755802	4.457616	3.517579	-1.668214	4.238027
2.739439	-0.928101	4.821379	2.946646	-0.330754	5.307160
2.739439	-0.928101	4.821379	2.920077	-1.682924	4.813399
5.943461	-3.399160	4.982513	5.759677	-2.582372	4.978454
5.943461	-3.399160	4.982513	5.365038	-3.914296	5.026786
5.943461	-3.399160	4.982513	6.502117	-3.929448	4.932037
-1.702653	1.903165	2.837155	-1.424714	2.080298	3.581877
-1.702653	1.903165	2.837155	-1.065361	1.833734	2.251513
-1.702653	1.903165	2.837155	-2.483991	1.704824	2.591790
0.449115	3.128530	4.106484	-0.059837	3.641404	4.504614
0.449115	3.128530	4.106484	0.263513	2.369626	4.041979
1.853176	1.295138	0.482815	1.384492	1.776238	0.961548
1.853176	1.295138	0.482815	2.227769	0.614557	0.818618
1.853176	1.295138	0.482815	1.938577	1.523266	-0.318548
-6.113817	-6.170448	2.584828	-6.853699	-5.803066	2.856237
-6.113817	-6.170448	2.584828	-5.450598	-5.699042	2.575876
-8.633144	-7.830978	-2.774321	-8.720293	-8.501092	-3.175878
-8.633144	-7.830978	-2.774321	-8.926583	-7.562336	-2.072038
-8.633144	-7.830978	-2.774321	-8.151103	-7.218960	-3.058929
8.321077	-8.768674	0.875084	9.047662	-8.972458	1.234441
8.796249	-3.456797	-1.841431	9.229266	-3.916947	-2.402159
8.796249	-3.456797	-1.841431	9.040897	-2.646629	-1.693540
-6.889552	-6.948882	7.128334	-7.244210	-6.412483	7.569243
-6.889552	-6.948882	7.128334	-6.109293	-7.061493	7.009568
-6.889552	-6.948882	7.128334	-7.425863	-7.393467	6.775355
-8.918688	-8.135485	3.671404	-9.591290	-8.235368	3.367191
-8.918688	-8.135485	3.671404	-8.557839	-8.865036	3.866918
-8.918688	-8.135485	3.671404	-8.664326	-7.427569	3.689368
-4.706490	-5.662598	7.124408	-4.466371	-4.954923	7.021779
-4.706490	-5.662598	7.124408	-5.494872	-5.818372	7.106545
-7.073377	-5.203229	6.863384	-6.465973	-4.887510	7.258187
-7.073377	-5.203229	6.863384	-7.607152	-5.736583	7.189534
-7.073377	-5.203229	6.863384	-7.155685	-5.012613	6.125308
7.573275	3.879112	4.710732	8.271026	3.545255	4.938702
7.573275	3.879112	4.710732	7.071102	3.423971	4.380664
-6.499793	0.767418	7.106371	-6.982304	1.427841	7.083768
-6.499793	0.767418	7.106371	-5.885347	0.647974	6.562568
-6.499793	0.767418	7.106371	-6.544559	0.159701	7.644739
-5.789474	0.263484	8.581140	-6.521689	0.355046	8.377054
-5.789474	0.263484	8.581140	-5.517442	-0.243649	9.160378
-5.789474	0.263484	8.581140	-5.181607	0.613376	8.212074
6.981529	-8.415116	2.870202	7.135826	-8.047743	2.157027
-7.674551	-7.619254	0.602001	-7.848469	-7.153907	0.022577
-7.674551	-7.619254	0.602001	-7.550584	-8.402767	0.580727
-7.674551	-7.619254	0.602001	-7.568195	-7.417852	1.328790
-7.788330	-5.547507	-1.511843	-7.335773	-4.952564	-1.792264
-7.788330	-5.547507	-1.511843	-8.026506	-6.167468	-1.928583
-2.580140	-0.481509	-5.551079	-2.613051	-1.134159	-5.993252
-2.580140	-0.481509	-5.551079	-2.467275	-0.392292	-4.789275
-2.595724	2.230472	-6.289619	-2.374677	2.878812	-5.930860
-2.595724	2.230472	-6.289619	-3.295465	1.771559	-6.202405
-2.595724	2.230472	-6.289619	-2.040467	1.998566	-6.763146
-4.879659	0.111737	-6.613740	-4.590352	-0.492793	-6.263793
-4.879659	0.111737	-6.613740	-4.635723	0.546813	-7.208680
-4.879659	0.111737	-6.613740	-5.622734	0.314342	-6.313334
1.075460	-2.075045	-8.952058	1.548038	-2.112420	-8.311889
1.075460	-2.075045	-8.952058	1.368090	-2.326696	-9.661620
1.075460	-2.075045	-8.952058	0.284984	-1.772188	-8.959596
-2.316367	-3.473320	-8.349652	-2.077257	-2.764485	-8.076456
-2.316367	-3.473320	-8.349652	-2.205261	-4.257121	-8.148007
-0.703402	6.171320	-7.058678	-1.115716	6.024914	-6.360363
-0.703402	6.171320	-7.058678	-0.533567	6.957202	-7.232612
-0.703402	6.171320	-7.058678	-0.415878	5.613240	-7.620787
-0.948254	7.203982	-7.895688	-0.604835	7.355211	-8.612453
-0.948254	7.203982	-7.895688	-0.533567	6.957202	-7.232612
-3.449504	8.163313	8.870892	-3.846915	7.856324	9.558742
-3.449504	8.163313	8.870892	-2.623477	8.042838	8.760970
-5.147543	6.204822	-7.481765	-5.161798	6.437958	-8.243461
-5.147543	6.204822	-7.481765	-4.630362	5.626164	-7.208514
-6.492155	7.716628	6.859345	-6.892969	7.169634	7.224436
-6.492155	7.716628	6.859345	-6.701477	8.483403	7.129355
-4.342620	7.016665	7.066799	-4.216282	7.831339	7.153372
-4.342620	7.016665	7.066799	-4.832090	6.667863	6.468745
-4.462021	6.256067	8.279743	-4.860109	6.791125	8.703582
-4.462021	6.256067	8.279743	-4.431857	5.474396	8.390909
-5.893601	-0.788205	-0.068673	-5.170049	-0.865384	0.153116
-5.893601	-0.788205	-0.068673	-6.399388	-0.195340	-0.015268
-4.309566	-4.132381	-2.055033	-4.887890	-4.221959	-2.659048
-4.309566	-4.132381	-2.055033	-4.164245	-3.512765	-1.536201
0.757650	-0.225875	-4.827040	-0.011858	-0.276857	-4.983931
0.757650	-0.225875	-4.827040	1.105627	-0.909793	-4.897415
-2.871259	-2.849619	-2.922327	-2.552322	-2.257028	-3.420689
-2.871259	-2.849619	-2.922327	-3.054745	-2.814615	-2.105787
-2.206929	-3.225228	-5.020443	-1.925151	-3.366102	-5.739267
-2.206929	-3.225228	-5.020443	-3.013677	-3.298279	-5.036442
-2.206929	-3.225228	-5.020443	-1.843821	-3.059813	-4.286817
-1.419515	-0.702016	-3.001654	-1.046997	-1.422201	-2.902191
-1.419515	-0.702016	-3.001654	-1.046395	-0.234778	-3.523038
-1.419515	-0.702016	-3.001654	-2.060148	-0.366069	-2.682822
-3.925913	-6.423720	-2.784207	-3.695892	-5.783396	-3.285462
-3.925913	-6.423720	-2.784207	-4.372592	-6.483044	-2.031394
6.964012	2.352628	-7.679520	6.501954	2.325625	-6.954915
6.964012	2.352628	-7.679520	7.040123	3.008641	-8.126556
6.964012	2.352628	-7.679520	7.283211	1.728383	-7.837616
3.387448	-1.619965	-8.726669	2.769565	-2.051689	-8.873525
3.387448	-1.619965	-8.726669	4.080175	-1.998276	-8.520331
-6.135725	3.648450	-0.392475	-5.766194	2.956214	-0.197989
-6.135725	3.648450	-0.392475	-5.859493	4.189998	-0.954047
-3.175406	2.058955	5.021053	-2.612591	2.383599	5.362775
-3.175406	2.058955	5.021053	-3.006006	1.979160	4.222191
-4.168706	3.885294	0.187330	-4.639169	4.563354	0.100282
-4.168706	3.885294	0.187330	-3.534393	4.033825	0.631061
-4.168706	3.885294	0.187330	-4.402167	3.195193	-0.152745
-4.639169	4.563354	0.100282	-5.090468	5.002250	0.606072
-5.090468	5.002250	0.606072	-4.684780	5.526493	1.120535
1.720820	7.735125	7.333679	1.395946	7.646126	8.047364
1.720820	7.735125	7.333679	2.430817	7.407853	7.086916
2.725507	3.546088	7.725917	3.027143	4.171046	7.245156
9.047662	-8.972458	1.234441	9.106374	-8.865972	1.975760
9.047662	-8.972458	1.234441	9.687975	-9.292924	0.863844
8.612358	-6.162772	0.957482	8.946646	-6.387613	1.655018
8.612358	-6.162772	0.957482	8.514310	-6.741527	0.417676
-4.887890	-4.221959	-2.659048	-4.660004	-4.362982	-3.386436
-4.887890	-4.221959	-2.659048	-5.691937	-4.174265	-2.596368
-0.398481	5.224517	0.776462	-1.022505	4.956092	0.382883
-0.398481	5.224517	0.776462	-0.285448	4.804109	1.437396
-2.444890	6.098926	0.879817	-2.255062	5.383249	0.682604
-2.444890	6.098926	0.879817	-2.502760	6.648423	0.248658
-2.444890	6.098926	0.879817	-2.566575	6.333006	1.621550
-4.979563	5.021948	5.220521	-4.815729	5.082897	4.397455
-4.979563	5.021948	5.220521	-4.486667	5.516259	5.670720
-4.979563	5.021948	5.220521	-5.554706	4.560696	5.543105
4.166749	4.641339	-1.190065	4.819788	4.158714	-0.984794
4.166749	4.641339	-1.190065	4.180366	5.347299	-1.559967
7.838375	5.775432	4.342359	7.279460	5.335766	4.750199
8.464448	5.774256	2.403079	8.343326	6.281719	3.055766
8.464448	5.774256	2.403079	8.206133	6.187917	1.723461
6.789775	1.437452	5.050756	6.642832	0.652003	5.184561
6.789775	1.437452	5.050756	6.176716	1.769842	4.632734
6.238682	0.129570	6.408848	6.589135	-0.611538	6.508581
6.238682	0.129570	6.408848	6.013512	0.446697	5.712390
-6.474545	-1.399283	2.763271	-6.552830	-1.108430	3.441765
-6.474545	-1.399283	2.763271	-5.793280	-1.641888	2.442838
-6.474545	-1.399283	2.763271	-7.087353	-1.505786	2.222466
6.774038	0.312029	4.056072	6.063653	0.723329	3.900096
6.774038	0.312029	4.056072	7.098173	0.204154	4.765556
-5.642448	0.873323	2.098494	-5.359032	1.542694	2.510237
-8.676265	-1.431284	6.665985	-8.780415	-1.218012	7.384135
-8.676265	-1.431284	6.665985	-9.104058	-2.001172	6.372510
-8.676265	-1.431284	6.665985	-8.117411	-0.938335	6.397085
-8.721293	3.137733	2.510921	-8.338540	3.199256	3.219196
-8.721293	3.137733	2.510921	-9.389326	3.587809	2.673719
-8.040571	2.506156	0.101644	-8.706520	2.531069	0.593743
-8.040571	2.506156	0.101644	-7.789734	3.168787	-0.312415
-8.040571	2.506156	0.101644	-7.675777	1.826302	0.040989
-0.415756	-4.408830	-5.468016	0.275864	-4.731975	-5.349157
-3.733393	0.995941	-2.169424	-3.643093	0.272950	-1.841815
-3.733393	0.995941	-2.169424	-4.308495	1.298469	-1.704310
-5.598454	1.048192	-2.368684	-5.096010	1.495509	-1.964864
-5.598454	1.048192	-2.368684	-5.545288	0.933474	-3.214188
-5.598454	1.048192	-2.368684	-6.201614	0.699138	-1.876694
-4.846806	-6.269409	8.945146	-4.994876	-5.490552	9.188738
-4.846806	-6.269409	8.945146	-4.108213	-6.402316	8.600348
-4.846806	-6.269409	8.945146	-5.404551	-6.914191	8.984776
-7.492644	-3.309952	8.886383	-7.082444	-3.889365	8.546209
-7.492644	-3.309952	8.886383	-7.100597	-2.794794	9.306216
-7.492644	-3.309952	8.886383	-8.271166	-3.385024	8.745918
-4.378088	-0.564153	6.915613	-4.650771	0.064024	6.463458
-4.378088	-0.564153	6.915613	-4.773917	-0.542199	7.607459
-4.378088	-0.564153	6.915613	-3.830345	-1.173547	6.737396
-5.967814	-0.945527	7.042912	-5.315074	-1.144831	7.504143
-5.967814	-0.945527	7.042912	-6.295718	-0.966392	6.286249
-9.012426	-2.663436	5.998082	-9.461515	-2.686170	5.307725
-9.012426	-2.663436	5.998082	-9.104058	-2.001172	6.372510
-9.012426	-2.663436	5.998082	-8.531986	-3.210049	6.358594
-8.130928	-4.117060	4.262331	-7.370136	-4.221751	3.985235
-8.130928	-4.117060	4.262331	-8.104123	-4.299034	4.997854
3.692585	-4.569588	-2.180313	3.423022	-4.722466	-1.455075
3.692585	-4.569588	-2.180313	3.879656	-3.803340	-2.420641
2.121290	-6.737878	-2.669305	2.177978	-7.441559	-3.072923
2.121290	-6.737878	-2.669305	1.389747	-6.399167	-2.616506
2.121290	-6.737878	-2.669305	2.841782	-6.587452	-2.441798
-4.389996	-2.873979	7.186866	-4.448857	-2.285009	7.712974
-4.389996	-2.873979	7.186866	-3.978543	-2.910814	6.549997
-4.389996	-2.873979	7.186866	-4.694934	-3.520004	7.208387
-5.148831	-8.339235	-7.466275	-4.442800	-8.021825	-7.125428
-7.305692	-6.581083	-7.392616	-7.610202	-6.939423	-6.725137
-7.305692	-6.581083	-7.392616	-7.817076	-6.141014	-7.817539
-5.149612	-7.629400	8.653693	-4.905628	-8.275990	9.022946
-5.149612	-7.629400	8.653693	-5.150383	-7.602362	7.858737
-5.149612	-7.629400	8.653693	-5.404551	-6.914191	8.984776
-7.531003	-2.225358	-0.797312	-7.417587	-1.701278	-0.268414
-2.403091	-2.897020	2.614954	-1.665095	-3.265252	2.527212
-2.403091	-2.897020	2.614954	-3.032937	-3.047080	2.146384
-2.403091	-2.897020	2.614954	-2.697127	-2.290558	3.102443
1.674534	-2.240783	-0.143748	2.015960	-2.563567	0.514308
1.674534	-2.240783	-0.143748	0.942024	-2.329917	-0.436291
-1.933842	0.030338	0.550730	-1.300229	-0.403680	0.795142
-1.933842	0.030338	0.550730	-1.963624	0.690124	1.013367
-1.933842	0.030338	0.550730	-2.538188	-0.007512	-0.014547
-1.300229	-0.403680	0.795142	-0.720535	-0.570369	0.237174
-1.300229	-0.403680	0.795142	-1.258903	-0.619123	1.610789
-6.089679	-7.573820	3.529211	-6.011218	-7.499853	2.848610
-6.786734	-6.950210	5.017234	-7.076651	-7.506459	5.481583
-6.786734	-6.950210	5.017234	-6.338049	-6.364176	5.330959
-6.786734	-6.950210	5.017234	-6.958722	-6.936748	4.256609
-7.848469	-7.153907	0.022577	-8.562108	-7.158612	-0.375285
-7.848469	-7.153907	0.022577	-7.285096	-6.620579	-0.248147
-6.853699	-5.803066	2.856237	-7.281790	-5.600163	2.220551
-6.853699	-5.803066	2.856237	-7.074857	-5.680070	3.620654
-6.948106	-3.564794	3.662114	-6.924358	-3.602564	2.845307
-6.948106	-3.564794	3.662114	-7.370136	-4.221751	3.985235
1.070123	6.951706	1.926619	1.186333	7.782814	2.065478
0.826684	8.217006	-0.133547	1.607301	8.450350	-0.179345
0.826684	8.217006	-0.133547	0.433816	7.665087	-0.652549
1.395946	7.646126	8.047364	1.665096	7.850391	8.771126
1.395946	7.646126	8.047364	0.675351	7.296488	8.116420
2.430817	7.407853	7.086916	3.058059	7.889292	6.955981
2.430817	7.407853	7.086916	2.677675	6.680727	6.947575
0.263224	4.147758	-8.897437	0.270540	3.431765	-8.555660
0.263224	4.147758	-8.897437	0.903441	4.643431	-8.890431
1.545688	-8.826121	4.644560	1.332562	-8.303276	5.250729
1.545688	-8.826121	4.644560	1.892922	-9.572383	4.698309
1.186333	7.782814	2.065478	0.637158	8.218796	1.682311
1.186333	7.782814	2.065478	1.767571	8.043687	2.523153
1.332562	-8.303276	5.250729	0.537330	-8.176801	5.235114
1.332562	-8.303276	5.250729	1.948943	-8.034661	5.676244
-1.899706	4.762450	4.530212	-1.708728	4.592029	3.866087
-1.899706	4.762450	4.530212	-1.630394	5.389514	4.825715
-1.899706	4.762450	4.530212	-2.397313	4.207002	4.825027
-1.707017	1.360632	-0.936963	-1.219304	1.453995	-0.267115
-1.707017	1.360632	-0.936963	-1.435894	1.431124	-1.681072
0.979525	-1.036199	1.911254	0.804582	-0.928280	1.156457
0.979525	-1.036199	1.911254	0.656825	-0.507430	2.333158
-3.806520	2.035496	1.384932	-3.553807	2.446555	2.021972
-3.806520	2.035496	1.384932	-3.252402	1.709136	0.956529
-3.806520	2.035496	1.384932	-4.577874	1.911822	1.128900
-0.453981	1.300580	-0.291854	-0.054128	1.919554	-0.035666
-0.453981	1.300580	-0.291854	-1.219304	1.453995	-0.267115
-0.453981	1.300580	-0.291854	-0.159152	0.583714	-0.541351
0.337954	4.395673	1.529757	0.886021	4.556609	2.106066
0.337954	4.395673	1.529757	0.263548	3.872347	0.965599
0.337954	4.395673	1.529757	-0.285448	4.804109	1.437396
6.082921	5.189448	-2.018564	6.712714	5.368882	-2.355565
6.082921	5.189448	-2.018564	5.835168	5.592603	-1.419810
6.082921	5.189448	-2.018564	5.744851	4.552306	-2.393038
-5.222632	6.501254	-5.266624	-5.585955	5.769502	-5.225344
-5.222632	6.501254	-5.266624	-4.989575	6.805048	-5.951300
-5.222632	6.501254	-5.266624	-5.083160	6.942259	-4.573924
4.860399	3.064573	-2.858157	4.724096	3.607627	-3.404318
4.860399	3.064573	-2.858157	4.781962	2.270543	-2.917864
4.860399	3.064573	-2.858157	5.107603	3.391234	-2.113039
6.712714	5.368882	-2.355565	7.334167	4.945159	-2.148447
6.712714	5.368882	-2.355565	6.709150	5.952388	-2.919131
4.899109	3.414306	-1.351133	4.819788	4.158714	-0.984794
4.899109	3.414306	-1.351133	5.107603	3.391234	-2.113039
3.120592	3.773168	-1.071428	2.661503	3.730095	-1.708973
2.488474	5.144158	-3.490215	3.196834	5.335380	-3.812677
2.488474	5.144158	-3.490215	2.241653	5.759759	-3.204576
2.488474	5.144158	-3.490215	2.284487	4.384524	-3.532196
6.942024	-8.033968	-5.763200	6.464026	-7.936207	-6.436351
6.942024	-8.033968	-5.763200	7.305101	-8.783742	-5.718215
-6.025159	-8.910634	4.877183	-6.298809	-9.646069	4.760070
-6.025159	-8.910634	4.877183	-5.574863	-8.558184	4.300826
-6.025159	-8.910634	4.877183	-6.205598	-8.552815	5.568970
-6.881042	8.333754	4.333855	-6.298809	8.513799	4.760070
-6.881042	8.333754	4.333855	-6.930651	8.288186	3.542512
-7.358899	6.988865	5.488760	-6.651696	6.870695	5.306255
-7.358899	6.988865	5.488760	-7.731108	7.402859	4.897390
-6.298809	8.513799	4.760070	-5.892926	7.919333	5.151672
-5.462910	6.486012	3.772509	-5.313842	5.841478	3.416551
-5.462910	6.486012	3.772509	-4.989164	7.090983	3.876706
-5.462910	6.486012	3.772509	-6.201425	6.552863	4.070902
2.161170	6.360977	3.205809	1.715340	6.220768	3.842462
0.886021	4.556609	2.106066	1.614863	4.895015	1.997816
8.117540	-0.438693	2.258677	8.201206	-0.933885	2.886909
8.117540	-0.438693	2.258677	8.168935	-0.547753	1.513848
-5.135540	1.331740	7.852770	-5.434446	2.041527	7.977752
-5.135540	1.331740	7.852770	-4.727419	1.306194	7.160029
-5.135540	1.331740	7.852770	-5.181607	0.613376	8.212074
8.511641	2.203419	7.642420	8.076425	2.358685	8.334987
8.511641	2.203419	7.642420	8.138276	2.151075	6.970976
8.511641	2.203419	7.642420	9.297054	2.112570	7.586741
-7.748114	1.378054	6.849208	-6.982304	1.427841	7.083768
-7.748114	1.378054	6.849208	-7.877121	1.152892	6.097873
-7.748114	1.378054	6.849208	-8.329246	1.539755	7.410844
5.668514	-2.922814	-7.973834	5.376948	-2.547100	-7.278628
5.668514	-2.922814	-7.973834	6.140917	-2.401828	-8.383804
5.668514	-2.922814	-7.973834	5.560318	-3.658962	-8.363549
8.224209	-0.757558	9.032511	8.200607	-0.033694	8.617658
8.224209	-0.757558	9.032511	8.234215	-1.516400	8.670757
8.224209	-0.757558	9.032511	8.162462	-0.846397	9.892782
7.851000	1.519134	-8.283726	8.532302	1.666421	-7.910609
7.851000	1.519134	-8.283726	7.683285	1.217262	-9.020246
7.851000	1.519134	-8.283726	7.283211	1.728383	-7.837616
6.507950	2.879923	6.692734	6.142177	3.551908	6.891850
6.507950	2.879923	6.692734	6.181151	2.219263	6.912376
4.824551	8.864905	-8.932387	5.401187	8.971394	-8.331509
4.824551	8.864905	-8.932387	4.109292	9.210634	-8.858499
7.808879	6.036546	-7.870844	7.832377	5.301685	-8.216058
7.808879	6.036546	-7.870844	7.482119	6.155229	-7.153723
7.808879	6.036546	-7.870844	8.136401	6.714275	-8.272078
-8.804436	6.308383	-8.857801	-8.316286	5.709307	-8.572785
-8.804436	6.308383	-8.857801	-9.234061	6.741355	-8.406593
7.908683	6.506039	-4.473200	8.266470	6.553762	-3.855197
7.908683	6.506039	-4.473200	7.909115	7.240910	-4.784156
7.908683	6.506039	-4.473200	7.554169	5.877138	-4.786388
6.880552	-8.954394	5.875229	7.188855	-9.323598	5.229749
6.880552	-8.954394	5.875229	6.151699	-8.946735	6.237164
6.880552	-8.954394	5.875229	7.446318	-8.501713	6.212897
8.811749	7.771313	6.972881	9.491016	7.689711	7.485912
8.811749	7.771313	6.972881	8.666882	7.402151	6.255738
8.811749	7.771313	6.972881	8.245986	8.263453	7.258796
4.487588	2.728179	7.235682	4.843493	2.014325	7.111082
4.487588	2.728179	7.235682	4.288185	3.198055	6.571847
0.335912	0.089897	8.164553	0.242595	0.910989	8.208286
0.335912	0.089897	8.164553	0.913130	-0.084680	7.584859
0.335912	0.089897	8.164553	-0.134044	-0.406664	8.655260
3.044837	3.912401	3.949118	3.565614	3.933101	4.559860
3.044837	3.912401	3.949118	2.320551	3.827562	4.339274
5.504473	4.137929	5.752680	5.489586	3.826418	6.456879
5.504473	4.137929	5.752680	5.475140	4.962300	5.600692
7.279460	5.335766	4.750199	6.524403	5.630851	4.999306
3.510993	5.662378	4.407683	3.540341	5.188165	5.082953
3.510993	5.662378	4.407683	3.980325	5.491899	3.784793
3.510993	5.662378	4.407683	3.009663	6.292931	4.423902
2.685091	4.218406	5.386560	3.304579	4.515223	5.016897
2.685091	4.218406	5.386560	2.691056	3.888478	6.082848
2.685091	4.218406	5.386560	2.047815	4.255540	4.949776
-7.281790	-5.600163	2.220551	-7.957773	-5.702697	1.838503
-6.069223	-5.529658	-1.424278	-6.554915	-5.111194	-1.962623
-6.069223	-5.529658	-1.424278	-5.795450	-5.225316	-0.706619
-7.242260	-3.907692	-0.112416	-6.477794	-4.115929	-0.116257
-7.242260	-3.907692	-0.112416	-7.560528	-4.095092	0.587746
-7.242260	-3.907692	-0.112416	-7.487901	-3.534678	-0.728766
-4.331391	-3.623438	-0.690489	-3.979333	-4.285490	-0.323220
-4.331391	-3.623438	-0.690489	-4.803220	-3.185588	-0.262623
-4.331391	-3.623438	-0.690489	-4.164245	-3.512765	-1.536201
7.106774	-5.593501	1.973197	7.330599	-5.897134	2.640110
7.106774	-5.593501	1.973197	7.513287	-5.021970	1.630798
6.378260	-6.774124	0.629829	6.978757	-6.636996	0.135026
6.378260	-6.774124	0.629829	6.354730	-6.567729	1.344129
5.476338	-6.569304	-0.138039	5.006424	-6.050398	0.273398
5.476338	-6.569304	-0.138039	5.697229	-6.597259	-0.881312
0.477672	7.402645	3.826112	0.430897	6.637213	3.440647
0.477672	7.402645	3.826112	-0.118763	7.823549	4.175457
7.832377	5.301685	-8.216058	7.428575	5.183617	-8.892627
7.832377	5.301685	-8.216058	8.251314	4.727909	-7.866563
8.639843	8.981944	-5.123365	8.144736	9.279155	-5.700494
8.639843	8.981944	-5.123365	8.558741	8.303315	-4.750224
8.639843	8.981944	-5.123365	9.269259	9.350688	-4.875882
8.532302	1.666421	-7.910609	9.181447	1.946786	-8.206629
8.532302	1.666421	-7.910609	8.532827	1.557937	-7.109178
8.124506	1.328117	-4.968920	8.708804	0.777464	-4.965558
8.124506	1.328117	-4.968920	7.332025	1.089406	-4.868723
8.124506	1.328117	-4.968920	8.200165	2.115860	-5.061619
8.076425	2.358685	8.334987	7.500687	1.825628	8.566967
2.002237	0.661721	6.967321	1.810845	1.436797	7.180268
2.002237	0.661721	6.967321	1.702499	0.136227	7.565175
0.494047	-4.951294	8.976825	0.517607	-5.115696	9.783682
0.494047	-4.951294	8.976825	-0.160332	-4.875906	8.651458
0.494047	-4.951294	8.976825	1.190795	-4.903484	8.636927
4.856293	-1.752747	5.738188	5.629483	-2.064936	5.614473
4.856293	-1.752747	5.738188	4.410689	-1.909841	6.410462
4.427895	-0.733254	8.115746	5.126867	-0.589091	8.438241
4.427895	-0.733254	8.115746	3.817095	-0.256984	8.250718
4.427895	-0.733254	8.115746	4.161567	-1.313070	7.649939
-4.490669	0.903127	-0.318838	-4.167040	1.395705	-0.891671
-4.490669	0.903127	-0.318838	-4.284379	0.156356	-0.084105
-0.674170	-1.310753	-0.033108	0.091541	-1.499667	0.072357
-0.674170	-1.310753	-0.033108	-0.720535	-0.570369	0.237174
-0.674170	-1.310753	-0.033108	-1.133584	-1.896963	-0.333185
-8.095189	5.113705	-1.120427	-8.716011	4.554801	-1.124640
-8.095189	5.113705	-1.120427	-8.174414	5.922003	-1.209257
8.968426	6.775641	-3.783291	8.266470	6.553762	-3.855197
8.968426	6.775641	-3.783291	9.387490	7.344818	-3.947586
8.968426	6.775641	-3.783291	9.442708	6.324421	-3.402463
-1.381261	0.759308	-2.176247	-0.704020	0.354595	-2.365502
-1.381261	0.759308	-2.176247	-1.435894	1.431124	-1.681072
-1.040873	7.601400	-5.492506	-0.542347	6.962322	-5.325091
-2.487229	6.190096	-5.923592	-2.627992	6.900949	-6.178965
-2.487229	6.190096	-5.923592	-1.895146	5.708099	-6.307156
-2.487229	6.190096	-5.923592	-2.989410	6.046444	-5.325018
-5.621454	-3.448259	2.280795	-5.234921	-3.527051	1.558428
-5.621454	-3.448259	2.280795	-5.339538	-2.949272	2.833822
-5.234921	-3.527051	1.558428	-4.737867	-4.150266	1.549674
-5.234921	-3.527051	1.558428	-5.308480	-3.118569	0.924301
-5.224916	-2.148082	2.661389	-4.468237	-1.843182	2.715180
-5.224916	-2.148082	2.661389	-5.793280	-1.641888	2.442838
-5.224916	-2.148082	2.661389	-5.339538	-2.949272	2.833822
-2.431718	-0.741312	4.318917	-3.207887	-0.837227	4.523012
-2.431718	-0.741312	4.318917	-2.142622	-0.009327	4.496477
-2.431718	-0.741312	4.318917	-2.139849	-1.400024	3.992464
-7.940662	-5.647709	5.340420	-7.264427	-5.430670	5.585325
-7.940662	-5.647709	5.340420	-8.431453	-4.997329	5.257704
-7.940662	-5.647709	5.340420	-8.105452	-6.373618	5.155895
1.914236	-5.088676	-6.935855	2.447280	-5.497111	-7.136022
5.380149	8.564678	-7.604343	5.526776	7.781390	-7.429659
5.380149	8.564678	-7.604343	5.177666	8.935366	-6.902928
5.380149	8.564678	-7.604343	5.401187	8.971394	-8.331509
5.439265	7.136139	-5.181058	5.086153	6.852299	-5.849417
5.439265	7.136139	-5.181058	5.203473	7.437200	-4.493665
-5.130357	5.867921	2.640920	-5.313842	5.841478	3.416551
-5.130357	5.867921	2.640920	-5.697128	6.082240	2.056790
-5.130357	5.867921	2.640920	-4.379412	5.679991	2.358761
-4.616800	6.346197	0.953745	-4.684780	5.526493	1.120535
-4.616800	6.346197	0.953745	-5.305364	6.605825	0.901789
-4.616800	6.346197	0.953745	-4.017032	6.837509	0.868270
8.455903	2.318857	-0.230464	8.245940	1.697083	0.245356
8.455903	2.318857	-0.230464	8.374483	2.459278	-1.034913
8.455903	2.318857	-0.230464	8.813887	2.831148	0.260242
8.245940	1.697083	0.245356	8.538481	0.950439	0.172005
8.569539	3.579675	0.401580	7.836256	3.748050	0.683092
8.569539	3.579675	0.401580	8.813887	2.831148	0.260242
8.569539	3.579675	0.401580	9.075566	4.201693	0.233877
-6.730064	6.916140	3.579474	-6.530440	7.657825	3.269652
-6.730064	6.916140	3.579474	-6.201425	6.552863	4.070902
-6.483235	2.236603	2.429322	-6.454409	2.200242	3.238288
-6.483235	2.236603	2.429322	-5.731808	2.234353	2.211820
-6.483235	2.236603	2.429322	-7.076138	2.255695	1.857094
-3.705213	3.726342	3.755214	-4.256143	3.329980	3.372043
-3.705213	3.726342	3.755214	-3.663320	4.329587	4.283290
-3.705213	3.726342	3.755214	-2.979824	3.363237	3.468083
-4.256143	3.329980	3.372043	-4.751519	2.799840	3.638049
-4.256143	3.329980	3.372043	-4.227417	3.475527	2.619908
-6.411254	1.007177	5.333619	-7.093906	1.352724	5.033646
-6.411254	1.007177	5.333619	-5.722103	1.320173	5.108781
-6.411254	1.007177	5.333619	-6.155004	0.418891	5.810874
-5.619296	-0.603502	5.073489	-5.628390	-1.253315	4.554627
-5.619296	-0.603502	5.073489	-6.029658	-0.453752	5.717433
-5.619296	-0.603502	5.073489	-5.208314	0.049864	5.140584
0.358461	7.902503	-2.129234	-0.131667	8.077105	-2.703245
0.358461	7.902503	-2.129234	1.009062	7.612652	-2.395588
0.358461	7.902503	-2.129234	0.194035	8.030166	-1.366745
-0.280368	8.655680	-1.285950	0.194035	8.030166	-1.366745
-0.280368	8.655680	-1.285950	-1.034543	8.741461	-1.458474
-0.280368	8.655680	-1.285950	0.049274	9.274823	-0.974470
-4.040270	2.768122	-0.826514	-3.676782	2.021906	-0.676101
-4.040270	2.768122	-0.826514	-4.402167	3.195193	-0.152745
-4.040270	2.768122	-0.826514	-4.085728	3.089742	-1.608488
-4.836271	-3.321220	-5.923856	-5.126781	-3.799978	-5.391739
-4.836271	-3.321220	-5.923856	-4.028543	-3.235052	-6.001745
-4.836271	-3.321220	-5.923856	-5.233994	-2.884690	-6.449182
-2.000992	1.231791	-7.733253	-2.623265	0.778699	-7.571298
-9.051683	-5.146211	-4.517331	-8.610178	-4.523221	-4.842191
-9.051683	-5.146211	-4.517331	-9.710321	-5.480227	-4.773898
-9.051683	-5.146211	-4.517331	-8.785287	-5.403926	-3.819068
-7.667530	-3.210291	-6.230046	-7.771836	-2.474193	-5.902458
-7.667530	-3.210291	-6.230046	-7.598115	-3.244881	-7.039420
-7.667530	-3.210291	-6.230046	-7.626834	-3.941651	-5.769065
4.839235	-6.825976	1.948232	4.285364	-7.333677	2.086618
2.882921	-4.522658	0.729256	2.490256	-3.941369	0.395134
8.008792	-8.616264	3.680741	8.568578	-8.235368	3.367191
8.008792	-8.616264	3.680741	7.741537	-9.324379	3.446585
0.620363	-7.221529	2.709218	0.227572	-7.948894	2.595055
0.620363	-7.221529	2.709218	1.410446	-7.236967	2.660525
0.903403	-4.590390	-0.341782	0.340918	-5.195998	-0.176541
0.903403	-4.590390	-0.341782	0.861945	-3.915516	0.053989
2.661503	3.730095	-1.708973	2.025210	4.055117	-1.479812
2.661503	3.730095	-1.708973	2.812733	3.461476	-2.436681
6.973707	4.394760	2.462555	6.634749	5.089673	2.303492
6.973707	4.394760	2.462555	6.610716	3.819208	2.981517
6.973707	4.394760	2.462555	7.700681	4.117542	2.088286
-8.532805	5.092612	1.203454	-8.479337	4.400768	0.744570
-8.532805	5.092612	1.203454	-8.635768	4.990533	2.004923
-8.489452	6.236794	-0.610495	-8.174414	5.922003	-1.209257
-8.489452	6.236794	-0.610495	-8.023863	6.653086	-0.193542
-8.489452	6.236794	-0.610495	-9.208103	6.202754	-0.285673
-0.982316	4.369057	3.752716	-0.813170	3.731163	4.226304
-0.982316	4.369057	3.752716	-0.503024	4.764305	3.256544
-0.982316	4.369057	3.752716	-1.708728	4.592029	3.866087
-4.088781	8.153798	2.233233	-4.595192	8.780492	1.925326
-4.088781	8.153798	2.233233	-4.034054	7.866268	3.002336
-2.532797	-4.147483	-3.191066	-2.826790	-4.807429	-2.882729
-2.532797	-4.147483	-3.191066	-1.766495	-4.056823	-3.366788
-4.828157	-2.707251	0.415695	-4.546943	-2.006435	0.667980
-4.828157	-2.707251	0.415695	-4.803220	-3.185588	-0.262623
-4.828157	-2.707251	0.415695	-5.308480	-3.118569	0.924301
-3.918650	-6.923684	0.729552	-4.267739	-6.856414	0.063431
-3.918650	-6.923684	0.729552	-4.278602	-7.389489	1.295696
-4.592315	-1.933465	-1.365632	-5.364539	-2.136492	-1.216520
-4.592315	-1.933465	-1.365632	-4.097694	-1.488701	-1.039792
-4.592315	-1.933465	-1.365632	-4.295296	-2.217573	-2.023263
-7.335773	-4.952564	-1.792264	-7.605488	-4.184331	-1.911489
-7.335773	-4.952564	-1.792264	-6.554915	-5.111194	-1.962623
-8.275225	8.101397	1.049999	-8.471893	8.866944	0.863844
-8.173799	5.127198	-5.443538	-8.524746	4.951634	-4.743494
-8.173799	5.127198	-5.443538	-8.416930	5.580291	-6.079568
-8.173799	5.127198	-5.443538	-7.458036	4.818804	-5.573911
-8.358934	4.013626	-3.159056	-8.906685	4.172870	-2.549566
-8.358934	4.013626	-3.159056	-8.227217	3.257347	-3.512227
-8.358934	4.013626	-3.159056	-7.908022	4.630003	-3.427724
-6.368627	5.689430	-5.058976	-6.943734	5.440499	-5.581936
-6.368627	5.689430	-5.058976	-6.507213	5.882290	-4.313203
-6.368627	5.689430	-5.058976	-5.585955	5.769502	-5.225344
4.707907	3.865456	6.567981	4.288185	3.198055	6.571847
4.707907	3.865456	6.567981	4.273722	4.517004	6.651102
4.707907	3.865456	6.567981	5.489586	3.826418	6.456879
-1.224932	6.879850	8.264002	-0.816816	6.917580	7.528766
-1.224932	6.879850	8.264002	-2.036205	6.958813	8.223309
-0.742314	6.425204	6.922020	-1.177701	6.730690	6.276419
-0.742314	6.425204	6.922020	-0.816816	6.917580	7.528766
-0.742314	6.425204	6.922020	-0.232905	5.745794	6.976257
-2.687722	6.452601	8.258040	-2.903691	6.091018	8.958920
-2.687722	6.452601	8.258040	-3.206178	6.262472	7.629726
-2.687722	6.452601	8.258040	-2.036205	6.958813	8.223309
2.992463	2.036775	6.607492	3.459971	1.492935	6.200356
2.992463	2.036775	6.607492	2.573846	2.517184	6.135065
2.992463	2.036775	6.607492	2.825897	2.200275	7.392576
3.604150	-0.329349	6.396047	3.694511	0.362237	6.794145
3.604150	-0.329349	6.396047	3.387194	-1.033343	6.590087
-3.935138	1.844853	-3.547546	-4.055638	1.917056	-4.357912
-3.935138	1.844853	-3.547546	-3.986409	2.541921	-3.006925
-3.935138	1.844853	-3.547546	-3.749655	1.091924	-3.420117
-3.879918	0.073605	-5.218461	-3.343741	0.563494	-5.534348
-3.879918	0.073605	-5.218461	-4.496219	-0.338568	-5.473539
0.242595	0.910989	8.208286	0.002756	1.243187	7.479610
0.242595	0.910989	8.208286	0.421682	1.203452	8.921248
1.296268	4.545518	7.374529	0.642315	4.114068	7.401914
1.296268	4.545518	7.374529	1.489304	4.943681	8.068054
1.296268	4.545518	7.374529	1.767912	4.601218	6.719745
2.361327	6.006999	8.129479	2.888379	6.229300	7.584704
2.361327	6.006999	8.129479	2.546182	6.108015	8.908473
2.361327	6.006999	8.129479	1.621695	5.676314	7.988170
8.004769	-2.596310	1.213003	8.784754	-2.521734	1.414947
8.004769	-2.596310	1.213003	7.745914	-2.027228	0.670174
5.588255	-2.206778	-2.909866	5.107334	-2.665613	-3.308620
5.588255	-2.206778	-2.909866	5.259787	-1.607348	-2.530656
-2.432152	0.926212	2.286839	-2.290208	0.396401	2.805229
-2.432152	0.926212	2.286839	-2.521696	0.834136	1.523976
-2.432152	0.926212	2.286839	-2.483991	1.704824	2.591790
-7.586542	5.929384	-8.584281	-8.316286	5.709307	-8.572785
-7.586542	5.929384	-8.584281	-7.237260	6.531219	-8.176261
-7.586542	5.929384	-8.584281	-7.100405	5.533949	-9.092332
-5.776996	4.254824	7.814819	-5.461003	4.979667	7.672290
-5.776996	4.254824	7.814819	-6.444961	4.250729	8.128586
-5.776996	4.254824	7.814819	-5.499011	3.555168	7.677111
-5.609736	3.041963	7.066258	-5.982244	2.408574	7.408998
-5.609736	3.041963	7.066258	-5.304076	3.319719	6.406344
-5.609736	3.041963	7.066258	-5.499011	3.555168	7.677111
-5.315074	-1.144831	7.504143	-4.773917	-0.542199	7.607459
-5.315074	-1.144831	7.504143	-5.078159	-1.823888	7.889830
-5.434446	2.041527	7.977752	-5.382475	2.583221	8.516641
-5.434446	2.041527	7.977752	-5.982244	2.408574	7.408998
8.132790	-5.530835	9.001700	8.267956	-5.273016	9.771368
8.132790	-5.530835	9.001700	7.516708	-5.180867	8.646352
8.132790	-5.530835	9.001700	8.622668	-6.064083	8.747517
6.071851	-4.169648	-8.691439	6.599745	-4.712483	-8.608662
6.071851	-4.169648	-8.691439	5.978142	-4.024313	-9.461601
6.071851	-4.169648	-8.691439	5.560318	-3.658962	-8.363549
7.013890	-4.533196	-7.974972	6.599745	-4.712483	-8.608662
7.013890	-4.533196	-7.974972	7.481386	-3.964223	-7.998539
7.013890	-4.533196	-7.974972	6.973815	-4.917826	-7.302273
-1.392914	8.716043	9.059901	-1.508685	9.469629	8.935918
-1.392914	8.716043	9.059901	-0.616496	8.403195	8.943383
-7.268508	-8.570126	-8.765594	-7.045199	-8.344939	-8.035495
-7.268508	-8.570126	-8.765594	-7.946416	-8.202755	-9.082027
-4.686856	-8.592845	1.062300	-4.011615	-8.757961	0.702310
-4.686856	-8.592845	1.062300	-5.093710	-9.206281	1.353008
-8.118664	8.203265	-1.154438	-7.729905	8.875615	-0.987193
-8.118664	8.203265	-1.154438	-7.716238	7.733764	-0.762467
-8.118664	8.203265	-1.154438	-8.753108	8.070757	-1.587891
-4.319281	-8.496379	-0.618279	-4.027433	-8.985957	-0.003913
-4.319281	-8.496379	-0.618279	-4.997058	-8.701798	-1.052301
-4.580411	7.796824	-1.422863	-4.769360	7.643872	-0.632653
-4.580411	7.796824	-1.422863	-4.547174	7.236734	-2.010286
-5.761754	-8.745173	-0.739998	-6.348471	-9.281948	-0.920881
-5.761754	-8.745173	-0.739998	-4.997058	-8.701798	-1.052301
3.338876	0.047377	-7.645842	3.445018	0.865882	-7.728740
3.338876	0.047377	-7.645842	3.477318	-0.429582	-6.957033
3.338876	0.047377	-7.645842	3.041444	-0.325230	-8.331466
3.220983	-2.360469	-4.881980	2.718156	-2.153752	-4.373196
3.220983	-2.360469	-4.881980	3.275442	-2.078831	-5.599945
3.220983	-2.360469	-4.881980	3.741143	-2.876254	-4.577958
2.816814	-1.938042	-6.268633	2.478284	-1.187380	-6.432606
2.816814	-1.938042	-6.268633	3.275442	-2.078831	-5.599945
2.816814	-1.938042	-6.268633	2.763030	-2.553071	-6.654396
-0.822274	-1.045566	-6.921818	-1.635669	-0.987730	-6.982578
3.806010	-6.760034	-3.364191	3.681029	-7.112526	-4.078345
3.806010	-6.760034	-3.364191	4.431513	-6.892787	-2.947980
3.681029	-7.112526	-4.078345	3.149945	-7.688099	-4.011222
3.681029	-7.112526	-4.078345	3.908743	-7.077919	-4.814271
4.369838	-5.470181	-7.342539	4.114841	-4.995333	-7.947838
4.369838	-5.470181	-7.342539	5.057228	-5.864341	-7.122656
4.369838	-5.470181	-7.342539	3.730609	-5.545566	-6.831458
-8.505885	-3.930115	-4.296104	-8.610178	-4.523221	-4.842191
-8.505885	-3.930115	-4.296104	-9.084620	-3.448252	-4.265457
-8.505885	-3.930115	-4.296104	-7.816489	-3.957631	-3.887067
4.589902	-5.075608	-3.033116	4.836769	-4.509498	-3.574459
4.589902	-5.075608	-3.033116	5.063366	-5.641132	-2.751723
-2.410567	-6.017837	6.862792	-1.955792	-6.700418	7.155321
-2.410567	-6.017837	6.862792	-2.196388	-5.191872	6.852684
-2.368396	2.620285	-4.772602	-1.876972	2.754856	-5.351226
-2.368396	2.620285	-4.772602	-2.685677	1.954543	-4.658804
-2.454391	0.975655	-2.961736	-2.076130	1.461503	-3.519094
-8.697393	-8.406014	-8.787615	-8.893796	-8.124041	-8.059788
-8.697393	-8.406014	-8.787615	-9.284831	-8.874223	-9.165664
-8.697393	-8.406014	-8.787615	-7.946416	-8.202755	-9.082027
-1.516510	1.233229	1.041906	-1.076936	1.234102	1.716618
-1.516510	1.233229	1.041906	-1.963624	0.690124	1.013367
-1.516510	1.233229	1.041906	-1.571681	1.688171	0.405847
1.372898	1.761903	-0.827509	1.174339	1.364801	-1.438686
1.372898	1.761903	-0.827509	0.977873	2.429850	-0.714155
1.372898	1.761903	-0.827509	1.938577	1.523266	-0.318548
0.179506	5.676314	-3.137078	0.045210	5.386487	-2.419200
0.179506	5.676314	-3.137078	-0.027114	5.192327	-3.661040
0.179506	5.676314	-3.137078	0.456583	6.376069	-3.235616
-4.487886	5.171818	-3.649704	-4.454088	4.682009	-4.220460
-4.487886	5.171818	-3.649704	-5.078465	5.102145	-3.127487
-1.379255	-1.985624	-1.090590	-1.133584	-1.896963	-0.333185
-1.379255	-1.985624	-1.090590	-2.191609	-1.993141	-1.264340
-1.379255	-1.985624	-1.090590	-0.821237	-2.090467	-1.656999
0.989322	7.302830	5.702026	1.466167	7.329943	5.108702
0.989322	7.302830	5.702026	0.903046	7.876736	6.250325
0.846850	6.161039	6.364613	0.562316	6.002943	7.059325
0.846850	6.161039	6.364613	1.508524	5.809943	6.067717
-0.284867	5.679522	5.186856	-1.054415	5.346087	5.359981
-0.284867	5.679522	5.186856	-0.157673	6.392759	5.521098
-0.284867	5.679522	5.186856	0.294657	5.259019	4.724073
-0.300246	4.940901	6.949173	-0.117843	4.439910	7.499349
-0.300246	4.940901	6.949173	-0.232905	5.745794	6.976257
-0.300246	4.940901	6.949173	-0.559654	4.580901	6.286746
-1.433593	-5.150340	-2.748849	-1.636878	-5.630031	-3.359090
-0.514670	-6.576229	-2.330702	-0.706758	-5.858894	-1.935123
-0.514670	-6.576229	-2.330702	-0.361548	-6.587431	-3.164292
-0.514670	-6.576229	-2.330702	-0.443592	-7.223879	-1.847750
0.888605	-7.499637	-4.506708	0.366397	-7.361962	-5.011641
0.888605	-7.499637	-4.506708	0.640330	-7.532244	-3.703175
-5.126781	-3.799978	-5.391739	-5.139816	-4.573487	-5.646689
-6.984589	-7.733731	-2.502571	-7.024135	-7.199094	-1.900144
-6.984589	-7.733731	-2.502571	-6.649919	-8.491306	-2.559239
-7.925314	-2.170841	-3.376195	-8.093914	-1.766731	-4.101673
-7.925314	-2.170841	-3.376195	-8.145980	-2.008570	-2.618478
-7.925314	-2.170841	-3.376195	-7.462565	-2.850479	-3.380711
8.913863	-2.941542	-4.801370	9.075248	-3.448252	-4.265457
8.913863	-2.941542	-4.801370	8.287865	-3.169189	-5.115765
-8.531414	-2.271460	-5.696711	-7.771836	-2.474193	-5.902458
-8.531414	-2.271460	-5.696711	-9.018287	-2.076456	-6.290843
-6.358315	-4.471472	-6.118755	-6.896717	-4.174005	-5.618059
-6.358315	-4.471472	-6.118755	-6.346053	-4.284952	-6.962981
1.367373	1.040575	-5.752648	1.776324	0.637519	-5.256340
1.367373	1.040575	-5.752648	1.281702	1.787706	-5.557666
1.901179	0.377421	-3.445225	1.943726	-0.394983	-3.334897
1.901179	0.377421	-3.445225	2.509879	0.730700	-3.110493
1.901179	0.377421	-3.445225	1.247912	0.612469	-3.872706
1.890150	3.612917	-5.318509	1.427608	3.590193	-5.978536
1.890150	3.612917	-5.318509	2.622778	3.687547	-5.499689
1.652253	2.805022	-4.239274	1.036603	2.398683	-4.391709
1.652253	2.805022	-4.239274	2.272161	2.505081	-3.762881
5.913380	8.268312	-3.693939	5.539316	8.147501	-4.423268
5.913380	8.268312	-3.693939	5.573003	8.844804	-3.219793
5.913380	8.268312	-3.693939	6.601328	7.858578	-3.437381
5.539316	8.147501	-4.423268	5.203473	7.437200	-4.493665
-5.451791	7.296522	8.413722	-4.860109	6.791125	8.703582
-2.743668	-4.539033	8.285595	-2.486389	-3.763906	8.506147
-3.675700	5.232458	6.832914	-3.076193	5.774470	6.995871
-3.675700	5.232458	6.832914	-4.105540	4.763106	7.325979
-3.675700	5.232458	6.832914	-3.909027	5.101348	6.047660
-1.054415	5.346087	5.359981	-1.630394	5.389514	4.825715
-0.231761	4.359647	-5.668021	0.206524	4.289219	-6.276411
-0.231761	4.359647	-5.668021	-0.055715	4.999588	-5.221792
-0.231761	4.359647	-5.668021	-0.815844	4.016110	-5.366516
-4.321412	6.985832	-4.160882	-5.083160	6.942259	-4.573924
-5.446756	7.116226	-6.536199	-4.989575	6.805048	-5.951300
-5.446756	7.116226	-6.536199	-5.641553	7.897013	-6.684806
0.077480	7.056408	-3.473907	0.295389	7.417331	-4.126087
0.077480	7.056408	-3.473907	0.456583	6.376069	-3.235616
-7.244210	-6.412483	7.569243	-7.607152	-5.736583	7.189534
-7.244210	-6.412483	7.569243	-7.244529	-6.541639	8.366220
-9.072275	-3.225905	7.689303	-8.855820	-3.597662	7.029571
-9.072275	-3.225905	7.689303	-9.845492	-3.094940	7.889969
-9.072275	-3.225905	7.689303	-8.717774	-2.932109	8.272669
-8.264039	7.027829	4.501990	-7.731108	7.402859	4.897390
-8.264039	7.027829	4.501990	-8.076487	6.859831	3.684183
-7.997448	7.918507	7.159874	-8.668853	7.689711	7.485912
-7.997448	7.918507	7.159874	-7.578689	7.267786	6.845774
-7.997448	7.918507	7.159874	-7.553151	8.641729	7.014452
-7.076651	-7.506459	5.481583	-6.950078	-8.271290	5.508654
-7.076651	-7.506459	5.481583	-7.592824	-7.276198	6.021361
7.846191	-3.487633	8.396477	7.216642	-3.944316	8.191283
7.846191	-3.487633	8.396477	8.314376	-3.094940	7.889969
-8.819883	-5.833556	8.704331	-8.558065	-5.152115	8.325839
-8.819883	-5.833556	8.704331	-9.537200	-6.064083	8.747517
-8.819883	-5.833556	8.704331	-8.351946	-6.366810	9.095266
-8.558065	-5.152115	8.325839	-8.178829	-4.622363	8.746996
-8.558065	-5.152115	8.325839	-8.657124	-5.005693	7.555778
-7.059859	1.876257	-5.621144	-6.293172	1.853968	-5.842012
-7.059859	1.876257	-5.621144	-7.626411	1.618843	-5.978126
-6.293172	1.853968	-5.842012	-6.082271	2.280589	-6.491380
-6.966161	-0.329385	-5.258723	-7.192090	-0.108391	-5.990104
-6.966161	-0.329385	-5.258723	-7.178942	-0.739279	-4.588622
7.543242	3.014839	-3.681380	6.745572	2.705305	-3.614414
7.543242	3.014839	-3.681380	7.692009	3.816729	-3.603708
7.543242	3.014839	-3.681380	8.106232	2.481323	-3.845059
8.547684	5.958171	-2.716997	9.204639	6.370658	-2.713053
8.547684	5.958171	-2.716997	8.404177	5.267169	-2.434185
1.508208	-0.779856	4.190968	1.027219	-1.437379	4.318888
1.508208	-0.779856	4.190968	1.199553	-0.036985	4.090578
3.569825	1.936188	4.280960	2.748248	2.072060	4.181793
5.629483	-2.064936	5.614473	5.759677	-2.582372	4.978454
5.629483	-2.064936	5.614473	6.264515	-1.918518	6.053456
6.404889	5.819875	2.660060	6.892123	6.436024	2.771162
6.404889	5.819875	2.660060	6.634749	5.089673	2.303492
6.404889	5.819875	2.660060	5.642008	5.931010	2.883904
-5.973314	7.372165	1.969260	-5.904778	7.707213	2.727932
-5.973314	7.372165	1.969260	-6.468754	7.626942	1.385417
-3.623827	5.947154	2.567486	-3.277460	6.418410	1.958164
-3.623827	5.947154	2.567486	-4.379412	5.679991	2.358761
8.587718	6.131483	6.433201	9.134488	6.130599	5.948930
8.587718	6.131483	6.433201	8.407719	5.615735	6.952989
8.587718	6.131483	6.433201	8.171151	6.787310	6.369669
-7.828535	-8.765954	6.778654	-7.864675	-8.010417	7.140396
-7.828535	-8.765954	6.778654	-8.126322	-8.566652	6.077310
-7.828535	-8.765954	6.778654	-7.553151	-9.518139	7.014452
-5.461003	4.979667	7.672290	-5.969533	5.574568	7.409750
-6.444961	4.250729	8.128586	-6.994616	4.099145	7.546982
-6.444961	4.250729	8.128586	-6.559018	4.402860	8.965591
-5.725480	7.375197	-4.235084	-6.336007	7.067279	-3.737837
-5.725480	7.375197	-4.235084	-5.739225	8.178912	-4.397011
-5.725480	7.375197	-4.235084	-5.083160	6.942259	-4.573924
-4.031678	6.609708	-1.959302	-3.913486	5.844896	-2.165264
-4.031678	6.609708	-1.959302	-3.339717	6.835652	-1.563768
-4.031678	6.609708	-1.959302	-4.547174	7.236734	-2.010286
1.347241	7.525896	-7.008274	1.925669	6.962580	-7.157151
1.347241	7.525896	-7.008274	0.719875	7.506557	-6.536740
1.347241	7.525896	-7.008274	1.331840	8.261884	-7.330871
1.718005	6.367508	-8.359813	1.034313	6.013673	-8.625813
1.718005	6.367508	-8.359813	1.885094	6.329447	-7.593520
1.718005	6.367508	-8.359813	2.185498	6.682683	-8.888843
2.177978	-7.441559	-3.072923	2.457950	-7.399556	-3.830997
0.755183	-3.748951	-2.397345	1.152069	-4.406745	-2.369202
0.755183	-3.748951	-2.397345	0.963804	-3.082288	-2.052732
4.019943	-1.419064	6.922320	4.410689	-1.909841	6.410462
4.019943	-1.419064	6.922320	4.161567	-1.313070	7.649939
4.019943	-1.419064	6.922320	3.387194	-1.033343	6.590087
3.262377	-3.709250	-0.719378	3.810130	-4.326554	-0.924604
3.262377	-3.709250	-0.719378	3.377226	-2.983130	-0.892010
1.709269	-5.848274	1.631300	1.302955	-5.454166	2.214548
1.709269	-5.848274	1.631300	1.789248	-5.674211	0.857899
0.291658	-3.508793	-0.263565	-0.426931	-3.775556	-0.091457
0.291658	-3.508793	-0.263565	0.861945	-3.915516	0.053989
2.393000	-3.754675	2.949957	1.920077	-4.418254	2.937140
0.678967	-2.643745	1.648543	0.951090	-2.202306	2.268427
0.678967	-2.643745	1.648543	0.831262	-3.428805	1.362022
0.678967	-2.643745	1.648543	0.151389	-2.204565	1.232838
2.015960	-2.563567	0.514308	2.005990	-3.357943	0.519839
-5.381447	-8.802378	-8.772189	-6.008270	-9.143544	-9.220750
-5.381447	-8.802378	-8.772189	-4.905628	-8.275990	-9.136922
3.738194	3.070924	5.938998	4.288185	3.198055	6.571847
3.738194	3.070924	5.938998	3.962785	2.865994	5.172193
5.401296	1.886826	5.780368	5.823482	2.250898	5.162387
5.401296	1.886826	5.780368	5.489098	2.037348	6.586667
0.642315	4.114068	7.401914	-0.117843	4.439910	7.499349
2.888379	6.229300	7.584704	2.677675	6.680727	6.947575
1.034313	6.013673	-8.625813	0.448397	6.263669	-9.096740
1.034313	6.013673	-8.625813	0.930494	5.239565	-8.394049
-6.348471	8.877920	-0.920881	-6.423901	8.124419	-0.661403
-6.778257	5.946294	0.069126	-6.523779	5.232029	0.145464
-2.021866	4.046981	1.582220	-1.477093	4.557827	1.581391
-0.864266	4.838369	1.933457	-0.689379	5.141147	2.605132
-0.864266	4.838369	1.933457	-0.285448	4.804109	1.437396
-0.864266	4.838369	1.933457	-1.477093	4.557827	1.581391
-0.549782	8.788033	7.227096	-0.256479	8.118632	6.900766
-4.411810	-1.205779	-6.604006	-4.590352	-0.492793	-6.263793
-4.411810	-1.205779	-6.604006	-4.879486	-1.755516	-6.912642
-4.411810	-1.205779	-6.604006	-3.699266	-1.460560	-6.651636
-6.619036	-1.626212	-6.274696	-6.779805	-1.104506	-6.866946
-6.619036	-1.626212	-6.274696	-7.185088	-2.019230	-5.798802
-6.619036	-1.626212	-6.274696	-5.893354	-1.863042	-6.019224
-7.771836	-2.474193	-5.902458	-7.185088	-2.019230	-5.798802
-4.107371	1.807921	6.919807	-3.281558	1.858694	7.181670
-4.107371	1.807921	6.919807	-4.386943	2.326099	6.319596
-4.107371	1.807921	6.919807	-4.727419	1.306194	7.160029
-8.668853	7.689711	7.485912	-8.788562	7.362943	8.288018
7.573551	7.966195	7.617093	6.976703	7.634115	7.154698
7.573551	7.966195	7.617093	8.245986	8.263453	7.258796
7.573551	7.966195	7.617093	7.261505	7.908368	8.306837
8.891137	8.528579	-8.846103	8.456350	8.563830	-8.130200
8.891137	8.528579	-8.846103	8.875037	9.285645	-9.165664
-8.398839	-6.409529	-8.267304	-8.351946	-6.366810	-9.064602
-8.398839	-6.409529	-8.267304	-7.817076	-6.141014	-7.817539
-6.568717	-2.421535	8.870077	-7.100597	-2.794794	9.306216
-6.568717	-2.421535	8.870077	-5.897423	-2.751817	8.616128
0.513697	-1.634973	6.478717	-0.096358	-2.013115	7.000535
0.513697	-1.634973	6.478717	1.118098	-1.174470	6.759699
-0.355203	-1.771638	5.491682	-0.763172	-1.231652	5.892721
-0.355203	-1.771638	5.491682	-0.623995	-2.350828	4.954088
1.248320	-1.306892	-2.386065	1.234295	-2.013289	-2.695872
1.248320	-1.306892	-2.386065	0.677848	-1.133460	-1.813441
6.063653	0.723329	3.900096	5.389156	0.287032	3.730031
8.031944	-1.675545	4.534680	7.759049	-1.077121	5.072395
8.031944	-1.675545	4.534680	7.523470	-1.769459	3.841993
8.031944	-1.675545	4.534680	8.756214	-2.130263	4.707205
6.642832	0.652003	5.184561	7.098173	0.204154	4.765556
6.642832	0.652003	5.184561	6.013512	0.446697	5.712390
-4.286875	-7.549927	-3.377883	-4.859090	-7.702830	-2.833831
-4.286875	-7.549927	-3.377883	-4.389551	-7.764713	-4.126437
-6.806064	-7.599400	1.505812	-6.114771	-7.269891	1.612082
-6.806064	-7.599400	1.505812	-6.733353	-8.380106	1.589165
-6.806064	-7.599400	1.505812	-7.568195	-7.417852	1.328790
-1.977252	8.029651	2.685084	-2.273949	7.859729	2.038058
6.730186	3.877885	-5.443111	6.594286	3.080663	-5.381345
6.730186	3.877885	-5.443111	6.868220	4.257156	-4.708934
6.730186	3.877885	-5.443111	6.787463	4.391824	-6.076339
7.974932	3.986189	-6.741842	7.976529	4.010805	-7.594657
7.974932	3.986189	-6.741842	8.429010	3.478561	-6.375436
-4.409000	2.291576	-6.792649	-3.899649	1.706004	-6.732490
-4.409000	2.291576	-6.792649	-4.938333	2.227644	-7.382740
5.154154	2.699444	-5.145691	4.730009	2.099104	-5.522712
5.154154	2.699444	-5.145691	4.618550	3.281326	-5.021169
5.154154	2.699444	-5.145691	5.992065	2.721643	-4.936616
2.932329	1.422530	-7.322055	2.135043	1.621594	-7.524257
2.932329	1.422530	-7.322055	3.445018	0.865882	-7.728740
2.932329	1.422530	-7.322055	3.231106	1.810647	-6.671138
4.775696	1.612390	0.961121	4.927264	2.298189	0.517777
4.775696	1.612390	0.961121	5.104207	1.465891	1.729422
8.203301	-3.614465	-0.600258	7.547772	-3.147714	-0.367769
8.203301	-3.614465	-0.600258	8.850362	-3.927762	-0.196277
5.609701	-3.171667	1.942368	6.043098	-3.697033	2.379513
5.609701	-3.171667	1.942368	5.435173	-3.120213	1.108729
6.853125	-3.492757	2.629189	7.338754	-3.649969	2.004175
6.853125	-3.492757	2.629189	6.043098	-3.697033	2.379513
6.853125	-3.492757	2.629189	7.065422	-3.176468	3.417335
2.073294	-4.881355	3.590365	1.920077	-4.418254	2.937140
2.073294	-4.881355	3.590365	1.722276	-4.675712	4.249507
2.073294	-4.881355	3.590365	2.614684	-5.521345	3.516049
5.933871	4.029373	0.030319	5.383233	4.409662	-0.438862
5.933871	4.029373	0.030319	6.664465	3.703180	-0.155913
-4.340692	-3.762721	-3.796603	-4.660004	-4.362982	-3.386436
-4.340692	-3.762721	-3.796603	-4.825603	-3.218830	-4.138339
-6.679476	-2.805446	-3.587369	-6.146016	-2.781546	-3.033709
-6.679476	-2.805446	-3.587369	-6.406683	-2.778040	-4.350279
-6.679476	-2.805446	-3.587369	-7.462565	-2.850479	-3.380711
-5.260623	0.237427	-3.455887	-5.545288	0.933474	-3.214188
-5.260623	0.237427	-3.455887	-4.482674	0.028339	-3.322371
-7.441007	5.464815	2.526135	-7.213191	5.688522	3.238056
-7.441007	5.464815	2.526135	-7.951653	4.865969	2.387737
-7.137332	3.631126	3.762180	-7.150282	3.760386	4.529050
-7.137332	3.631126	3.762180	-6.446111	3.505034	3.505101
-8.496442	2.219960	4.247683	-8.638120	2.340665	5.042829
-8.496442	2.219960	4.247683	-8.676145	2.846162	3.803772
-8.496442	2.219960	4.247683	-8.168184	1.505305	4.002100
-4.247504	-6.631181	7.874143	-4.479749	-7.391394	7.633832
-4.247504	-6.631181	7.874143	-4.108213	-6.402316	8.600348
-3.155313	-5.203057	5.539170	-2.499872	-5.237172	5.056852
-3.155313	-5.203057	5.539170	-3.667449	-4.575428	5.643954
-3.595982	-3.820027	5.679601	-3.667449	-4.575428	5.643954
-3.595982	-3.820027	5.679601	-3.407596	-3.500958	6.367222
-3.595982	-3.820027	5.679601	-3.682216	-3.215693	5.124775
-4.468237	-1.843182	2.715180	-4.006676	-1.452625	2.182636
-4.468237	-1.843182	2.715180	-4.076383	-1.912544	3.371713
-2.003596	-3.893204	4.403721	-1.916968	-4.415474	3.751524
-2.003596	-3.893204	4.403721	-1.626452	-4.158455	5.057139
-2.003596	-3.893204	4.403721	-2.410011	-3.177202	4.554648
0.264379	1.455746	-7.342307	0.964229	1.080118	-7.076372
0.264379	1.455746	-7.342307	-0.148300	1.193907	-7.969805
0.264379	1.455746	-7.342307	-0.005279	2.128925	-6.990501
2.135043	1.621594	-7.524257	1.820841	2.377698	-7.685050
8.550638	-6.556966	-6.167052	8.997247	-6.206255	-6.629857
8.550638	-6.556966	-6.167052	8.044855	-6.452850	-5.658900
8.550638	-6.556966	-6.167052	8.450211	-7.276484	-6.031208
8.159664	-6.830983	-2.291607	8.443810	-6.157020	-2.068934
8.159664	-6.830983	-2.291607	7.671775	-7.076278	-2.771825
8.159664	-6.830983	-2.291607	8.471318	-7.408404	-1.900154
2.952092	8.245239	-6.867546	2.644174	8.806654	-7.175140
2.952092	8.245239	-6.867546	3.082444	7.567867	-7.221301
-8.316286	5.709307	-8.572785	-8.627110	4.962035	-8.342159
5.383233	4.409662	-0.438862	4.819788	4.158714	-0.984794
7.486658	6.383222	1.591221	7.037639	6.236677	1.004056
7.486658	6.383222	1.591221	8.206133	6.187917	1.723461
7.486658	6.383222	1.591221	7.179833	6.828799	2.134932
5.718230	8.941744	1.836487	6.336486	8.466508	2.081639
5.718230	8.941744	1.836487	4.887409	8.961102	1.844292
-4.548269	6.329716	5.748280	-4.486667	5.516259	5.670720
-4.548269	6.329716	5.748280	-4.832090	6.667863	6.468745
-4.643506	3.846272	2.138927	-5.325752	3.567118	2.070973
-4.643506	3.846272	2.138927	-4.227417	3.475527	2.619908
-6.458754	6.285784	4.807148	-6.651696	6.870695	5.306255
-6.458754	6.285784	4.807148	-6.201425	6.552863	4.070902
-5.313842	5.841478	3.416551	-5.369679	5.194078	3.827001
4.618525	-7.265741	-5.113875	4.678675	-7.870382	-5.545698
4.618525	-7.265741	-5.113875	3.908743	-7.077919	-4.814271
6.007023	8.817426	-5.688179	6.801764	8.734120	-5.760567
6.296510	-7.636565	-1.481912	6.581666	-7.675936	-2.241698
6.296510	-7.636565	-1.481912	5.601045	-7.280340	-1.214217
6.296510	-7.636565	-1.481912	6.799923	-8.002380	-0.938829
3.251074	-8.044483	-1.017871	3.254578	-8.852615	-1.259521
3.251074	-8.044483	-1.017871	3.548859	-7.444251	-1.499112
1.464285	-6.967506	8.848875	2.233012	-7.239516	8.824932
1.464285	-6.967506	8.848875	0.788840	-7.310838	8.761832
1.464285	-6.967506	8.848875	1.505361	-6.209983	9.043544
4.211015	-7.184578	6.090102	4.805401	-7.592346	5.670142
4.784569	-7.656120	4.323532	4.623585	-7.933675	5.037514
4.784569	-7.656120	4.323532	4.478230	-6.950191	4.100037
4.784569	-7.656120	4.323532	5.260325	-8.052103	3.750978
5.957623	-7.729647	7.700282	6.746977	-7.666877	7.645592
3.391538	8.119166	-8.489475	3.078196	7.826088	-9.148473
3.391538	8.119166	-8.489475	3.603231	7.608877	-7.848674
-0.993689	2.590203	-8.865944	-0.248729	2.319190	-8.840991
-0.993689	2.590203	-8.865944	-1.384749	2.995290	-8.199884
-0.993689	2.590203	-8.865944	-1.462035	2.532310	-9.471364
-2.708125	3.848121	6.509879	-2.190326	4.350141	6.878559
-2.708125	3.848121	6.509879	-3.446159	3.966504	6.285836
4.498860	0.050873	-0.464504	4.701016	0.412901	0.266407
4.498860	0.050873	-0.464504	4.632860	0.328726	-1.217322
2.311096	-0.523642	-2.028141	2.120727	0.122381	-1.667952
4.410689	-1.909841	6.410462	4.326185	-2.677830	6.570995
5.757756	0.147636	-6.629791	5.822118	-0.579477	-7.069226
5.757756	0.147636	-6.629791	5.736646	0.203095	-5.779744
7.899611	2.463478	-5.697946	8.200165	2.115860	-5.061619
8.552221	0.177970	-5.490116	8.708804	0.777464	-4.965558
8.552221	0.177970	-5.490116	8.328699	-0.578123	-5.235671
8.552221	0.177970	-5.490116	8.632397	0.377931	-6.318065
-5.646681	-0.311251	-4.629101	-5.085430	-0.667857	-4.994808
-1.513795	-8.661781	-6.429629	-1.936842	-8.997742	-5.849760
-1.513795	-8.661781	-6.429629	-1.526707	-7.883148	-6.372822
1.089970	-2.579662	-5.638236	0.625330	-1.929955	-5.557268
-0.989042	-6.929586	-4.340089	-0.827575	-6.412515	-3.792730
-0.989042	-6.929586	-4.340089	-0.598185	-6.802684	-4.982311
-0.253001	-2.403726	-9.009022	0.284984	-1.772188	-8.959596
-0.253001	-2.403726	-9.009022	-0.764192	-2.465792	-8.423986
-6.972828	-0.345761	-3.948841	-7.178942	-0.739279	-4.588622
-6.972828	-0.345761	-3.948841	-7.370522	0.320247	-3.748064
-6.972828	-0.345761	-3.948841	-6.316179	-0.667628	-3.564983
-6.586960	2.502187	-3.323823	-6.463537	1.877733	-3.796093
-6.586960	2.502187	-3.323823	-5.987745	3.061226	-3.355418
-4.055638	1.917056	-4.357912	-4.778165	2.129958	-4.627329
-4.055638	1.917056	-4.357912	-3.404066	1.743083	-4.823094
5.652563	-5.493776	-2.200736	6.455965	-5.586882	-2.453307
5.652563	-5.493776	-2.200736	5.063366	-5.641132	-2.751723
5.652563	-5.493776	-2.200736	5.609495	-5.292464	-1.450171
2.567379	-3.739895	-5.846777	2.305581	-3.051840	-6.241597
2.567379	-3.739895	-5.846777	2.587548	-4.028617	-5.134558
2.567379	-3.739895	-5.846777	2.814378	-4.202452	-6.335437
6.084880	-4.531186	-5.038185	6.445616	-5.268458	-4.987187
6.084880	-4.531186	-5.038185	6.550691	-4.013035	-4.841033
6.084880	-4.531186	-5.038185	5.374239	-4.552318	-5.297731
4.191114	-3.940381	-6.653789	3.589062	-4.440077	-6.381612
4.191114	-3.940381	-6.653789	4.841135	-3.688376	-6.227861
4.191114	-3.940381	-6.653789	4.106682	-3.706447	-7.435793
3.589062	-4.440077	-6.381612	3.704670	-5.181378	-6.178823
3.589062	-4.440077	-6.381612	2.814378	-4.202452	-6.335437
-8.191531	6.003985	-3.839507	-7.666994	6.601477	-4.111530
-8.191531	6.003985	-3.839507	-8.717160	6.324421	-3.402463
-8.191531	6.003985	-3.839507	-8.204270	5.204670	-3.992114
8.514413	2.594168	-4.565054	8.200165	2.115860	-5.061619
8.514413	2.594168	-4.565054	8.106232	2.481323	-3.845059
8.953336	4.501085	-4.857909	9.050840	3.786136	-5.223164
8.953336	4.501085	-4.857909	9.635122	4.951634	-4.743494
8.953336	4.501085	-4.857909	8.185175	4.619502	-4.714372
6.094575	4.706124	-8.965002	6.641675	5.229029	-8.849542
6.094575	4.706124	-8.965002	5.733284	4.556419	-9.703216
6.094575	4.706124	-8.965002	5.875820	4.337135	-8.333908
4.446879	5.155109	-5.226804	3.772524	5.477088	-4.973048
4.446879	5.155109	-5.226804	4.628495	5.634551	-5.839910
-8.117317	-6.452715	4.367988	-7.392673	-6.312200	4.053631
-8.117317	-6.452715	4.367988	-8.105452	-6.373618	5.155895
8.512951	-5.691369	3.248240	8.793381	-6.086935	3.908777
8.698353	-2.686170	5.307725	8.111160	-3.265668	5.203301
8.698353	-2.686170	5.307725	8.756214	-2.130263	4.707205
-4.027433	-8.985957	-0.003913	-4.011615	-8.757961	0.702310
-4.027433	-8.985957	-0.003913	-3.768615	-9.622960	-0.273053
-0.121381	-3.901588	-3.942318	0.493857	-4.375274	-4.052340
-0.121381	-3.901588	-3.942318	0.034712	-3.282882	-3.487598
-0.121381	-3.901588	-3.942318	-0.844831	-4.049405	-4.271943
-4.002978	-1.162882	-2.811691	-4.259464	-0.464412	-2.778110
-4.002978	-1.162882	-2.811691	-3.201201	-1.191473	-2.957798
-2.845182	-5.181417	-7.200567	-2.980202	-4.746621	-6.587311
-2.845182	-5.181417	-7.200567	-2.803232	-5.949905	-6.950435
-2.845182	-5.181417	-7.200567	-2.787383	-4.819227	-7.901125
0.517607	-5.115696	-8.376186	0.322205	-4.567664	-7.800022
-4.275860	-3.124654	-7.886471	-4.044106	-3.405684	-8.558916
-4.275860	-3.124654	-7.886471	-3.705305	-3.044290	-7.297929
-4.275860	-3.124654	-7.886471	-4.937525	-2.844555	-7.568104
1.856015	6.002399	0.420170	1.198479	5.952676	0.048146
1.856015	6.002399	0.420170	2.468574	5.543752	0.290631
-2.944524	8.262863	1.861982	-2.273949	7.859729	2.038058
-1.282813	3.794072	7.928271	-0.598325	4.226809	8.110887
-1.282813	3.794072	7.928271	-1.958348	4.117371	7.649677
-2.215810	2.761319	7.013256	-2.874083	2.441253	7.484751
-2.215810	2.761319	7.013256	-1.452380	2.633118	7.289305
-5.035822	3.286630	8.270446	-5.382475	2.583221	8.516641
-5.035822	3.286630	8.270446	-4.410235	3.727206	8.492160
-5.035822	3.286630	8.270446	-5.499011	3.555168	7.677111
-7.864675	-8.010417	7.140396	-8.320328	-7.855672	7.782975
-7.864675	-8.010417	7.140396	-7.425863	-7.393467	6.775355
-8.855820	-3.597662	7.029571	-8.531986	-3.210049	6.358594
-9.010455	-5.812160	6.685557	-8.362249	-5.572572	7.112889
-9.010455	-5.812160	6.685557	-9.453886	-6.446604	6.657955
7.216642	-3.944316	8.191283	7.360896	-4.677594	7.982142
7.555561	-7.834969	-7.132370	8.155620	-7.873558	-6.518106
7.555561	-7.834969	-7.132370	7.668884	-8.089219	-7.905296
-5.644409	6.961023	-2.746009	-6.286629	7.310806	-2.974598
-7.514935	-7.103977	-4.503519	-7.052219	-7.247246	-3.845414
-7.514935	-7.103977	-4.503519	-7.404754	-6.351564	-4.748223
-7.514935	-7.103977	-4.503519	-8.025449	-7.597277	-4.888499
-4.980733	3.437859	-4.314409	-4.357419	3.913618	-4.140608
-4.980733	3.437859	-4.314409	-5.732046	3.491785	-3.927577
-4.980733	3.437859	-4.314409	-4.887593	2.863479	-4.909692
-1.876972	2.754856	-5.351226	-2.374677	2.878812	-5.930860
-1.876972	2.754856	-5.351226	-1.080312	2.788944	-5.380684
-0.145592	3.921297	5.922980	-0.013341	3.157704	6.246971
-0.145592	3.921297	5.922980	-0.559654	4.580901	6.286746
-4.616980	0.025679	8.223115	-4.773917	-0.542199	7.607459
-4.616980	0.025679	8.223115	-5.181607	0.613376	8.212074
-5.198787	0.331341	-7.784118	-4.635723	0.546813	-7.208680
-5.198787	0.331341	-7.784118	-5.977147	0.538928	-7.552544
-5.096010	1.495509	-1.964864	-4.308495	1.298469	-1.704310
-1.407075	1.730093	-6.471783	-0.622225	2.045152	-6.453627
-1.407075	1.730093	-6.471783	-2.040467	1.998566	-6.763146
-6.556279	-1.896181	0.744430	-6.375846	-1.420712	1.349116
-6.556279	-1.896181	0.744430	-6.617608	-2.666546	0.877306
-6.556279	-1.896181	0.744430	-6.695561	-1.667914	0.025399
-7.932288	-1.180389	0.022192	-7.417587	-1.701278	-0.268414
-7.932288	-1.180389	0.022192	-8.629073	-1.232574	0.295325
-7.932288	-1.180389	0.022192	-7.642211	-0.441905	-0.003099
8.708804	0.777464	-4.965558	9.360574	0.880555	-4.474579
-6.174267	-1.280454	-3.010916	-6.437217	-1.130843	-2.261487
-6.174267	-1.280454	-3.010916	-6.316179	-0.667628	-3.564983
-7.672655	-5.322119	-7.726255	-8.208961	-4.840801	-7.343205
-7.672655	-5.322119	-7.726255	-7.817076	-6.141014	-7.817539
-7.672655	-5.322119	-7.726255	-6.992429	-5.066829	-8.036476
-6.420031	-4.878688	-7.500594	-6.346053	-4.284952	-6.962981
-6.420031	-4.878688	-7.500594	-6.992429	-5.066829	-8.036476
-8.817725	-2.805253	-7.465922	-9.144214	-2.690827	-6.771405
-8.817725	-2.805253	-7.465922	-9.057859	-2.293682	-8.011675
-8.817725	-2.805253	-7.465922	-8.293347	-3.444647	-7.431042
-7.610202	-6.939423	-6.725137	-7.694985	-7.789518	-6.650096
-7.610202	-6.939423	-6.725137	-7.775658	-6.314791	-6.209828
-8.093914	-1.766731	-4.101673	-8.820656	-1.768043	-4.342280
5.107334	-2.665613	-3.308620	5.032250	-3.377453	-2.955702
-8.706520	2.531069	0.593743	-8.703095	2.238026	1.381692
-8.706520	2.531069	0.593743	-9.345981	2.831148	0.260242
7.279644	3.013190	1.550920	6.581160	2.790336	1.285080
7.279644	3.013190	1.550920	7.618151	3.645935	1.435410
7.279644	3.013190	1.550920	7.543470	2.424583	1.961310
-8.703095	2.238026	1.381692	-9.037975	1.512843	1.439218
-3.766869	-0.886905	4.050560	-3.207887	-0.837227	4.523012
-3.766869	-0.886905	4.050560	-4.275394	-1.486752	3.992724
-3.766869	-0.886905	4.050560	-3.820928	-0.247562	3.542110
-2.077341	1.196865	5.919636	-2.015928	1.218356	6.731864
-2.077341	1.196865	5.919636	-2.128682	0.479747	5.665331
-2.077341	1.196865	5.919636	-2.064256	1.854648	5.477076
-4.259464	-0.464412	-2.778110	-4.482674	0.028339	-3.322371
-4.259464	-0.464412	-2.778110	-4.269856	-0.209149	-1.993959
-4.507198	-0.809866	-0.965892	-4.779670	-0.433369	-1.534210
-4.507198	-0.809866	-0.965892	-4.652935	-0.490284	-0.279982
-4.507198	-0.809866	-0.965892	-4.097694	-1.488701	-1.039792
8.395021	3.041958	-8.583624	7.770706	3.378159	-8.080042
8.395021	3.041958	-8.583624	9.064999	2.745289	-8.261950
4.701068	-1.209243	-7.243348	5.227425	-0.760396	-7.585072
4.701068	-1.209243	-7.243348	4.138371	-0.919930	-6.735302
5.844507	3.574748	-8.263689	5.875820	4.337135	-8.333908
5.844507	3.574748	-8.263689	6.366070	3.109133	-8.504330
1.925669	6.962580	-7.157151	2.684003	7.008664	-6.885661
1.925669	6.962580	-7.157151	1.885094	6.329447	-7.593520
6.205620	7.333396	-7.405197	5.526776	7.781390	-7.429659
6.205620	7.333396	-7.405197	6.943151	7.617465	-7.290095
6.865583	-5.491354	-4.308601	6.445616	-5.268458	-4.987187
6.865583	-5.491354	-4.308601	7.454172	-4.967069	-4.140370
8.858152	-8.874054	-7.006138	8.430774	-8.620911	-6.412142
8.858152	-8.874054	-7.006138	9.452844	-8.441211	-7.357603
-8.362249	-5.572572	7.112889	-8.657124	-5.005693	7.555778
-8.362249	-5.572572	7.112889	-7.607152	-5.736583	7.189534
-7.760457	-3.929789	5.581154	-7.838415	-3.302258	6.023443
-7.760457	-3.929789	5.581154	-7.133411	-4.299226	5.807072
-7.760457	-3.929789	5.581154	-8.104123	-4.299034	4.997854
-5.364182	-3.010700	4.333404	-4.849123	-2.506057	4.723828
-5.364182	-3.010700	4.333404	-5.136340	-3.236247	3.584511
-5.364182	-3.010700	4.333404	-6.006166	-3.315728	4.502692
-5.170049	-0.865384	0.153116	-4.957114	-1.278208	0.748556
-5.170049	-0.865384	0.153116	-4.652935	-0.490284	-0.279982
-6.963051	-1.031213	1.622568	-6.375846	-1.420712	1.349116
-6.963051	-1.031213	1.622568	-7.087353	-1.505786	2.222466
-6.963051	-1.031213	1.622568	-7.168875	-0.390232	1.249450
-3.844017	-5.158069	-1.213861	-4.318971	-4.914716	-0.654191
-3.844017	-5.158069	-1.213861	-3.427099	-5.846267	-1.218207
-3.846385	-2.852943	-1.888050	-4.164245	-3.512765	-1.536201
-3.846385	-2.852943	-1.888050	-4.295296	-2.217573	-2.023263
-3.846385	-2.852943	-1.888050	-3.054745	-2.814615	-2.105787
-2.587000	3.958378	3.000550	-2.287237	4.647936	3.344790
-2.587000	3.958378	3.000550	-2.979824	3.363237	3.468083
-1.076936	1.234102	1.716618	-0.584287	0.591304	1.836693
-1.076936	1.234102	1.716618	-1.065361	1.833734	2.251513
4.099332	-2.071895	0.640103	4.517067	-1.441752	0.561481
5.777951	-1.892592	2.346969	5.959387	-1.549301	1.612774
6.209455	0.130414	-0.627512	6.112877	0.198388	0.181005
6.209455	0.130414	-0.627512	6.640804	-0.513891	-0.962039
5.429340	-0.305185	1.284930	5.488348	-0.998624	1.401086
5.429340	-0.305185	1.284930	5.352882	0.162479	1.878483
5.429340	-0.305185	1.284930	5.397653	0.083967	0.596234
-5.060046	-5.322663	-7.688136	-4.655816	-5.473638	-7.049509
-5.060046	-5.322663	-7.688136	-4.727158	-5.176493	-8.341799
-4.994876	-5.490552	-8.971130	-4.727158	-5.176493	-8.341799
-0.003271	-2.248814	-7.278837	-0.422339	-2.701252	-7.743246
-0.003271	-2.248814	-7.278837	0.762185	-2.362258	-7.294295
7.188855	8.836270	5.229749	7.218113	8.141755	4.804707
7.188855	8.836270	5.229749	7.695678	9.328878	4.860427
8.121061	-8.732704	6.485261	8.636247	-8.564172	5.925939
8.121061	-8.732704	6.485261	7.446318	-8.501713	6.212897
6.741480	-5.212810	5.339482	6.907878	-4.438202	5.456134
7.268659	-7.690788	6.222000	7.133474	-7.421339	6.989054
7.268659	-7.690788	6.222000	7.446318	-8.501713	6.212897
7.268659	-7.690788	6.222000	7.307588	-7.287912	5.493606
3.028930	1.416504	2.479323	3.122149	0.716253	2.030265
3.028930	1.416504	2.479323	2.367101	1.576376	2.993164
1.384492	1.776238	0.961548	0.648715	1.623089	0.903334
1.245242	-3.566511	0.668858	0.831262	-3.428805	1.362022
1.245242	-3.566511	0.668858	0.861945	-3.915516	0.053989
1.245242	-3.566511	0.668858	2.005990	-3.357943	0.519839
-0.686535	-3.627817	0.617626	-0.426931	-3.775556	-0.091457
-0.686535	-3.627817	0.617626	-0.750285	-4.126849	1.272747
-0.686535	-3.627817	0.617626	-0.888207	-2.875998	0.666114
0.598083	-1.638705	-0.457970	0.927171	-1.262704	-1.048934
0.598083	-1.638705	-0.457970	0.091541	-1.499667	0.072357
0.598083	-1.638705	-0.457970	0.942024	-2.329917	-0.436291
-0.340274	2.151118	2.044933	-0.206962	2.557893	1.307866
-0.340274	2.151118	2.044933	0.206447	1.889344	2.686381
-0.340274	2.151118	2.044933	-1.065361	1.833734	2.251513
1.234295	-2.013289	-2.695872	0.881147	-2.138096	-3.420667
1.234295	-2.013289	-2.695872	1.592402	-2.623499	-2.235096
0.987731	-1.188519	-5.576726	1.176815	-0.756356	-6.202878
0.987731	-1.188519	-5.576726	0.625330	-1.929955	-5.557268
0.987731	-1.188519	-5.576726	1.105627	-0.909793	-4.897415
0.144465	-0.918123	-8.909028	-0.134044	-0.406664	-9.504608
0.144465	-0.918123	-8.909028	0.284984	-1.772188	-8.959596
0.144465	-0.918123	-8.909028	0.307396	-0.522681	-8.190287
-0.268026	0.187174	-5.591354	-0.011858	-0.276857	-4.983931
-0.268026	0.187174	-5.591354	-0.665329	0.770146	-5.277976
1.252716	-1.926405	-4.014543	1.455236	-2.490121	-4.453648
1.252716	-1.926405	-4.014543	0.881147	-2.138096	-3.420667
-0.425545	-2.006962	-3.967887	-1.114854	-1.954739	-3.545153
6.581666	-7.675936	-2.241698	6.907285	-6.988780	-2.572445
6.581666	-7.675936	-2.241698	6.589199	-8.379183	-2.676119
6.581942	-6.304262	-2.716916	6.455965	-5.586882	-2.453307
6.581942	-6.304262	-2.716916	6.907285	-6.988780	-2.572445
6.581942	-6.304262	-2.716916	6.259775	-6.387468	-3.361081
-5.844018	-3.569042	8.475685	-5.325045	-4.192423	8.603788
-5.844018	-3.569042	8.475685	-6.475454	-3.871179	8.052593
-5.844018	-3.569042	8.475685	-5.897423	-2.751817	8.616128
-5.325045	-4.192423	8.603788	-4.596386	-4.047101	8.519412
8.997247	-6.206255	-6.629857	8.724703	-6.218786	-7.408029
-6.136936	-6.823747	-8.873830	-6.360508	-7.139374	-8.168083
-6.136936	-6.823747	-8.873830	-5.404551	-6.914191	-9.175092
-8.720293	-8.501092	-3.175878	-8.354390	-9.263316	-3.114784
-8.354390	8.896552	-3.114784	-8.670859	8.193152	-2.961919
7.162987	7.803903	-1.493909	7.091134	8.608825	-1.532058
7.162987	7.803903	-1.493909	6.643158	7.496781	-1.976435
8.285564	8.020065	-0.738370	8.337629	8.191995	0.058407
1.174339	1.364801	-1.438686	0.947170	0.606703	-1.276085
1.174339	1.364801	-1.438686	1.216799	1.722280	-2.173834
1.571925	-1.084710	-0.761149	0.927171	-1.262704	-1.048934
1.571925	-1.084710	-0.761149	1.786983	-0.404329	-0.567333
1.823060	-0.019509	0.604077	1.045050	-0.259847	0.797329
1.823060	-0.019509	0.604077	2.227769	0.614557	0.818618
1.823060	-0.019509	0.604077	2.146688	-0.447243	0.145935
5.225014	-4.601550	-1.116314	4.561255	-4.533347	-0.656345
5.225014	-4.601550	-1.116314	5.609495	-5.292464	-1.450171
5.225014	-4.601550	-1.116314	5.489352	-3.890723	-1.211065
4.839123	-1.976102	-1.234576	4.678881	-1.681964	-1.979704
4.839123	-1.976102	-1.234576	4.655487	-2.728932	-1.122925
-0.753980	-5.972458	5.690019	0.041071	-5.946911	5.749279
-0.753980	-5.972458	5.690019	-0.839237	-6.703477	5.493118
0.990611	-2.811816	3.335208	1.717736	-2.956611	3.639914
0.990611	-2.811816	3.335208	0.860153	-2.185061	3.044332
-8.760651	4.004916	-1.743108	-8.906685	4.172870	-2.549566
-8.760651	4.004916	-1.743108	-8.716011	4.554801	-1.124640
-8.760651	4.004916	-1.743108	-8.621605	3.269393	-1.471566
9.066134	2.596817	-1.505824	8.374483	2.459278	-1.034913
9.066134	2.596817	-1.505824	9.538263	3.269393	-1.471566
9.066134	2.596817	-1.505824	9.343852	2.055795	-2.032321
6.764949	3.083075	-0.577913	7.131238	3.055069	-1.307850
6.764949	3.083075	-0.577913	6.430495	2.464002	-0.157715
6.764949	3.083075	-0.577913	6.664465	3.703180	-0.155913
7.311571	4.041525	0.133271	7.836256	3.748050	0.683092
7.311571	4.041525	0.133271	7.530144	4.739497	-0.071490
7.311571	4.041525	0.133271	6.664465	3.703180	-0.155913
-7.964365	-0.838383	4.579235	-8.320396	-0.385559	5.110187
-7.964365	-0.838383	4.579235	-7.627710	-0.504706	3.933922
4.751889	7.137736	4.468429	4.077867	6.986854	4.870627
4.751889	7.137736	4.468429	4.993838	6.793114	3.786175
-0.255947	3.226017	0.906277	0.263548	3.872347	0.965599
-0.255947	3.226017	0.906277	-0.206962	2.557893	1.307866
-0.255947	3.226017	0.906277	-0.909205	3.203300	0.307776
-0.813170	3.731163	4.226304	-1.405857	3.204562	4.455503
-0.813170	3.731163	4.226304	-0.059837	3.641404	4.504614
-7.574628	-3.279601	2.518608	-8.355753	-3.385752	2.639572
-7.574628	-3.279601	2.518608	-6.924358	-3.602564	2.845307
-5.639400	-8.533446	6.150471	-4.892324	-8.493764	5.772675
-5.639400	-8.533446	6.150471	-5.838955	-8.520357	6.987801
-5.639400	-8.533446	6.150471	-6.205598	-8.552815	5.568970
-0.237082	-8.561883	-5.083617	0.409249	-9.001604	-4.863112
-2.829558	7.384393	-1.885387	-3.339717	6.835652	-1.563768
-2.829558	7.384393	-1.885387	-2.041300	7.310325	-1.831954
-2.829558	7.384393	-1.885387	-3.124745	8.069950	-2.291223
-1.115716	6.024914	-6.360363	-0.751071	6.177733	-5.607350
-1.115716	6.024914	-6.360363	-1.895146	5.708099	-6.307156
2.946646	-0.330754	5.307160	2.499015	0.315289	5.483514
5.866222	-5.058999	0.649619	5.922712	-5.261385	1.441489
5.866222	-5.058999	0.649619	5.164249	-5.271214	0.331579
2.992437	-4.246385	8.208177	2.885130	-4.836141	7.672963
2.992437	-4.246385	8.208177	3.548280	-3.703824	8.146252
2.992437	-4.246385	8.208177	2.369826	-4.250889	8.799801
2.885130	-4.836141	7.672963	2.884055	-4.459408	6.969436
2.885130	-4.836141	7.672963	2.750703	-5.582522	7.812605
-2.499872	-5.237172	5.056852	-2.460978	-5.577056	4.325261
-2.499872	-5.237172	5.056852	-1.778173	-4.902185	5.317115
6.062781	5.554279	-0.674358	6.669647	5.777766	-0.295149
6.062781	5.554279	-0.674358	5.835168	5.592603	-1.419810
7.060517	5.269290	0.216166	6.669647	5.777766	-0.295149
7.060517	5.269290	0.216166	7.530144	4.739497	-0.071490
7.060517	5.269290	0.216166	6.812896	5.497462	0.929769
5.749630	-7.150372	-4.503258	5.599416	-7.401676	-3.799692
5.749630	-7.150372	-4.503258	6.477329	-7.161551	-4.806520
7.739417	-8.888157	-3.325533	8.124396	-8.205534	-3.528080
7.739417	-8.888157	-3.325533	7.779185	-9.609847	-3.721868
4.337061	-8.752602	-3.135170	3.625404	-8.762085	-3.485252
4.337061	-8.752602	-3.135170	4.834883	-9.320462	-2.855299
5.261444	3.879074	-6.749868	5.748712	4.473585	-6.956930
5.261444	3.879074	-6.749868	4.657787	3.838530	-6.239496
5.261444	3.879074	-6.749868	5.424469	3.230464	-7.171762
7.040123	3.008641	-8.126556	7.770706	3.378159	-8.080042
7.040123	3.008641	-8.126556	6.366070	3.109133	-8.504330
7.958479	-2.445331	7.559875	7.720834	-1.865523	8.130606
7.958479	-2.445331	7.559875	7.855995	-2.386091	6.795548
7.958479	-2.445331	7.559875	8.314376	-3.094940	7.889969
7.304881	-2.822471	6.356688	7.855995	-2.386091	6.795548
7.304881	-2.822471	6.356688	7.602642	-3.383385	5.871637
7.304881	-2.822471	6.356688	6.541457	-2.591922	6.508093
6.455231	-4.726891	3.801525	6.698435	-5.476597	3.739959
6.455231	-4.726891	3.801525	5.734290	-4.579583	3.424767
6.455231	-4.726891	3.801525	6.792351	-4.100880	4.197422
7.957896	-3.752865	4.527581	7.331531	-3.625543	4.019172
7.957896	-3.752865	4.527581	8.111160	-3.265668	5.203301
4.743166	-2.995499	7.190705	4.326185	-2.677830	6.570995
-4.094498	-0.161081	1.636127	-3.861618	-0.625369	2.208427
-4.094498	-0.161081	1.636127	-3.664417	0.275492	1.116341
-3.915875	-3.631815	3.472193	-3.512369	-3.118786	3.835555
-3.553807	2.446555	2.021972	-3.634365	3.187830	2.145049
-3.553807	2.446555	2.021972	-3.186253	2.122903	2.619966
-1.876458	-2.894204	6.322104	-1.271759	-3.338906	6.063698
-1.876458	-2.894204	6.322104	-2.109763	-2.190174	6.071089
-1.876458	-2.894204	6.322104	-2.269685	-3.161147	6.872665
0.460239	8.884102	-4.104014	0.260924	9.262651	-3.412917
0.460239	8.884102	-4.104014	0.409249	9.158264	-4.863112
0.460239	8.884102	-4.104014	0.724116	8.159196	-3.925040
-0.571034	5.577723	-8.489488	-0.895624	4.917864	-8.822799
-0.571034	5.577723	-8.489488	-0.415878	5.613240	-7.620787
-0.571034	5.577723	-8.489488	-0.336235	6.216531	-8.923175
5.465876	-8.000928	-3.332073	5.599416	-7.401676	-3.799692
5.465876	-8.000928	-3.332073	5.929896	-8.602821	-3.050611
-5.716364	-7.738128	7.280750	-5.838955	-8.520357	6.987801
-5.716364	-7.738128	7.280750	-6.109293	-7.061493	7.009568
-5.716364	-7.738128	7.280750	-5.150383	-7.602362	7.858737
-1.925148	7.885512	-6.560813	-2.326511	7.202386	-6.751695
-3.480518	-6.387437	-6.611606	-2.803232	-5.949905	-6.950435
-3.480518	-6.387437	-6.611606	-4.089314	-6.720028	-7.038793
4.086998	3.229576	1.063103	3.813449	3.864938	0.784903
4.086998	3.229576	1.063103	3.530442	2.854424	1.450543
3.533644	-1.946993	-2.833183	3.947257	-1.443333	-2.293733
3.533644	-1.946993	-2.833183	3.106990	-2.633942	-2.570685
8.236289	-1.157652	-5.808338	7.551910	-1.514334	-5.729729
8.236289	-1.157652	-5.808338	8.798087	-1.332194	-6.373819
8.236289	-1.157652	-5.808338	8.328699	-0.578123	-5.235671
-7.027784	-1.854957	-5.010515	-6.361628	-2.174264	-4.830871
-7.027784	-1.854957	-5.010515	-7.185088	-2.019230	-5.798802
9.015654	-2.690827	-6.771405	9.141581	-2.076456	-6.290843
9.015654	-2.690827	-6.771405	8.549587	-3.282995	-6.612825
-5.085430	-0.667857	-4.994808	-5.120865	-1.444884	-4.903522
-5.085430	-0.667857	-4.994808	-4.496219	-0.338568	-5.473539
3.863479	3.044421	-7.922739	4.516648	3.380405	-8.233789
3.863479	3.044421	-7.922739	3.867778	3.034547	-7.107546
-0.131667	8.077105	-2.703245	-0.321519	8.852439	-2.984589
1.838011	-8.029937	-5.353895	2.604455	-8.064391	-5.503447
1.838011	-8.029937	-5.353895	1.371626	-8.512514	-5.817094
0.111361	-6.671887	-5.043327	-0.598185	-6.802684	-4.982311
0.111361	-6.671887	-5.043327	0.366397	-7.361962	-5.011641
0.111361	-6.671887	-5.043327	0.600635	-6.020984	-5.114467
0.660525	-8.220286	-3.244969	0.260924	-8.897217	-3.412917
0.660525	-8.220286	-3.244969	1.149076	-8.155315	-2.590415
0.660525	-8.220286	-3.244969	0.640330	-7.532244	-3.703175
-4.737867	-4.150266	1.549674	-3.912782	-4.120627	1.580734
8.114925	-8.608547	-1.497077	8.021421	-7.811721	-1.374695
8.114925	-8.608547	-1.497077	8.784512	-8.951767	-1.198017
8.114925	-8.608547	-1.497077	7.506520	-9.004439	-1.909080
-7.368056	3.745353	-6.443402	-7.319986	4.055914	-5.691219
-7.368056	3.745353	-6.443402	-8.065925	3.651896	-6.710800
-0.909635	2.020090	-3.688283	-0.476972	1.403073	-3.995360
-0.909635	2.020090	-3.688283	-1.558880	1.993347	-3.259690
-8.027460	2.645749	-3.060896	-8.227217	3.257347	-3.512227
-8.027460	2.645749	-3.060896	-8.635835	2.123892	-2.834441
-6.762126	3.970387	-1.895861	-5.988743	4.017466	-1.711708
-6.762126	3.970387	-1.895861	-7.252614	3.338330	-1.690446
-6.762126	3.970387	-1.895861	-6.958205	4.615971	-2.281749
-8.810781	-3.364052	0.083679	-8.585387	-2.894097	-0.473608
-8.810781	-3.364052	0.083679	-9.309506	-3.927762	-0.196277
-8.955666	0.045114	4.753047	-8.320396	-0.385559	5.110187
-8.955666	0.045114	4.753047	-9.647244	0.098529	5.149843
-8.955666	0.045114	4.753047	-8.674736	0.318082	4.086407
-6.729288	-2.227561	4.364845	-7.267569	-2.004604	4.910530
-6.729288	-2.227561	4.364845	-6.304966	-1.524524	4.108739
-6.523423	-3.397200	6.261840	-6.014551	-3.730251	6.684197
-7.838415	-3.302258	6.023443	-8.531986	-3.210049	6.358594
8.045587	-2.762788	-8.551053	7.455403	-2.682803	-8.096055
8.045587	-2.762788	-8.551053	8.676867	-2.349080	-8.602784
-9.057859	-2.293682	-8.011675	-8.857429	-1.556580	-7.963776
-9.057859	-2.293682	-8.011675	-9.483001	-2.349080	-8.602784
-3.252402	1.709136	0.956529	-2.743798	1.960189	0.388368
0.297874	6.884010	-0.506512	-0.407275	6.588399	-0.309472
0.297874	6.884010	-0.506512	0.433816	7.665087	-0.652549
-2.930122	8.202725	-5.604868	-2.746929	8.208950	-4.871472
-2.930122	8.202725	-5.604868	-2.923857	8.852786	-6.179506
-8.031354	-7.645846	8.516438	-7.863108	-6.846290	8.657464
-8.031354	-7.645846	8.516438	-8.320328	-7.855672	7.782975
-8.031354	-7.645846	8.516438	-7.946416	-8.202755	9.077841
8.639006	7.523217	-6.449357	8.943768	7.904307	-7.050898
-7.145668	8.465552	-8.447431	-7.480069	7.756472	-8.601731
-7.145668	8.465552	-8.447431	-7.220207	8.700516	-7.647922
8.835854	-7.463310	-8.111304	9.266072	-8.124041	-8.059788
8.835854	-7.463310	-8.111304	8.141275	-7.576869	-8.383925
5.042443	5.821130	2.357436	4.946414	5.042147	2.192624
5.042443	5.821130	2.357436	5.642008	5.931010	2.883904
4.879609	8.431783	4.480757	5.133209	8.628132	3.751647
3.039017	8.505422	5.646942	2.694692	8.460538	4.911876
3.039017	8.505422	5.646942	3.050946	9.275814	5.853338
3.039017	8.505422	5.646942	3.385430	7.966438	6.214142
-3.564623	-6.004394	1.405927	-3.905103	-5.343737	1.125120
-3.564623	-6.004394	1.405927	-3.437562	-6.172050	2.180038
1.742954	-7.269460	3.347284	1.864753	-8.060963	3.454073
1.742954	-7.269460	3.347284	1.410446	-7.236967	2.660525
5.473556	-4.995653	2.030489	4.746645	-5.345467	1.903555
5.473556	-4.995653	2.030489	5.922712	-5.261385	1.441489
-1.130872	-5.795383	8.418417	-1.672227	-5.278464	8.750092
-1.130872	-5.795383	8.418417	-0.524585	-5.321398	8.100093
0.870150	-6.355458	4.675716	1.616507	-6.606897	4.592803
0.870150	-6.355458	4.675716	0.624315	-5.838815	5.201785
0.870150	-6.355458	4.675716	0.314604	-6.618514	4.222391
-1.393311	0.854484	-5.382449	-0.665329	0.770146	-5.277976
-0.853110	-4.177410	-0.621077	-0.426931	-3.775556	-0.091457
-0.853110	-4.177410	-0.621077	-1.200958	-3.889225	-1.274311
1.634802	-3.785619	7.148363	1.429196	-3.629262	7.934607
-1.742940	-6.672742	3.965582	-1.382934	-7.262612	4.338656
5.015106	-4.897095	8.013022	5.263407	-4.331702	8.472428
5.015106	-4.897095	8.013022	5.221965	-4.751299	7.232686
3.586095	-5.328656	-8.442868	4.114841	-4.995333	-7.947838
3.586095	-5.328656	-8.442868	3.766608	-5.934698	-8.948876
-0.691460	5.953911	2.638866	-0.689379	5.141147	2.605132
-0.691460	5.953911	2.638866	-1.486148	6.181853	2.564558
-2.007341	6.034994	4.538672	-1.955641	6.477545	3.858851
-2.007341	6.034994	4.538672	-2.575642	6.186853	5.053679
-2.007341	6.034994	4.538672	-1.630394	5.389514	4.825715
-4.595192	8.780492	1.925326	-5.093710	8.953587	1.353008
-3.277460	6.418410	1.958164	-2.566575	6.333006	1.621550
-8.955229	6.370658	-2.713053	-8.501814	6.815319	-2.267152
-8.955229	6.370658	-2.713053	-8.717160	6.324421	-3.402463
-7.319986	4.055914	-5.691219	-7.120978	3.614184	-5.134393
-7.319986	4.055914	-5.691219	-7.458036	4.818804	-5.573911
-3.082141	-8.689398	6.755487	-3.178224	-9.531221	6.735008
-3.082141	-8.689398	6.755487	-3.433333	-8.250447	7.318238
-6.943734	5.440499	-5.581936	-7.168272	5.803946	-6.291949
-6.943734	5.440499	-5.581936	-7.458036	4.818804	-5.573911
-6.014257	4.690790	-7.136286	-5.413004	4.713977	-6.650560
-6.014257	4.690790	-7.136286	-6.270755	3.989814	-7.306123
-7.237260	6.531219	-8.176261	-7.014176	7.109775	-8.654908
-7.237260	6.531219	-8.176261	-7.000773	6.796715	-7.472787
0.050760	7.731005	7.942552	-0.235700	8.431778	8.268109
0.050760	7.731005	7.942552	-0.410081	7.557885	7.375593
0.050760	7.731005	7.942552	0.675351	7.296488	8.116420
-6.617608	-2.666546	0.877306	-7.264576	-2.915455	1.243888
-6.617608	-2.666546	0.877306	-6.026289	-3.084433	0.614790
-3.179287	6.744410	-0.127987	-2.502760	6.648423	0.248658
-3.179287	6.744410	-0.127987	-3.768879	7.139399	0.174887
-3.179287	6.744410	-0.127987	-3.288401	6.421701	-0.823761
-3.180031	9.013463	-1.410140	-3.123097	8.841734	-0.632717
8.982100	-1.117580	2.980214	8.201206	-0.933885	2.886909
8.982100	-1.117580	2.980214	9.461550	-0.462506	3.101951
-8.774959	0.152159	1.433947	-8.227170	0.161226	1.947419
-8.774959	0.152159	1.433947	-8.887089	0.806178	1.060894
-8.774959	0.152159	1.433947	-9.219961	-0.547717	1.326058
-8.642941	7.485460	-7.342028	-8.737531	7.283447	-8.075574
-8.642941	7.485460	-7.342028	-9.216100	7.904307	-7.050898
-8.642941	7.485460	-7.342028	-8.035940	7.274518	-6.939223
-7.480069	7.756472	-8.601731	-7.014176	7.109775	-8.654908
-7.480069	7.756472	-8.601731	-8.293322	7.675367	-8.667292
7.197664	8.031683	-3.945675	6.601328	7.858578	-3.437381
7.197664	8.031683	-3.945675	7.230378	7.650982	-4.693451
7.197664	8.031683	-3.945675	7.779185	8.550022	-3.721868
2.596369	5.077770	-5.673718	1.762685	5.210813	-5.661593
2.596369	5.077770	-5.673718	3.214426	5.487384	-5.584782
-7.551725	2.971064	-4.784473	-7.120978	3.614184	-5.134393
-7.551725	2.971064	-4.784473	-8.288121	3.122347	-4.348618
-8.533820	0.465092	-3.057196	-7.736672	0.354930	-3.047794
-8.533820	0.465092	-3.057196	-8.804131	0.968864	-3.640053
-8.533820	0.465092	-3.057196	-8.898978	0.115010	-2.455999
7.486354	1.077476	-6.803472	6.998713	1.140942	-7.436861
7.486354	1.077476	-6.803472	8.232278	0.937211	-6.710803
7.332025	1.089406	-4.868723	6.945796	1.165940	-4.178037
7.332025	1.089406	-4.868723	6.947145	0.786966	-5.522670
7.667468	5.037940	8.559382	7.428575	5.183617	9.267241
7.667468	5.037940	8.559382	7.691984	4.302194	8.165807
7.667468	5.037940	8.559382	7.891662	5.671514	8.114782
4.371775	3.720385	-8.930621	4.770050	3.325927	-9.587555
4.371775	3.720385	-8.930621	3.894583	4.328217	-8.975288
4.371775	3.720385	-8.930621	4.516648	3.380405	-8.233789
7.292260	7.593286	-6.537704	6.983674	7.987396	-5.906164
7.292260	7.593286	-6.537704	6.943151	7.617465	-7.290095
4.943028	-3.364471	-1.520937	4.655487	-2.728932	-1.122925
4.943028	-3.364471	-1.520937	5.489352	-3.890723	-1.211065
6.230492	-3.874185	-0.967799	6.555786	-4.011017	-0.200314
6.230492	-3.874185	-0.967799	5.489352	-3.890723	-1.211065
6.230492	-3.874185	-0.967799	6.758562	-3.750911	-1.555593
-0.668936	-0.232161	2.007886	-0.584287	0.591304	1.836693
-0.668936	-0.232161	2.007886	-1.258903	-0.619123	1.610789
0.187536	0.768186	1.741028	-0.584287	0.591304	1.836693
-3.207887	-0.837227	4.523012	-3.217442	-0.858813	5.245045
1.890675	8.829767	-7.245140	2.644174	8.806654	-7.175140
1.890675	8.829767	-7.245140	1.569807	9.527837	-7.234920
1.890675	8.829767	-7.245140	1.331840	8.261884	-7.330871
2.644174	8.806654	-7.175140	3.200618	9.280398	-7.382146
6.102464	8.462849	7.760662	5.353766	8.726623	7.917323
-4.479749	-7.391394	7.633832	-3.917667	-7.690399	7.206668
-4.479749	-7.391394	7.633832	-5.150383	-7.602362	7.858737
-1.626452	-4.158455	5.057139	-1.157357	-3.606291	5.364893
-1.626452	-4.158455	5.057139	-1.778173	-4.902185	5.317115
-5.489218	0.813987	3.960052	-6.237940	0.865916	3.600884
-5.489218	0.813987	3.960052	-4.797024	0.898689	3.617206
-2.729458	-8.371045	4.855632	-2.881855	-8.041119	5.530311
-2.729458	-8.371045	4.855632	-1.989267	-8.478195	4.732069
-2.729458	-8.371045	4.855632	-3.255469	-8.588396	4.267877
-3.201063	-8.044775	3.667319	-3.255469	-8.588396	4.267877
-3.201063	-8.044775	3.667319	-3.527604	-7.297443	3.866661
-3.201063	-8.044775	3.667319	-2.827525	-8.201522	2.943784
-0.913545	8.678242	3.296086	-0.752491	8.122946	3.807831
-1.208739	-8.931856	-2.053552	-1.051295	-9.158429	-2.763949
-1.208739	-8.931856	-2.053552	-1.545321	-8.225920	-1.896088
-1.208739	-8.931856	-2.053552	-1.034543	-9.418407	-1.458474
-4.011510	-7.073453	-0.694165	-4.267739	-6.856414	0.063431
8.771197	-1.000416	-7.717035	9.302439	-1.556580	-7.963776
8.771197	-1.000416	-7.717035	8.939923	-0.745624	-6.960739
8.771197	-1.000416	-7.717035	8.162462	-0.846397	-8.267086
-7.452896	-1.778708	-7.931237	-8.148216	-1.478891	-8.191153
-7.452896	-1.778708	-7.931237	-7.163486	-2.584598	-8.045803
-7.452896	-1.778708	-7.931237	-6.999703	-1.262342	-7.629556
4.559285	6.132756	0.089579	4.896224	5.474669	0.219226
5.941853	8.413571	6.427621	6.151699	9.213133	6.237164
5.941853	8.413571	6.427621	5.446990	7.834049	6.126075
7.172947	-7.842308	8.322707	7.244523	-7.278187	8.894607
7.172947	-7.842308	8.322707	6.746977	-7.666877	7.645592
7.321353	7.364868	8.906583	6.972431	6.675419	8.643596
7.321353	7.364868	8.906583	7.601561	7.329599	9.655284
7.321353	7.364868	8.906583	7.261505	7.908368	8.306837
0.913130	-0.084680	7.584859	0.771220	-0.461910	6.931241
0.913130	-0.084680	7.584859	1.702499	0.136227	7.565175
1.427608	3.590193	-5.978536	1.475364	2.904194	-6.369658
1.427608	3.590193	-5.978536	0.997913	4.203255	-6.188259
2.561467	2.388285	-5.676760	1.744856	2.356125	-5.876625
2.561467	2.388285	-5.676760	2.975844	1.778442	-5.944951
2.561467	2.388285	-5.676760	2.858131	3.022346	-5.228120
2.746419	8.649402	-5.601821	2.999762	9.390206	-5.343986
1.322513	6.395640	-4.898275	1.913157	6.617573	-4.355548
1.322513	6.395640	-4.898275	0.845988	7.003830	-5.192918
1.322513	6.395640	-4.898275	1.232114	5.573752	-5.116441
-1.646302	2.487506	-2.602886	-2.131039	3.102417	-2.760395
-1.646302	2.487506	-2.602886	-1.558880	1.993347	-3.259690
-1.405744	5.423009	-4.217454	-1.922261	5.933979	-3.888294
-1.405744	5.423009	-4.217454	-0.830705	5.196124	-3.683326
-2.627992	6.900949	-6.178965	-2.326511	7.202386	-6.751695
-1.544726	5.036900	-0.908106	-2.305293	4.816590	-1.148995
-1.544726	5.036900	-0.908106	-1.255083	5.759106	-1.225579
-1.239215	7.329002	-2.992690	-1.789788	7.561248	-3.482255
-1.239215	7.329002	-2.992690	-1.627993	6.996202	-2.427260
-7.630447	2.840965	1.752356	-7.535586	3.593798	1.503172
-7.630447	2.840965	1.752356	-7.076138	2.255695	1.857094
-0.930815	-2.732966	-6.280114	-1.682610	-2.801892	-6.209188
-0.930815	-2.732966	-6.280114	-0.655544	-3.406401	-6.601416
-0.930815	-2.732966	-6.280114	-0.511866	-2.112009	-6.100080
0.386406	-2.935939	-1.487646	-0.432053	-2.823002	-1.672863
0.386406	-2.935939	-1.487646	0.963804	-3.082288	-2.052732
-7.014176	7.109775	-8.654908	-6.412573	6.818088	-8.988655
-4.130643	4.969775	8.978404	-4.431857	5.474396	8.390909
-4.130643	4.969775	8.978404	-3.458276	5.096899	9.393273
-5.161798	6.437958	-8.243461	-4.614174	6.770399	-8.719455
-5.161798	6.437958	-8.243461	-5.919664	6.275643	-8.510934
-5.413004	4.713977	-6.650560	-5.465645	4.604919	-5.860291
-5.413004	4.713977	-6.650560	-4.813107	4.851077	-7.137164
-8.860879	-2.016758	-2.225402	-8.145980	-2.008570	-2.618478
-8.860879	-2.016758	-2.225402	-9.118971	-2.646629	-1.693540
-8.860879	-2.016758	-2.225402	-9.291499	-1.351276	-2.372133
-4.520195	-4.968912	-5.811473	-4.126995	-5.407742	-5.238608
-4.520195	-4.968912	-5.811473	-5.139816	-4.573487	-5.646689
-4.520195	-4.968912	-5.811473	-4.267317	-4.962096	-6.555874
3.916674	3.732724	-6.647730	4.657787	3.838530	-6.239496
3.916674	3.732724	-6.647730	3.361125	4.307797	-6.559763
3.916674	3.732724	-6.647730	3.867778	3.034547	-7.107546
6.700470	-0.628704	-5.221097	6.501212	0.110954	-5.490225
6.700470	-0.628704	-5.221097	6.845657	-1.180835	-5.776640
6.501212	0.110954	-5.490225	6.947145	0.786966	-5.522670
6.501212	0.110954	-5.490225	5.736646	0.203095	-5.779744
4.114841	-4.995333	-7.947838	4.356770	-4.231250	-8.001727
-2.527930	8.145609	6.851861	-3.178224	8.628647	6.735008
-2.527930	8.145609	6.851861	-2.316491	7.647379	6.238569
-2.527930	8.145609	6.851861	-2.191159	8.252925	7.535811
-2.260522	7.719839	8.132466	-2.623477	8.042838	8.760970
-2.260522	7.719839	8.132466	-2.191159	8.252925	7.535811
-2.260522	7.719839	8.132466	-2.036205	6.958813	8.223309
-4.165983	-8.319186	-6.403790	-4.745386	-8.375706	-5.842362
-4.165983	-8.319186	-6.403790	-3.354291	-8.556383	-6.294775
-4.165983	-8.319186	-6.403790	-4.442800	-8.021825	-7.125428
-3.846915	7.856324	-8.601126	-4.138248	8.438678	-8.059093
-7.233904	5.177897	6.613097	-7.312616	4.807780	7.355225
-7.233904	5.177897	6.613097	-6.459370	5.385061	6.316433
4.517067	-1.441752	0.561481	4.600135	-1.205099	-0.133605
4.517067	-1.441752	0.561481	4.775512	-1.147189	1.225159
6.064314	2.015221	-2.497396	6.400867	2.708641	-2.848049
6.064314	2.015221	-2.497396	5.421463	1.797176	-2.935121
-0.736724	-3.504436	6.606283	0.022675	-3.235106	6.670250
-0.736724	-3.504436	6.606283	-1.271759	-3.338906	6.063698
6.785012	1.761605	2.816160	6.869104	1.033857	2.486459
3.153999	1.999779	-0.231824	2.662566	1.543226	-0.625426
3.153999	1.999779	-0.231824	3.522726	2.571521	-0.590668
2.460065	4.405975	1.039532	2.734810	5.042274	0.807240
2.460065	4.405975	1.039532	2.497418	3.809908	0.611787
-8.178829	-4.622363	8.746996	-8.494588	-4.037694	9.156900
0.421983	-8.558375	7.659399	1.130106	-8.836347	7.603777
2.330771	7.445260	9.033796	3.078196	7.826088	9.011395
2.330771	7.445260	9.033796	1.665096	7.850391	8.771126
2.330771	7.445260	9.033796	2.185498	6.682683	9.271025
-3.791626	-1.769232	-4.706288	-3.274466	-1.361846	-4.203781
-3.791626	-1.769232	-4.706288	-3.529101	-2.053163	-5.397853
-4.028543	-3.235052	-6.001745	-3.524652	-2.849727	-5.479039
2.977969	2.349881	-4.150902	2.272161	2.505081	-3.762881
2.977969	2.349881	-4.150902	3.308886	2.879345	-4.590922
2.977969	2.349881	-4.150902	3.431305	1.719308	-4.152348
-1.829083	-0.065150	-4.585908	-2.467275	-0.392292	-4.789275
1.194195	-3.755238	-7.176159	1.935811	-3.947650	-7.378244
1.194195	-3.755238	-7.176159	1.120159	-3.013276	-6.949559
1.194195	-3.755238	-7.176159	0.858002	-4.419055	-7.288875
-1.046997	-1.422201	-2.902191	-1.114854	-1.954739	-3.545153
-2.722358	-1.389232	-1.264665	-2.191609	-1.993141	-1.264340
-4.779670	-0.433369	-1.534210	-4.269856	-0.209149	-1.993959
0.356587	-1.535391	0.815485	0.804582	-0.928280	1.156457
0.356587	-1.535391	0.815485	0.091541	-1.499667	0.072357
0.356587	-1.535391	0.815485	0.151389	-2.204565	1.232838
-2.147728	-2.750720	0.210327	-1.380802	-2.511967	0.181478
-6.016450	7.884995	-0.057699	-6.423901	8.124419	-0.661403
-0.533567	6.957202	-7.232612	-0.063140	7.461029	-6.828398
7.428575	5.183617	-8.892627	6.641675	5.229029	-8.849542
2.546182	6.108015	8.908473	2.185498	6.682683	9.271025
-7.313655	0.237514	-8.705206	-7.461988	-0.488609	-8.680846
-7.313655	0.237514	-8.705206	-7.231768	0.803280	-8.133272
-7.313655	0.237514	-8.705206	-7.191936	0.556634	-9.421386
-6.779805	-1.104506	-6.866946	-6.702040	-0.364597	-6.607163
-6.779805	-1.104506	-6.866946	-6.999703	-1.262342	-7.629556
-2.903691	6.091018	8.958920	-3.243734	6.558835	9.630269
0.091017	-2.704527	7.247519	0.022675	-3.235106	6.670250
0.091017	-2.704527	7.247519	0.306858	-2.859099	7.953074
0.091017	-2.704527	7.247519	-0.096358	-2.013115	7.000535
-4.108213	-6.402316	8.600348	-3.351298	-6.305802	8.933174
1.548038	-2.112420	-8.311889	1.238563	-1.843898	-7.653907
1.548038	-2.112420	-8.311889	2.289314	-2.404470	-8.367998
4.553574	-5.524733	-5.222297	5.084793	-6.114376	-5.270512
3.789513	-2.972685	-7.534874	4.198565	-2.342889	-7.813938
3.789513	-2.972685	-7.534874	3.044185	-2.835961	-7.355633
3.789513	-2.972685	-7.534874	4.106682	-3.706447	-7.435793
5.276631	-0.851903	-9.011191	5.126867	-0.589091	-9.721627
5.276631	-0.851903	-9.011191	5.364942	-0.448341	-8.340120
5.276631	-0.851903	-9.011191	5.351295	-1.624987	-9.065294
5.126867	-0.589091	8.438241	5.781076	-0.182020	8.192548
-4.318971	-4.914716	-0.654191	-5.043552	-5.242487	-0.434739
-4.318971	-4.914716	-0.654191	-3.979333	-4.285490	-0.323220
-4.650771	0.064024	6.463458	-4.577045	0.125648	5.667012
-6.698195	5.784781	-6.921505	-7.168272	5.803946	-6.291949
-6.698195	5.784781	-6.921505	-6.434699	6.413861	-7.130572
-4.357419	3.913618	-4.140608	-4.454088	4.682009	-4.220460
-7.045199	-8.344939	-8.035495	-6.447999	-7.851856	-7.848468
-7.045199	-8.344939	-8.035495	-7.503017	-8.713610	-7.548372
-8.893796	-8.124041	-8.059788	-8.707024	-8.441211	-7.357603
8.442762	3.075205	5.485953	8.328746	3.229955	6.214860
8.442762	3.075205	5.485953	8.756439	2.366649	5.297121
8.442762	3.075205	5.485953	8.271026	3.545255	4.938702
6.972431	6.675419	8.643596	6.292008	6.372453	8.877390
6.972431	6.675419	8.643596	7.326170	6.217434	8.067243
2.624216	-5.846843	-4.723386	1.938535	-6.229675	-4.582018
2.624216	-5.846843	-4.723386	3.224864	-6.082896	-5.189178
7.331531	-3.625543	4.019172	6.792351	-4.100880	4.197422
7.331531	-3.625543	4.019172	7.065422	-3.176468	3.417335
-6.651696	6.870695	5.306255	-6.176638	7.401539	5.652003
-7.909365	1.640833	9.044967	-7.807773	1.010587	8.548481
-7.909365	1.640833	9.044967	-8.290997	1.590003	9.761704
7.551910	-1.514334	-5.729729	7.440660	-2.292074	-5.567810
7.551910	-1.514334	-5.729729	6.845657	-1.180835	-5.776640
3.694511	0.362237	6.794145	4.072617	0.734443	7.409945
3.694511	0.362237	6.794145	3.197097	0.820275	6.409250
-9.022663	-0.597782	-2.137463	-8.795461	-0.507952	-1.345941
-9.022663	-0.597782	-2.137463	-8.898978	0.115010	-2.455999
-9.022663	-0.597782	-2.137463	-9.291499	-1.351276	-2.372133
-8.610178	-4.523221	-4.842191	-8.284965	-4.297909	-5.532203
8.488758	-3.369873	-3.768910	8.162315	-2.615700	-3.755100
8.488758	-3.369873	-3.768910	9.075248	-3.448252	-4.265457
8.488758	-3.369873	-3.768910	8.301254	-4.066572	-3.424735
7.704714	-2.675526	-4.983503	7.440660	-2.292074	-5.567810
7.704714	-2.675526	-4.983503	8.287865	-3.169189	-5.115765
6.021805	-5.887398	-1.071640	6.836146	-5.762961	-0.843688
6.021805	-5.887398	-1.071640	5.697229	-6.597259	-0.881312
6.021805	-5.887398	-1.071640	5.609495	-5.292464	-1.450171
-5.778251	8.840283	0.908285	-6.197994	9.462071	0.550475
-5.778251	8.840283	0.908285	-5.093710	8.953587	1.353008
6.183564	-6.510644	3.261347	6.790946	-5.947042	3.163895
6.183564	-6.510644	3.261347	5.832828	-6.496381	3.983100
4.805401	-7.592346	5.670142	4.623585	-7.933675	5.037514
3.034519	-6.816737	-1.681861	2.841782	-6.587452	-2.441798
3.034519	-6.816737	-1.681861	3.548859	-7.444251	-1.499112
0.459893	3.385888	-2.452018	0.706492	3.842512	-1.822791
-7.626411	1.618843	-5.978126	-7.838806	0.957878	-5.592217
-2.374677	2.878812	-5.930860	-2.538995	3.669231	-5.965079
0.089860	5.041783	-7.400881	-0.058027	4.333320	-7.032762
0.089860	5.041783	-7.400881	-0.415878	5.613240	-7.620787
0.089860	5.041783	-7.400881	0.833678	5.157261	-7.586916
-5.373776	-2.133809	-6.432748	-4.879486	-1.755516	-6.912642
-5.373776	-2.133809	-6.432748	-5.233994	-2.884690	-6.449182
-5.373776	-2.133809	-6.432748	-5.893354	-1.863042	-6.019224
-8.077611	7.388938	-0.157095	-7.716238	7.733764	-0.762467
-8.077611	7.388938	-0.157095	-8.023863	6.653086	-0.193542
2.339802	2.328327	-2.949533	2.923798	2.708443	-2.553558
2.339802	2.328327	-2.949533	2.272161	2.505081	-3.762881
-4.275394	-1.486752	3.992724	-4.076383	-1.912544	3.371713
-4.275394	-1.486752	3.992724	-4.923106	-1.726431	4.426827
-2.331931	-1.543640	3.241854	-2.139849	-1.400024	3.992464
-2.331931	-1.543640	3.241854	-2.231999	-1.003086	2.633800
-2.331931	-1.543640	3.241854	-2.697127	-2.290558	3.102443
-1.732545	0.132158	5.129659	-1.019227	-0.015837	5.278048
-1.732545	0.132158	5.129659	-2.142622	-0.009327	4.496477
-1.732545	0.132158	5.129659	-2.128682	0.479747	5.665331
-1.963624	0.690124	1.013367	-2.521696	0.834136	1.523976
-3.676782	2.021906	-0.676101	-4.167040	1.395705	-0.891671
-3.676782	2.021906	-0.676101	-2.973274	1.733758	-0.357044
-4.167040	1.395705	-0.891671	-4.308495	1.298469	-1.704310
-2.030114	2.343751	0.457861	-1.718729	3.068595	0.551680
-2.030114	2.343751	0.457861	-1.571681	1.688171	0.405847
-2.030114	2.343751	0.457861	-2.743798	1.960189	0.388368
3.947257	-1.443333	-2.293733	4.678881	-1.681964	-1.979704
3.947257	-1.443333	-2.293733	3.622212	-0.738951	-2.111990
-0.614102	3.326472	-0.471837	-0.531131	4.105942	-0.538330
-0.614102	3.326472	-0.471837	-0.909205	3.203300	0.307776
0.927171	-1.262704	-1.048934	0.677848	-1.133460	-1.813441
-4.719545	-4.602822	3.900847	-4.429800	-5.097086	3.332669
-4.719545	-4.602822	3.900847	-5.045256	-4.826752	4.589808
5.365038	-3.914296	5.026786	5.103808	-4.435577	5.556075
5.365038	-3.914296	5.026786	4.950151	-3.937712	4.334529
6.264515	-1.918518	6.053456	6.692511	-1.248703	6.127611
6.264515	-1.918518	6.053456	6.541457	-2.591922	6.508093
6.304963	7.128348	5.153637	6.524384	6.374445	5.425366
5.807522	5.236564	4.892158	5.296315	5.019262	4.264576
5.807522	5.236564	4.892158	6.524403	5.630851	4.999306
5.807522	5.236564	4.892158	5.475140	4.962300	5.600692
4.688048	5.036260	0.843272	4.896224	5.474669	0.219226
4.688048	5.036260	0.843272	3.993880	4.666718	0.927647
4.688048	5.036260	0.843272	5.140367	4.900326	1.454352
-1.922261	5.933979	-3.888294	-2.077519	5.881112	-3.057212
-7.120978	3.614184	-5.134393	-6.408877	3.878043	-4.937002
8.138276	2.151075	6.970976	7.991955	1.411655	6.660964
-8.965675	0.510587	7.764097	-9.653150	0.284943	8.014528
-8.965675	0.510587	7.764097	-9.001641	0.104971	7.084944
6.426486	0.736746	-7.561163	6.998713	1.140942	-7.436861
6.426486	0.736746	-7.561163	6.396609	0.250223	-8.125797
-5.904778	7.707213	2.727932	-6.530440	7.657825	3.269652
-5.904778	7.707213	2.727932	-5.302148	8.087242	3.088318
-7.168411	4.071010	2.001648	-7.535586	3.593798	1.503172
-7.168411	4.071010	2.001648	-7.672349	4.202401	2.615414
-7.027665	1.582760	1.369058	-7.008762	0.825603	1.777612
-7.027665	1.582760	1.369058	-7.076138	2.255695	1.857094
8.316106	4.486998	6.169172	8.253568	4.683559	5.388425
8.316106	4.486998	6.169172	8.681113	3.812297	6.418390
-7.593406	3.436230	6.390521	-8.214528	3.966065	6.391077
-7.593406	3.436230	6.390521	-7.264597	3.430615	7.161406
-7.593406	3.436230	6.390521	-7.466692	3.056697	5.689153
-8.814017	3.772185	6.820804	-8.214528	3.966065	6.391077
-8.814017	3.772185	6.820804	-8.807578	3.518903	7.589024
-8.814017	3.772185	6.820804	-9.478755	3.812297	6.418390
3.219389	-3.057499	7.753651	3.233551	-2.383687	8.116083
3.219389	-3.057499	7.753651	2.901339	-3.171763	7.010580
3.219389	-3.057499	7.753651	3.548280	-3.703824	8.146252
1.948162	-5.699384	7.813221	2.750703	-5.582522	7.812605
1.948162	-5.699384	7.813221	1.554035	-5.884159	7.180544
5.961245	-2.088229	9.073718	6.140917	-2.401828	9.776064
5.961245	-2.088229	9.073718	6.385806	-2.237383	8.372628
5.961245	-2.088229	9.073718	5.351295	-1.624987	9.094574
-8.780415	-1.218012	7.384135	-9.182661	-0.627271	7.137216
-8.780415	-1.218012	7.384135	-8.544870	-1.513322	8.080390
-2.069514	2.644708	-7.885349	-1.384749	2.995290	-8.199884
-2.069514	2.644708	-7.885349	-2.826275	2.999207	-8.014338
-0.248729	2.319190	-8.840991	-0.008542	1.575777	-8.684123
-0.248729	2.319190	-8.840991	0.359171	2.832411	-8.953900
1.475364	2.904194	-6.369658	1.744856	2.356125	-5.876625
-1.878072	8.323746	5.185901	-1.384156	7.866524	4.823816
-1.878072	8.323746	5.185901	-2.490723	8.056823	5.578639
-1.955792	-6.700418	7.155321	-1.856463	-6.873509	7.975124
-1.955792	-6.700418	7.155321	-1.590539	-7.244803	6.600882
0.123752	-7.402471	8.293815	-0.596645	-7.140206	8.618699
0.123752	-7.402471	8.293815	0.788840	-7.310838	8.761832
3.704670	-5.181378	-6.178823	3.730609	-5.545566	-6.831458
7.244523	-7.278187	8.894607	6.647892	-6.833604	9.190459
2.305581	-3.051840	-6.241597	2.763030	-2.553071	-6.654396
-7.031471	1.690588	-4.274359	-6.463537	1.877733	-3.796093
-7.031471	1.690588	-4.274359	-7.444312	0.992789	-4.244365
6.983674	7.987396	-5.906164	6.801764	8.734120	-5.760567
-8.906685	4.172870	-2.549566	-9.588396	4.490540	-2.645490
7.481239	-2.369002	-0.593862	7.984062	-2.092492	-0.132305
7.481239	-2.369002	-0.593862	7.547772	-3.147714	-0.367769
-3.820928	-0.247562	3.542110	-4.134854	0.456572	3.743153
-3.820928	-0.247562	3.542110	-3.487460	-0.399772	2.822397
7.482119	6.155229	-7.153723	7.993027	6.353733	-6.586471
7.482119	6.155229	-7.153723	6.674383	6.083470	-7.006703
6.282402	4.797430	-6.498142	5.748712	4.473585	-6.956930
6.282402	4.797430	-6.498142	6.787463	4.391824	-6.076339
6.143663	5.796732	-3.511583	6.709150	5.952388	-2.919131
6.143663	5.796732	-3.511583	5.367913	5.985838	-3.282185
6.143663	5.796732	-3.511583	6.371955	5.472885	-4.225146
-7.000773	6.796715	-7.472787	-7.346154	7.435827	-7.171424
-7.000773	6.796715	-7.472787	-6.434699	6.413861	-7.130572
-7.346154	7.435827	-7.171424	-8.035940	7.274518	-6.939223
-6.100531	3.794406	-8.055022	-5.353704	3.567504	-8.245569
-6.100531	3.794406	-8.055022	-6.270755	3.989814	-7.306123
-6.100531	3.794406	-8.055022	-6.678975	3.845646	-8.640206
0.706486	0.141257	2.746053	0.656825	-0.507430	2.333158
1.786983	-0.404329	-0.567333	1.588928	0.110101	-1.136683
1.786983	-0.404329	-0.567333	2.146688	-0.447243	0.145935
1.045050	-0.259847	0.797329	0.804582	-0.928280	1.156457
1.045050	-0.259847	0.797329	0.417226	0.227918	0.617218
1.303230	-6.710785	-0.762116	0.896427	-6.766927	-1.452436
1.303230	-6.710785	-0.762116	2.065523	-6.851444	-0.785651
-4.006676	-1.452625	2.182636	-3.672892	-1.885619	1.642428
-4.006676	-1.452625	2.182636	-3.861618	-0.625369	2.208427
-5.541670	-3.125436	-7.158578	-6.254177	-3.489799	-7.203522
-5.541670	-3.125436	-7.158578	-5.233994	-2.884690	-6.449182
-5.541670	-3.125436	-7.158578	-4.937525	-2.844555	-7.568104
-7.389315	-5.800998	-0.213495	-7.285096	-6.620579	-0.248147
-7.389315	-5.800998	-0.213495	-6.916950	-5.313949	0.236295
-6.477794	-4.115929	-0.116257	-6.050054	-3.516349	-0.027570
7.135826	-8.047743	2.157027	7.845678	-7.819054	1.784630
7.005284	3.533120	-1.966855	7.382484	4.157179	-2.307778
7.005284	3.533120	-1.966855	7.131238	3.055069	-1.307850
7.005284	3.533120	-1.966855	6.361946	3.336327	-2.381289
-3.427099	-5.846267	-1.218207	-2.606216	-5.690149	-1.125995
3.005421	9.016449	-3.144986	2.876877	8.235198	-3.442580
3.005421	9.016449	-3.144986	3.625404	9.397783	-3.485252
3.005421	9.016449	-3.144986	2.532835	9.392497	-2.536948
7.909115	7.240910	-4.784156	8.504460	7.621518	-5.139252
7.909115	7.240910	-4.784156	7.230378	7.650982	-4.693451
7.436061	-4.154025	6.012661	7.772306	-4.585198	6.629304
7.436061	-4.154025	6.012661	6.907878	-4.438202	5.456134
7.436061	-4.154025	6.012661	7.602642	-3.383385	5.871637
8.789774	6.985816	3.090603	9.595941	7.148233	3.090781
8.789774	6.985816	3.090603	8.343326	6.281719	3.055766
8.789774	6.985816	3.090603	8.438370	7.723438	3.121594
8.568578	-8.235368	3.367191	8.609489	-7.902812	2.712667
8.636247	-8.564172	5.925939	9.278743	-8.163086	5.944666
8.328169	-8.654923	8.411753	8.875037	-8.874223	8.994204
8.328169	-8.654923	8.411753	8.596048	-8.550125	7.703298
-8.020102	-8.295664	-7.164425	-7.694985	-7.789518	-6.650096
-8.020102	-8.295664	-7.164425	-7.503017	-8.713610	-7.548372
-8.020102	-8.295664	-7.164425	-8.707024	-8.441211	-7.357603
2.490256	-3.941369	0.395134	2.005990	-3.357943	0.519839
-6.336007	7.067279	-3.737837	-6.286629	7.310806	-2.974598
-6.336007	7.067279	-3.737837	-6.881086	6.556163	-4.042414
-7.941479	6.444170	-1.817890	-8.174414	5.922003	-1.209257
-7.941479	6.444170	-1.817890	-7.151515	6.600928	-1.928994
-7.941479	6.444170	-1.817890	-8.501814	6.815319	-2.267152
0.022675	-3.235106	6.670250	0.661648	-3.465538	6.216074
8.252180	-6.772973	7.233647	8.580156	-7.169824	7.844207
8.252180	-6.772973	7.233647	8.705982	-6.446604	6.657955
8.609489	-7.902812	2.712667	9.205149	-8.194860	2.304543
-7.264427	-5.430670	5.585325	-7.155685	-5.012613	6.125308
-2.623265	0.778699	-7.571298	-3.404496	0.995919	-7.787854
0.448397	6.263669	9.063128	0.677711	6.550522	8.339419
0.448397	6.263669	9.063128	-0.336235	6.216531	9.236693
-8.898568	0.799260	0.312253	-8.887089	0.806178	1.060894
-8.898568	0.799260	0.312253	-8.316230	0.672207	-0.189454
-8.898568	0.799260	0.312253	-9.621387	0.950439	0.172005
-2.290208	0.396401	2.805229	-1.808186	0.607664	3.356294
-2.645651	0.396700	-0.750176	-2.967394	-0.012759	-1.399540
-2.645651	0.396700	-0.750176	-2.538188	-0.007512	-0.014547
-0.574258	0.359532	-3.161773	-1.046395	-0.234778	-3.523038
-0.574258	0.359532	-3.161773	-0.704020	0.354595	-2.365502
-4.448857	-2.285009	7.712974	-3.767212	-2.122691	8.175685
-4.448857	-2.285009	7.712974	-5.078159	-1.823888	7.889830
3.233551	-2.383687	8.116083	2.641580	-2.113067	8.515072
7.020567	-0.051103	8.990222	7.663829	0.417144	8.918582
7.020567	-0.051103	8.990222	6.903472	-0.197924	9.745459
2.604455	-8.064391	-5.503447	2.999762	-8.769662	-5.343986
3.078196	7.826088	9.011395	3.556209	7.953276	8.332064
-3.354291	-8.556383	-6.294775	-2.825660	-7.966793	-6.252605
-3.354291	-8.556383	-6.294775	-2.923857	-9.307082	-6.179506
-1.936842	-8.997742	-5.849760	-1.444464	-9.291507	-5.270482
-1.936842	-8.997742	-5.849760	-2.762927	-8.964003	-5.933301
2.242470	7.864275	-4.593597	2.178176	8.075009	-3.845084
2.242470	7.864275	-4.593597	2.480018	7.132816	-4.651900
-7.264576	-2.915455	1.243888	-7.781970	-3.400295	0.894946
-6.523779	5.232029	0.145464	-6.892303	4.721868	-0.337348
5.573003	8.844804	-3.219793	5.929896	9.557047	-3.050611
5.573003	8.844804	-3.219793	4.834883	8.839406	-2.855299
5.929896	-8.602821	-3.050611	6.589199	-8.379183	-2.676119
-8.772378	7.344818	-3.947586	-9.056609	7.974481	-3.587911
-8.772378	7.344818	-3.947586	-8.114856	7.190544	-4.437116
-4.793761	-2.396477	-3.953798	-4.825603	-3.218830	-4.138339
-4.793761	-2.396477	-3.953798	-4.998137	-2.094686	-3.249794
-3.806965	3.789657	-7.181744	-4.437704	4.220062	-7.533289
-5.010841	4.499171	-2.538178	-5.078465	5.102145	-3.127487
-5.010841	4.499171	-2.538178	-4.334201	4.494620	-2.063886
-3.072956	3.884182	-2.077568	-3.824266	3.799352	-1.891879
-3.072956	3.884182	-2.077568	-2.592168	4.470750	-1.820723
-3.072956	3.884182	-2.077568	-2.843391	3.380581	-2.649347
-8.869707	-4.251645	-8.372847	-9.606851	-4.528874	-8.420705
-8.869707	-4.251645	-8.372847	-8.494588	-4.037694	-9.002968
8.162315	-2.615700	-3.755100	8.314685	-1.886554	-3.466780
6.946316	-4.037966	-6.205559	7.105443	-4.124231	-5.411326
-3.913486	5.844896	-2.165264	-4.128991	5.179611	-1.745755
-3.913486	5.844896	-2.165264	-3.468800	5.679659	-2.870146
-2.698770	5.467270	-2.825521	-2.077519	5.881112	-3.057212
-2.698770	5.467270	-2.825521	-2.382484	4.811715	-2.528345
-2.698770	5.467270	-2.825521	-3.468800	5.679659	-2.870146
-3.368657	5.587715	-0.784746	-2.772565	5.084158	-0.551660
-3.368657	5.587715	-0.784746	-4.081114	5.236868	-1.002638
-3.368657	5.587715	-0.784746	-3.288401	6.421701	-0.823761
-0.191908	-1.872045	-5.438747	0.625330	-1.929955	-5.557268
-0.191908	-1.872045	-5.438747	-0.511866	-2.112009	-6.100080
1.238563	-1.843898	-7.653907	1.370422	-1.127398	-7.386768
1.238563	-1.843898	-7.653907	0.762185	-2.362258	-7.294295
5.367533	0.959489	-8.693984	4.838912	1.179450	-8.090853
5.367533	0.959489	-8.693984	5.662614	0.272915	-8.420616
5.367533	0.959489	-8.693984	5.565252	1.356291	-9.419122
6.517935	-1.528953	-6.390499	6.845657	-1.180835	-5.776640
4.570023	-2.491901	-5.486034	4.992592	-2.904075	-6.036708
8.977207	-0.627271	7.137216	9.158228	0.104971	7.084944
8.977207	-0.627271	7.137216	8.217775	-0.747817	6.853937
7.919108	0.377960	7.457257	7.681868	-0.310673	7.199164
7.919108	0.377960	7.457257	8.506718	0.284943	8.014528
7.345906	-0.805992	-8.122488	6.903472	-0.197924	-8.414409
7.345906	-0.805992	-8.122488	6.887465	-1.364690	-7.752968
7.345906	-0.805992	-8.122488	8.162462	-0.846397	-8.267086
6.969115	-3.425891	0.075560	6.555786	-4.011017	-0.200314
6.969115	-3.425891	0.075560	7.547772	-3.147714	-0.367769
6.969115	-3.425891	0.075560	6.815962	-3.118391	0.759154
4.775512	-1.147189	1.225159	5.488348	-0.998624	1.401086
-0.620807	6.969667	1.060481	-0.179413	7.255836	1.627020
-0.620807	6.969667	1.060481	-1.350883	7.265759	1.137881
3.857436	5.578431	-2.242202	4.172831	5.287209	-2.920692
3.857436	5.578431	-2.242202	3.204843	6.102604	-2.279023
3.857436	5.578431	-2.242202	4.180366	5.347299	-1.559967
-2.255062	5.383249	0.682604	-2.619689	4.871668	0.205238
5.515933	0.169506	-2.407218	5.997239	-0.392995	-2.665510
5.515933	0.169506	-2.407218	5.173077	0.479665	-3.069369
6.814969	-0.383356	-2.789992	7.217789	-0.028814	-3.470300
6.814969	-0.383356	-2.789992	5.997239	-0.392995	-2.665510
6.814969	-0.383356	-2.789992	7.222735	-0.746496	-2.232262
4.003803	-0.554667	-5.251091	4.086161	-1.091802	-5.903753
4.003803	-0.554667	-5.251091	4.576784	-0.191493	-4.917955
4.003803	-0.554667	-5.251091	3.213341	-0.523443	-5.048221
-8.048186	0.936636	-4.816302	-7.444312	0.992789	-4.244365
-8.048186	0.936636	-4.816302	-7.838806	0.957878	-5.592217
-8.048186	0.936636	-4.816302	-8.799294	0.880555	-4.474579
1.938535	-6.229675	-4.582018	2.004070	-7.041432	-4.411786
6.599745	-4.712483	-8.608662	6.813689	-5.376124	-9.079383
3.766608	-5.934698	-8.948876	3.906740	-5.900851	-9.754884
3.766608	-5.934698	-8.948876	3.791601	-6.678849	-8.560931
-0.897293	2.248818	6.899749	-0.670786	1.539371	7.151628
-0.897293	2.248818	6.899749	-1.452380	2.633118	7.289305
-0.897293	2.248818	6.899749	-0.540739	2.546973	6.210126
-4.793807	-7.271495	-4.595603	-5.409847	-7.689913	-4.791097
-4.793807	-7.271495	-4.595603	-4.716234	-6.494231	-4.910193
-4.793807	-7.271495	-4.595603	-4.389551	-7.764713	-4.126437
-3.705305	-3.044290	-7.297929	-3.155986	-2.437470	-7.347071
6.455965	-5.586882	-2.453307	6.966209	-4.997903	-2.400558
8.443810	-6.157020	-2.068934	8.949818	-5.782808	-2.544201
6.974576	-5.882642	-0.094510	6.836146	-5.762961	-0.843688
6.974576	-5.882642	-0.094510	6.978757	-6.636996	0.135026
6.974576	-5.882642	-0.094510	7.078629	-5.257999	0.356609
-5.536141	-7.049658	0.274514	-4.975998	-6.512781	0.191981
-5.536141	-7.049658	0.274514	-6.062195	-7.393574	-0.175221
6.892123	6.436024	2.771162	7.179833	6.828799	2.134932
0.907033	6.029959	3.781622	0.506200	5.384524	3.979737
0.907033	6.029959	3.781622	0.430897	6.637213	3.440647
0.907033	6.029959	3.781622	1.715340	6.220768	3.842462
0.706282	-5.505065	-1.706775	-0.104460	-5.558314	-1.441056
0.706282	-5.505065	-1.706775	1.146430	-4.805809	-1.686643
0.377612	-6.792983	-3.373008	-0.361548	-6.587431	-3.164292
0.377612	-6.792983	-3.373008	0.640330	-7.532244	-3.703175
2.191225	-4.532782	-3.367962	2.741734	-5.086712	-3.542974
2.191225	-4.532782	-3.367962	1.487713	-4.579548	-3.068820
4.778865	8.980768	-5.361103	4.385726	9.570208	-5.249395
3.149945	-7.688099	-4.011222	2.457950	-7.399556	-3.830997
-3.695892	-5.783396	-3.285462	-2.957685	-5.530850	-3.178286
7.671775	-7.076278	-2.771825	6.907285	-6.988780	-2.572445
7.671775	-7.076278	-2.771825	7.831432	-7.451440	-3.503609
2.870416	-5.802983	-0.678833	3.044837	-5.813228	0.153619
2.191750	-7.535270	-0.464138	1.550423	-7.993953	-0.314224
2.191750	-7.535270	-0.464138	2.065523	-6.851444	-0.785651
3.082444	7.567867	-7.221301	2.684003	7.008664	-6.885661
3.082444	7.567867	-7.221301	3.603231	7.608877	-7.848674
4.780263	7.389716	6.352871	4.769053	6.709055	6.848893
4.780263	7.389716	6.352871	4.038631	7.481217	6.107486
4.780263	7.389716	6.352871	5.446990	7.834049	6.126075
1.058065	0.984246	5.020686	0.501512	0.864474	5.550162
-3.824266	3.799352	-1.891879	-4.085728	3.089742	-1.608488
-3.824266	3.799352	-1.891879	-4.334201	4.494620	-2.063886
-2.131039	3.102417	-2.760395	-1.870101	3.686027	-3.244420
-2.131039	3.102417	-2.760395	-2.843391	3.380581	-2.649347
0.504222	4.783272	-4.064373	-0.027114	5.192327	-3.661040
0.504222	4.783272	-4.064373	0.583972	5.120024	-4.796152
0.504222	4.783272	-4.064373	0.882345	4.116910	-3.734892
-0.830705	5.196124	-3.683326	-0.027114	5.192327	-3.661040
-0.830705	5.196124	-3.683326	-1.138218	4.921221	-2.973849
-2.813031	4.440082	-7.670135	-2.071301	4.602165	-7.384375
-2.813031	4.440082	-7.670135	-3.204515	5.074010	-7.980628
1.616507	-6.606897	4.592803	2.197673	-6.786055	5.158821
-3.905103	-5.343737	1.125120	-3.704704	-4.561609	0.978497
0.295389	7.417331	-4.126087	0.724116	8.159196	-3.925040
-0.751071	6.177733	-5.607350	-0.542347	6.962322	-5.325091
-2.865406	-5.780370	2.524604	-2.985424	-5.214370	3.127267
-2.865406	-5.780370	2.524604	-3.437562	-6.172050	2.180038
-3.251995	-0.161218	5.569120	-2.660096	-0.002420	5.977370
-3.251995	-0.161218	5.569120	-3.869495	0.289995	5.429015
-3.251995	-0.161218	5.569120	-3.217442	-0.858813	5.245045
-1.831146	-7.331093	2.402064	-1.714098	-7.533138	1.658810
-1.831146	-7.331093	2.402064	-1.749874	-6.551102	2.665027
-2.980202	-4.746621	-6.587311	-3.672297	-4.419912	-6.615193
-2.980202	-4.746621	-6.587311	-2.490629	-4.624199	-5.949712
-2.803232	-5.949905	-6.950435	-2.119362	-6.388792	-6.940694
-5.359032	1.542694	2.510237	-4.820858	1.539381	3.151702
-5.359032	1.542694	2.510237	-5.731808	2.234353	2.211820
-2.995596	-4.660348	-2.148279	-2.826790	-4.807429	-2.882729
-2.995596	-4.660348	-2.148279	-2.357499	-4.544794	-1.687843
-5.137610	7.888686	4.962412	-4.729673	8.537523	5.070009
-5.137610	7.888686	4.962412	-5.892926	7.919333	5.151672
-5.137610	7.888686	4.962412	-4.808150	7.228331	4.656061
-2.190326	4.350141	6.878559	-1.958348	4.117371	7.649677
-4.860109	6.791125	8.703582	-4.614174	6.770399	9.440413
5.939081	3.908075	8.142816	5.733284	4.556419	8.456652
5.939081	3.908075	8.142816	6.424278	3.921784	7.516495
5.939081	3.908075	8.142816	5.599124	3.335383	8.561661
6.641675	5.229029	-8.849542	6.259901	5.933789	-8.655665
-8.562108	-7.158612	-0.375285	-9.165767	-6.622097	-0.248452
-8.562108	-7.158612	-0.375285	-8.579710	-7.742238	-0.906123
-7.024135	-7.199094	-1.900144	-6.503945	-6.842918	-1.408839
-7.024135	-7.199094	-1.900144	-7.813984	-6.954736	-1.778150
2.071291	-2.036545	1.860954	2.433990	-2.334056	2.567922
0.654274	2.017687	-2.575495	0.611532	1.748793	-3.325882
0.654274	2.017687	-2.575495	1.216799	1.722280	-2.173834
-3.845219	8.273713	6.596509	-3.178224	8.628647	6.735008
-3.845219	8.273713	6.596509	-4.216282	7.831339	7.153372
-3.845219	8.273713	6.596509	-3.898698	8.496097	5.885078
1.935811	-3.947650	-7.378244	2.359269	-3.743925	-8.009907
-1.955510	6.028053	3.179056	-1.955641	6.477545	3.858851
-1.955510	6.028053	3.179056	-2.513964	5.442239	3.255472
-1.955510	6.028053	3.179056	-1.486148	6.181853	2.564558
-0.063140	7.461029	-6.828398	0.719875	7.506557	-6.536740
4.919064	5.372404	-3.079854	5.299415	4.717086	-3.027664
4.919064	5.372404	-3.079854	4.172831	5.287209	-2.920692
4.919064	5.372404	-3.079854	5.367913	5.985838	-3.282185
-7.605488	-4.184331	-1.911489	-8.109816	-3.899035	-2.482060
-7.605488	-4.184331	-1.911489	-7.367299	-3.645466	-1.457554
4.934716	7.351900	3.202497	5.429900	7.965771	3.415910
4.934716	7.351900	3.202497	4.406992	7.064058	2.660998
4.934716	7.351900	3.202497	4.993838	6.793114	3.786175
8.696614	-7.288059	-5.204336	8.193607	-6.863681	-4.741097
8.696614	-7.288059	-5.204336	8.450211	-7.276484	-6.031208
0.162143	-7.706010	-6.966347	0.139997	-7.164340	-7.615412
0.162143	-7.706010	-6.966347	-0.203154	-7.671366	-6.263037
-1.457929	-6.095936	-6.606126	-2.119362	-6.388792	-6.940694
-1.457929	-6.095936	-6.606126	-1.448540	-6.344822	-5.888931
-0.039650	-5.837352	-6.959357	0.543919	-5.446767	-6.441052
-0.039650	-5.837352	-6.959357	0.270862	-6.333551	-7.542783
3.196346	8.977335	7.574151	2.534063	9.312411	7.409912
3.196346	8.977335	7.574151	3.283748	8.252982	7.634409
-0.998868	-2.135839	4.260493	-0.623995	-2.350828	4.954088
-0.998868	-2.135839	4.260493	-0.549791	-2.145779	3.620814
-0.998868	-2.135839	4.260493	-1.737147	-1.946124	4.301765
-2.660096	-0.002420	5.977370	-2.526864	-0.311479	6.693908
-2.660096	-0.002420	5.977370	-2.128682	0.479747	5.665331
-1.200184	-1.486731	6.511453	-0.763172	-1.231652	5.892721
-1.200184	-1.486731	6.511453	-0.799767	-1.649326	7.174152
-8.593390	0.121406	2.627803	-8.227170	0.161226	1.947419
-8.593390	0.121406	2.627803	-8.698318	-0.462506	3.101951
-8.593390	0.121406	2.627803	-8.985282	0.775687	2.973314
-6.552830	-1.108430	3.441765	-6.904520	-0.375343	3.509748
-6.552830	-1.108430	3.441765	-6.304966	-1.524524	4.108739
-2.210397	-2.415446	4.763802	-2.492154	-2.058596	5.461825
-2.210397	-2.415446	4.763802	-2.410011	-3.177202	4.554648
-2.210397	-2.415446	4.763802	-1.737147	-1.946124	4.301765
-2.492154	-2.058596	5.461825	-3.166514	-1.543290	5.608537
-2.492154	-2.058596	5.461825	-2.109763	-2.190174	6.071089
6.142177	3.551908	6.891850	5.489586	3.826418	6.456879
6.142177	3.551908	6.891850	6.424278	3.921784	7.516495
-0.422339	-2.701252	-7.743246	-0.439826	-3.420217	-7.413537
-0.422339	-2.701252	-7.743246	-0.764192	-2.465792	-8.423986
-6.105701	4.132547	3.110281	-5.927452	4.004724	2.330830
-6.105701	4.132547	3.110281	-6.446111	3.505034	3.505101
8.157304	-0.846130	-4.440969	8.328699	-0.578123	-5.235671
8.157304	-0.846130	-4.440969	7.476976	-0.534458	-4.060254
7.217789	-0.028814	-3.470300	7.310979	0.788942	-3.544346
7.217789	-0.028814	-3.470300	7.476976	-0.534458	-4.060254
-2.502760	6.648423	0.248658	-1.867861	7.074596	0.022367
-3.339717	6.835652	-1.563768	-3.288401	6.421701	-0.823761
-4.128991	5.179611	-1.745755	-4.081114	5.236868	-1.002638
-4.128991	5.179611	-1.745755	-4.334201	4.494620	-2.063886
-1.925151	-3.366102	-5.739267	-1.682610	-2.801892	-6.209188
-1.925151	-3.366102	-5.739267	-1.885860	-4.173088	-6.037171
-3.672297	-4.419912	-6.615193	-4.267317	-4.962096	-6.555874
-3.524652	-2.849727	-5.479039	-3.013677	-3.298279	-5.036442
-3.524652	-2.849727	-5.479039	-3.529101	-2.053163	-5.397853
-5.043552	-5.242487	-0.434739	-5.795450	-5.225316	-0.706619
4.385726	-8.589660	-5.249395	3.649527	-8.585599	-4.898507
4.385726	-8.589660	-5.249395	4.678675	-7.870382	-5.545698
7.382484	4.157179	-2.307778	7.334167	4.945159	-2.148447
-8.227217	3.257347	-3.512227	-8.288121	3.122347	-4.348618
-6.507213	5.882290	-4.313203	-6.261366	5.386550	-3.730668
-6.507213	5.882290	-4.313203	-6.881086	6.556163	-4.042414
4.671205	7.220632	-6.400474	5.086153	6.852299	-5.849417
4.671205	7.220632	-6.400474	4.840789	7.387510	-7.226073
3.140893	6.918897	-4.946807	3.525732	6.607669	-4.382682
3.140893	6.918897	-4.946807	2.480018	7.132816	-4.651900
2.684003	7.008664	-6.885661	3.128243	6.606259	-6.338411
2.622778	3.687547	-5.499689	2.858131	3.022346	-5.228120
2.694692	8.460538	4.911876	3.219197	8.284046	4.304524
2.694692	8.460538	4.911876	1.892922	8.587485	4.698309
0.263548	3.872347	0.965599	0.758589	4.000676	0.310515
2.734810	5.042274	0.807240	2.468574	5.543752	0.290631
1.207733	6.525713	-3.077119	1.829135	6.297632	-3.574093
1.207733	6.525713	-3.077119	1.269084	6.925097	-2.388376
1.207733	6.525713	-3.077119	0.456583	6.376069	-3.235616
1.521650	7.984053	-2.698377	1.468625	8.093894	-3.486109
1.521650	7.984053	-2.698377	1.009062	7.612652	-2.395588
0.288481	4.841702	3.387423	0.506200	5.384524	3.979737
0.288481	4.841702	3.387423	-0.503024	4.764305	3.256544
5.200699	6.120457	3.491822	5.642008	5.931010	2.883904
5.200699	6.120457	3.491822	4.993838	6.793114	3.786175
6.524384	6.374445	5.425366	6.524403	5.630851	4.999306
3.304579	4.515223	5.016897	3.565614	3.933101	4.559860
3.304579	4.515223	5.016897	3.540341	5.188165	5.082953
-1.186987	-5.739417	-3.960050	-0.827575	-6.412515	-3.792730
-1.186987	-5.739417	-3.960050	-1.240260	-5.209670	-4.565697
-1.186987	-5.739417	-3.960050	-1.636878	-5.630031	-3.359090
-2.353248	-6.018998	-3.367260	-1.636878	-5.630031	-3.359090
-2.353248	-6.018998	-3.367260	-2.957685	-5.530850	-3.178286
-2.004950	4.916844	-6.627746	-2.041545	4.338901	-6.015591
-2.004950	4.916844	-6.627746	-2.071301	4.602165	-7.384375
-2.004950	4.916844	-6.627746	-1.895146	5.708099	-6.307156
-2.028322	8.004803	-8.150202	-2.312866	8.548680	-7.659108
-2.980559	-7.711031	-5.627804	-2.984017	-6.971662	-5.473058
-2.980559	-7.711031	-5.627804	-2.825660	-7.966793	-6.252605
-2.980559	-7.711031	-5.627804	-3.073257	-8.397078	-5.375165
-3.549463	-7.699655	-8.042514	-3.992023	-7.421778	-7.443037
-3.549463	-7.699655	-8.042514	-3.746599	-8.422167	-8.357279
-3.549463	-7.699655	-8.042514	-2.873031	-7.362046	-8.366081
-3.672892	-1.885619	1.642428	-3.838563	-1.898273	0.890595
3.087651	4.363932	-8.749536	3.894583	4.328217	-8.975288
3.087651	4.363932	-8.749536	2.932000	5.038729	-8.358917
3.087651	4.363932	-8.749536	2.577821	3.839866	-8.908648
-4.815729	5.082897	4.397455	-5.369679	5.194078	3.827001
0.185542	-3.547255	4.921482	-0.528408	-3.211413	5.078682
0.185542	-3.547255	4.921482	0.371015	-4.178310	4.365551
0.951090	-2.202306	2.268427	0.860153	-2.185061	3.044332
-0.587873	-4.665905	3.309254	-0.001181	-4.287442	3.656951
-0.587873	-4.665905	3.309254	-0.439136	-5.381198	3.029716
1.638810	-4.233630	8.442682	1.190795	-4.903484	8.636927
1.638810	-4.233630	8.442682	1.429196	-3.629262	7.934607
1.638810	-4.233630	8.442682	2.369826	-4.250889	8.799801
2.523576	-2.169800	5.282351	2.920077	-1.682924	4.813399
2.523576	-2.169800	5.282351	2.751779	-2.144659	6.016838
5.066711	5.418400	6.151102	5.475140	4.962300	5.600692
5.066711	5.418400	6.151102	5.170745	6.000830	6.675477
-7.426382	-1.160131	6.716309	-6.909578	-1.471655	6.198130
-7.426382	-1.160131	6.716309	-7.169315	-1.084543	7.478777
-7.426382	-1.160131	6.716309	-8.117411	-0.938335	6.397085
8.201206	-0.933885	2.886909	7.554530	-1.130245	3.321915
0.691877	8.544988	-7.763920	0.272797	9.064784	-7.250032
0.691877	8.544988	-7.763920	1.331840	8.261884	-7.330871
-1.177701	6.730690	6.276419	-0.729771	6.938355	5.640853
-2.746929	8.208950	-4.871472	-2.053588	7.820404	-4.707232
-2.746929	8.208950	-4.871472	-3.083366	8.541131	-4.191510
-2.984017	-6.971662	-5.473058	-2.396195	-6.721802	-5.022929
7.772306	-4.585198	6.629304	7.333407	-4.908755	7.216840
7.772306	-4.585198	6.629304	8.554164	-4.698740	6.649642
1.025863	9.010146	-5.387399	0.409249	9.158264	-4.863112
1.025863	9.010146	-5.387399	1.339602	8.265929	-5.486208
1.025863	9.010146	-5.387399	1.371626	9.647354	-5.817094
3.342847	-6.837391	-5.300078	3.224864	-6.082896	-5.189178
3.342847	-6.837391	-5.300078	3.908743	-7.077919	-4.814271
6.581160	2.790336	1.285080	5.939923	3.022440	1.644897
7.663829	0.417144	8.918582	7.683285	1.217262	9.139622
7.663829	0.417144	8.918582	8.200607	-0.033694	8.617658
-7.082444	-3.889365	8.546209	-6.475454	-3.871179	8.052593
-8.844796	-2.171470	8.379892	-8.717774	-2.932109	8.272669
-8.844796	-2.171470	8.379892	-8.544870	-1.513322	8.080390
-9.018287	-2.076456	-6.290843	-9.361781	-1.332194	-6.373819
-5.433693	-2.111087	8.552013	-5.307796	-1.665257	9.198975
-5.433693	-2.111087	8.552013	-5.078159	-1.823888	7.889830
-5.433693	-2.111087	8.552013	-5.897423	-2.751817	8.616128
2.270567	1.388709	8.422085	2.313083	1.667601	7.711574
2.735754	5.162204	-7.616892	2.023167	5.529909	-7.408345
2.735754	5.162204	-7.616892	3.321455	4.916109	-7.111126
2.735754	5.162204	-7.616892	2.932000	5.038729	-8.358917
4.770050	3.325927	8.572313	5.599124	3.335383	8.561661
1.744856	2.356125	-5.876625	1.281702	1.787706	-5.557666
0.977873	2.429850	-0.714155	1.221458	3.169378	-0.691343
-1.760599	8.989574	7.618343	-2.191159	8.252925	7.535811
2.662029	-1.481412	6.512954	1.951530	-1.334929	6.908827
2.662029	-1.481412	6.512954	2.751779	-2.144659	6.016838
2.662029	-1.481412	6.512954	3.387194	-1.033343	6.590087
-6.727207	-4.014362	-4.800437	-7.155596	-4.383850	-4.209883
-6.727207	-4.014362	-4.800437	-6.896717	-4.174005	-5.618059
7.481386	-3.964223	-7.998539	7.583698	-3.322219	-7.642546
-1.693218	-8.055464	-8.059201	-1.580002	-8.664315	-7.508317
-1.693218	-8.055464	-8.059201	-1.252929	-8.088989	-8.733414
-7.100597	-2.794794	-8.853652	-7.163486	-2.584598	-8.045803
-5.720557	-0.999583	-8.946785	-5.517442	-0.243649	-8.999490
-5.720557	-0.999583	-8.946785	-5.307796	-1.665257	-8.960893
-5.720557	-0.999583	-8.946785	-6.404342	-1.160807	-8.853893
-3.667449	-4.575428	5.643954	-4.444126	-4.772288	5.706429
6.415915	0.976380	1.797496	5.644671	0.871507	1.806646
6.415915	0.976380	1.797496	6.869104	1.033857	2.486459
6.415915	0.976380	1.797496	6.745814	1.035404	1.046937
7.009816	1.682246	0.842160	6.745814	1.035404	1.046937
-2.210962	1.378942	-4.330305	-2.685677	1.954543	-4.658804
-2.210962	1.378942	-4.330305	-2.076130	1.461503	-3.519094
3.593949	-3.546991	-4.209191	3.744027	-4.250875	-4.410835
3.593949	-3.546991	-4.209191	3.196789	-3.543749	-3.508884
3.593949	-3.546991	-4.209191	3.741143	-2.876254	-4.577958
0.324945	-3.869704	3.126760	-0.001181	-4.287442	3.656951
0.324945	-3.869704	3.126760	0.746768	-4.195412	2.493272
-3.209486	8.707745	-6.551575	-2.762927	9.195865	-5.933301
-3.209486	8.707745	-6.551575	-3.832066	8.187740	-6.299445
-2.583461	-8.044870	-2.915452	-2.913647	-7.364628	-3.161429
6.112877	0.198388	0.181005	6.780702	0.417436	0.572992
6.112877	0.198388	0.181005	5.397653	0.083967	0.596234
-8.338540	3.199256	3.219196	-8.676145	2.846162	3.803772
-7.560528	-4.095092	0.587746	-7.781970	-3.400295	0.894946
-3.634365	3.187830	2.145049	-3.251328	3.776303	1.891743
-3.634365	3.187830	2.145049	-4.227417	3.475527	2.619908
-4.284379	0.156356	-0.084105	-3.699847	0.008106	0.384302
-4.284379	0.156356	-0.084105	-4.652935	-0.490284	-0.279982
-4.957114	-1.278208	0.748556	-4.546943	-2.006435	0.667980
-4.957114	-1.278208	0.748556	-5.195092	-0.876112	1.392925
-3.421365	-2.435578	3.437344	-3.512369	-3.118786	3.835555
-3.421365	-2.435578	3.437344	-4.076383	-1.912544	3.371713
-3.421365	-2.435578	3.437344	-2.697127	-2.290558	3.102443
-5.382475	2.583221	8.516641	-5.642697	2.559967	9.206689
1.776324	0.637519	-5.256340	2.572433	0.551148	-5.435563
-2.787500	2.468852	8.873702	-2.074827	2.016703	8.805563
-2.787500	2.468852	8.873702	-2.914416	2.816894	8.201600
3.558891	2.239105	-2.342221	2.923798	2.708443	-2.553558
3.558891	2.239105	-2.342221	4.016874	1.993920	-2.938546
1.829135	6.297632	-3.574093	1.913157	6.617573	-4.355548
1.829135	6.297632	-3.574093	2.241653	5.759759	-3.204576
1.679189	4.052917	-3.896432	0.882345	4.116910	-3.734892
1.679189	4.052917	-3.896432	2.284487	4.384524	-3.532196
0.553722	4.680844	-0.063585	0.629503	5.462386	0.148244
0.553722	4.680844	-0.063585	0.758589	4.000676	0.310515
-3.986409	2.541921	-3.006925	-3.477937	3.205061	-3.217150
1.683833	8.877422	-0.834236	1.607301	8.450350	-0.179345
1.683833	8.877422	-0.834236	2.057993	8.678835	-1.516879
9.051287	6.172084	0.557419	8.610271	6.503953	1.126028
9.051287	6.172084	0.557419	8.951765	6.202754	-0.285673
-0.827575	-6.412515	-3.792730	-0.361548	-6.587431	-3.164292
9.050840	3.786136	-5.223164	9.038427	3.806396	-6.046880
7.053118	3.441550	3.561467	6.610716	3.819208	2.981517
7.053118	3.441550	3.561467	7.071102	3.423971	4.380664
7.120212	4.325671	7.615453	7.691984	4.302194	8.165807
7.120212	4.325671	7.615453	6.424278	3.921784	7.516495
7.120212	4.325671	7.615453	7.317290	4.924784	7.105417
8.253568	4.683559	5.388425	8.811931	4.982401	4.904621
4.729808	-7.133226	-7.576738	4.389246	-7.195317	-8.368605
6.151699	-8.946735	6.237164	5.750241	-8.208029	6.426730
-8.489772	2.778068	7.764444	-8.862814	2.112570	7.586741
-8.489772	2.778068	7.764444	-8.807578	3.518903	7.589024
8.561796	5.709642	7.732225	8.407719	5.615735	6.952989
8.561796	5.709642	7.732225	7.891662	5.671514	8.114782
7.133474	-7.421339	6.989054	6.746977	-7.666877	7.645592
4.356770	-4.231250	-8.001727	4.824020	-3.951160	-8.543274
4.356770	-4.231250	-8.001727	4.106682	-3.706447	-7.435793
-3.407596	-3.500958	6.367222	-3.978543	-2.910814	6.549997
-2.394543	-2.508290	-7.381628	-3.155986	-2.437470	-7.347071
-2.394543	-2.508290	-7.381628	-2.077257	-2.764485	-8.076456
-2.394543	-2.508290	-7.381628	-2.034013	-2.280634	-6.666211
-7.346253	6.494807	1.495265	-7.230744	7.343545	1.539893
-7.346253	6.494807	1.495265	-7.768662	6.195545	0.926944
-6.025258	-8.644010	-3.080518	-5.288887	-8.901227	-2.990792
-6.025258	-8.644010	-3.080518	-6.649919	-8.491306	-2.559239
-1.876210	8.627274	-0.314415	-2.427971	9.055448	-0.275220
-1.876210	8.627274	-0.314415	-1.525178	8.322978	-0.996988
-6.119368	2.846697	3.602918	-5.461650	2.775727	4.038597
-6.119368	2.846697	3.602918	-6.454409	2.200242	3.238288
-6.119368	2.846697	3.602918	-6.446111	3.505034	3.505101
4.683470	1.281117	7.459435	4.843493	2.014325	7.111082
4.683470	1.281117	7.459435	4.072617	0.734443	7.409945
-7.278407	3.404380	-8.649519	-7.074098	2.674953	-8.867456
-7.278407	3.404380	-8.649519	-6.678975	3.845646	-8.640206
5.875820	4.337135	-8.333908	5.659359	4.741427	-7.702994
-6.530440	7.657825	3.269652	-6.930651	8.288186	3.542512
-4.011615	-8.757961	0.702310	-3.253162	-8.686328	1.084005
-7.863108	-6.846290	8.657464	-7.244529	-6.541639	8.366220
-7.863108	-6.846290	8.657464	-8.351946	-6.366810	9.095266
-1.943582	-3.440819	8.023243	-1.190800	-3.682358	7.931087
-1.943582	-3.440819	8.023243	-2.486389	-3.763906	8.506147
-4.108753	-4.740420	-8.563491	-3.344838	-5.014473	-8.471830
-4.108753	-4.740420	-8.563491	-4.727158	-5.176493	-8.341799
-0.439826	-3.420217	-7.413537	-0.655544	-3.406401	-6.601416
-2.787383	-4.819227	-7.901125	-3.344838	-5.014473	-8.471830
-2.787383	-4.819227	-7.901125	-2.205261	-4.257121	-8.148007
-2.874083	2.441253	7.484751	-3.281558	1.858694	7.181670
-2.874083	2.441253	7.484751	-2.914416	2.816894	8.201600
5.823482	2.250898	5.162387	5.963089	3.036531	5.077979
5.823482	2.250898	5.162387	6.176716	1.769842	4.632734
4.946414	5.042147	2.192624	5.140367	4.900326	1.454352
-5.555021	-3.180319	-0.526837	-6.050054	-3.516349	-0.027570
-5.555021	-3.180319	-0.526837	-4.803220	-3.185588	-0.262623
-2.067809	7.280217	-4.138003	-1.789788	7.561248	-3.482255
-2.067809	7.280217	-4.138003	-2.053588	7.820404	-4.707232
2.923798	2.708443	-2.553558	2.812733	3.461476	-2.436681
6.976703	7.634115	7.154698	7.171431	6.935890	6.950475
-8.214528	3.966065	6.391077	-8.086338	4.620209	5.910520
6.420605	5.912830	6.833183	5.753787	5.915411	7.185664
6.420605	5.912830	6.833183	6.843670	5.558498	6.991837
6.698435	-5.476597	3.739959	6.790946	-5.947042	3.163895
6.698435	-5.476597	3.739959	6.830822	-5.878525	4.391996
-3.446159	3.966504	6.285836	-3.506587	4.464224	5.705154
-3.446159	3.966504	6.285836	-4.004059	3.647898	6.644363
-7.919901	2.401931	5.426643	-7.631683	1.657545	5.516490
-7.919901	2.401931	5.426643	-8.638120	2.340665	5.042829
-7.919901	2.401931	5.426643	-7.466692	3.056697	5.689153
1.588928	0.110101	-1.136683	0.947170	0.606703	-1.276085
1.588928	0.110101	-1.136683	2.120727	0.122381	-1.667952
6.594286	3.080663	-5.381345	5.992065	2.721643	-4.936616
-7.789734	3.168787	-0.312415	-7.458794	3.697091	0.123922
-7.789734	3.168787	-0.312415	-7.879406	3.259237	-1.141415
-6.845546	2.112881	-1.677667	-7.113754	2.681457	-2.084301
-6.845546	2.112881	-1.677667	-6.107381	2.175542	-1.305954
-8.145980	-2.008570	-2.618478	-7.579585	-1.801785	-2.105598
7.976529	4.010805	-7.594657	8.251314	4.727909	-7.866563
7.976529	4.010805	-7.594657	7.770706	3.378159	-8.080042
-5.975182	5.608026	-0.857682	-6.387889	5.707926	-1.538119
9.049283	4.833051	-7.732345	9.532758	4.962035	-8.342159
9.049283	4.833051	-7.732345	9.224203	4.783688	-6.943072
9.049283	4.833051	-7.732345	8.251314	4.727909	-7.866563
-5.210439	-8.696538	2.705934	-5.209826	-9.285281	3.260239
-4.764230	-5.759020	3.002682	-4.429800	-5.097086	3.332669
-4.764230	-5.759020	3.002682	-5.450598	-5.699042	2.575876
-4.450807	-3.994541	7.800125	-4.596386	-4.047101	8.519412
-4.450807	-3.994541	7.800125	-4.694934	-3.520004	7.208387
-5.697128	6.082240	2.056790	-6.330383	5.666999	1.832863
5.914674	-1.666780	-0.316233	6.523397	-1.344158	-0.786193
8.111160	-3.265668	5.203301	7.602642	-3.383385	5.871637
7.681868	-0.310673	7.199164	6.999312	-0.646599	7.225116
7.681868	-0.310673	7.199164	8.217775	-0.747817	6.853937
6.589135	-0.611538	6.508581	6.692511	-1.248703	6.127611
6.589135	-0.611538	6.508581	6.999312	-0.646599	7.225116
8.549587	-3.282995	-6.612825	8.790989	-3.879031	-6.109477
-6.961778	-3.098138	-7.462255	-7.598115	-3.244881	-7.039420
-6.961778	-3.098138	-7.462255	-6.254177	-3.489799	-7.203522
-6.961778	-3.098138	-7.462255	-7.163486	-2.584598	-8.045803
-0.706758	-5.858894	-1.935123	-0.104460	-5.558314	-1.441056
-3.899649	1.706004	-6.732490	-4.013477	1.048834	-7.238314
-3.899649	1.706004	-6.732490	-3.295465	1.771559	-6.202405
-7.957773	-5.702697	1.838503	-8.197991	-5.061992	1.397051
-4.660004	-4.362982	-3.386436	-4.713010	-5.067464	-3.750527
3.493301	5.788548	-4.367755	3.772524	5.477088	-4.973048
3.493301	5.788548	-4.367755	3.196834	5.335380	-3.812677
3.493301	5.788548	-4.367755	3.525732	6.607669	-4.382682
1.762685	5.210813	-5.661593	1.232114	5.573752	-5.116441
-1.507172	6.993972	-0.660981	-1.867861	7.074596	0.022367
-2.139425	8.210187	-3.240929	-1.789788	7.561248	-3.482255
-1.380802	-2.511967	0.181478	-1.133584	-1.896963	-0.333185
-1.380802	-2.511967	0.181478	-0.888207	-2.875998	0.666114
-0.432053	-2.823002	-1.672863	-0.821237	-2.090467	-1.656999
-7.100674	5.568386	8.293138	-7.100405	5.533949	9.067536
-7.100674	5.568386	8.293138	-6.536350	5.951349	7.837339
-5.628390	-1.253315	4.554627	-6.304966	-1.524524	4.108739
-5.628390	-1.253315	4.554627	-4.923106	-1.726431	4.426827
-7.631683	1.657545	5.516490	-7.093906	1.352724	5.033646
-7.631683	1.657545	5.516490	-7.877121	1.152892	6.097873
-8.705856	-2.383127	3.548915	-8.628939	-3.192576	3.379011
-8.705856	-2.383127	3.548915	-8.667352	-2.049234	4.305806
-4.590352	-0.492793	-6.263793	-4.496219	-0.338568	-5.473539
-6.447999	-7.851856	-7.848468	-6.360508	-7.139374	-8.168083
8.141275	-7.576869	-8.383925	7.668884	-8.089219	-7.905296
-7.155596	-4.383850	-4.209883	-6.991879	-5.152882	-3.910063
-7.155596	-4.383850	-4.209883	-7.816489	-3.957631	-3.887067
-3.608193	1.242004	-8.545684	-3.858638	2.039494	-8.426456
-3.608193	1.242004	-8.545684	-3.404496	0.995919	-7.787854
-3.608193	1.242004	-8.545684	-3.504129	0.708888	-9.213910
8.421235	-4.529211	2.416232	9.011737	-4.289233	1.967127
6.928750	-1.685928	8.145125	6.385806	-2.237383	8.372628
6.928750	-1.685928	8.145125	7.720834	-1.865523	8.130606
6.928750	-1.685928	8.145125	6.823613	-0.943090	7.922565
5.364942	-0.448341	-8.340120	5.662614	0.272915	-8.420616
5.364942	-0.448341	-8.340120	5.227425	-0.760396	-7.585072
6.330686	2.379126	-4.280140	6.297275	1.578042	-4.209676
6.330686	2.379126	-4.280140	6.745572	2.705305	-3.614414
6.330686	2.379126	-4.280140	5.992065	2.721643	-4.936616
6.945796	1.165940	-4.178037	6.297275	1.578042	-4.209676
6.945796	1.165940	-4.178037	7.310979	0.788942	-3.544346
2.469699	-2.597515	-2.070207	3.106990	-2.633942	-2.570685
2.469699	-2.597515	-2.070207	1.592402	-2.623499	-2.235096
4.702076	-3.345744	0.690805	4.339931	-4.122491	0.645779
4.702076	-3.345744	0.690805	5.435173	-3.120213	1.108729
6.752031	-3.329977	-2.221636	6.704846	-3.856074	-2.861890
6.752031	-3.329977	-2.221636	6.758562	-3.750911	-1.555593
-8.716011	4.554801	-1.124640	-9.266055	4.559886	-0.477694
7.333407	-4.908755	7.216840	7.360896	-4.677594	7.982142
3.228562	-3.837474	4.297668	2.476247	-3.747798	4.482114
3.228562	-3.837474	4.297668	3.417738	-4.269192	3.648308
5.090535	-4.545076	3.862086	5.734290	-4.579583	3.424767
5.090535	-4.545076	3.862086	4.950151	-3.937712	4.334529
4.646305	-2.841749	3.680025	4.858445	-2.247146	4.124491
4.646305	-2.841749	3.680025	4.678835	-2.780807	2.852374
4.646305	-2.841749	3.680025	4.439741	-3.371834	4.201264
6.634749	5.089673	2.303492	6.403824	5.069947	1.477795
2.662566	1.543226	-0.625426	1.938577	1.523266	-0.318548
-8.563927	7.148233	3.090781	-8.076487	6.859831	3.684183
-5.866795	0.601260	-5.587290	-5.622734	0.314342	-6.313334
-7.093906	1.352724	5.033646	-7.330496	1.459180	4.212093
5.057228	-5.864341	-7.122656	5.459442	-5.539901	-6.492521
-8.930602	-3.916947	-2.402159	-8.109816	-3.899035	-2.482060
5.997239	-0.392995	-2.665510	5.607753	-1.045789	-2.850422
-4.546943	-2.006435	0.667980	-3.838563	-1.898273	0.890595
5.644671	0.871507	1.806646	5.352882	0.162479	1.878483
5.644671	0.871507	1.806646	5.104207	1.465891	1.729422
8.649238	-1.930020	-0.418718	7.984062	-2.092492	-0.132305
8.649238	-1.930020	-0.418718	8.979939	-1.271909	-0.306509
7.482797	0.026028	0.489267	7.596764	-0.652795	0.932180
7.482797	0.026028	0.489267	6.780702	0.417436	0.572992
-9.025574	-8.229618	-4.454426	-8.890609	-8.809181	-4.875882
-7.729905	8.875615	-0.987193	-8.156249	9.262493	-0.493051
5.945088	6.007432	-7.955431	6.259901	5.933789	-8.655665
3.844261	-7.809531	-6.816238	3.262967	-7.297483	-6.552077
4.389246	-7.195317	-8.368605	3.791601	-6.678849	-8.560931
4.623585	-7.933675	5.037514	4.237097	-8.609473	5.180868
-6.153744	5.104967	5.641535	-5.554706	4.560696	5.543105
-6.153744	5.104967	5.641535	-6.459370	5.385061	6.316433
-5.969533	5.574568	7.409750	-6.536350	5.951349	7.837339
-5.969533	5.574568	7.409750	-6.023039	5.879661	6.733515
2.744872	6.380075	6.180045	2.076776	6.281566	5.806700
2.744872	6.380075	6.180045	2.677675	6.680727	6.947575
2.744872	6.380075	6.180045	3.466229	6.223585	5.855140
1.489304	4.943681	8.068054	1.491197	4.499371	8.731208
1.489304	4.943681	8.068054	1.621695	5.676314	7.988170
4.331135	7.194345	-7.881233	4.506094	6.657635	-8.507697
4.331135	7.194345	-7.881233	3.603231	7.608877	-7.848674
4.331135	7.194345	-7.881233	4.840789	7.387510	-7.226073
-4.115982	-1.663716	-8.688811	-3.790338	-2.239167	-9.200514
-4.879486	-1.755516	-6.912642	-4.895192	-2.030740	-7.651180
-0.476972	1.403073	-3.995360	-0.389517	1.355711	-4.800312
-0.232206	-5.269371	-0.699349	0.340918	-5.195998	-0.176541
-0.232206	-5.269371	-0.699349	-0.104460	-5.558314	-1.441056
1.468625	8.093894	-3.486109	0.724116	8.159196	-3.925040
1.468625	8.093894	-3.486109	2.178176	8.075009	-3.845084
0.260924	-8.897217	-3.412917	-0.321519	-9.307429	-2.984589
-7.087353	-1.505786	2.222466	-7.678416	-1.964495	2.179705
5.600933	2.250069	2.721906	5.771739	2.947636	2.454270
-4.134854	0.456572	3.743153	-4.797024	0.898689	3.617206
8.510088	1.432765	1.898525	9.121893	1.512843	1.439218
-8.065925	3.651896	-6.710800	-8.340006	3.039835	-7.128973
-8.051136	-0.277198	-1.213379	-7.558141	-0.382209	-1.864613
-8.051136	-0.277198	-1.213379	-8.795461	-0.507952	-1.345941
-8.051136	-0.277198	-1.213379	-8.004368	0.006074	-0.458477
-8.271166	-3.385024	8.745918	-8.717774	-2.932109	8.272669
-8.271166	-3.385024	8.745918	-8.494588	-4.037694	9.156900
5.607753	-1.045789	-2.850422	5.259787	-1.607348	-2.530656
5.745796	3.767132	-2.286769	5.107603	3.391234	-2.113039
5.745796	3.767132	-2.286769	6.361946	3.336327	-2.381289
5.745796	3.767132	-2.286769	5.744851	4.552306	-2.393038
3.870307	6.887398	5.611333	4.077867	6.986854	4.870627
3.870307	6.887398	5.611333	4.038631	7.481217	6.107486
3.870307	6.887398	5.611333	3.466229	6.223585	5.855140
7.288080	7.524867	1.850854	8.133775	7.651688	1.806685
7.288080	7.524867	1.850854	7.179833	6.828799	2.134932
-7.579585	-1.801785	-2.105598	-7.214862	-1.101249	-2.077906
-6.781190	7.761568	-2.539621	-7.114870	8.476312	-2.671808
-6.781190	7.761568	-2.539621	-6.286629	7.310806	-2.974598
-7.670233	8.779297	-4.688337	-7.423944	8.162207	-5.124755
-7.670233	8.779297	-4.688337	-7.351269	8.842540	-3.974269
-6.412573	6.818088	-8.988655	-5.919664	6.275643	-8.510934
7.618159	-4.513094	-3.509066	7.454172	-4.967069	-4.140370
7.618159	-4.513094	-3.509066	8.301254	-4.066572	-3.424735
-7.598115	-3.244881	-7.039420	-8.293347	-3.444647	-7.431042
-6.254177	-3.489799	-7.203522	-6.346053	-4.284952	-6.962981
2.829975	7.051376	-1.555433	3.109177	6.943878	-0.832380
2.876877	8.235198	-3.442580	3.447950	7.596833	-3.338435
2.876877	8.235198	-3.442580	2.178176	8.075009	-3.845084
-0.282675	8.989536	0.263027	-0.284858	9.544820	-0.293730
1.767912	4.601218	6.719745	2.473629	4.237482	6.694510
1.767912	4.601218	6.719745	1.571754	5.040497	6.029260
1.491197	4.499371	8.731208	0.903441	4.643431	9.269437
-1.076597	0.289139	6.887212	-0.518899	-0.084035	6.403421
-1.938563	-0.903062	-8.696499	-1.750890	-1.652170	-9.017709
-1.938563	-0.903062	-8.696499	-1.539870	-0.198710	-9.039969
7.037639	6.236677	1.004056	6.803918	6.769661	0.437664
7.037639	6.236677	1.004056	6.812896	5.497462	0.929769
3.184010	7.567394	-0.334130	3.109177	6.943878	-0.832380
3.184010	7.567394	-0.334130	3.755620	8.137599	-0.421715
3.184010	7.567394	-0.334130	2.671177	7.644274	0.303117
5.753787	5.915411	7.185664	5.548305	5.833211	7.983360
5.753787	5.915411	7.185664	5.170745	6.000830	6.675477
6.836146	-5.762961	-0.843688	7.487463	-5.519449	-1.275974
6.113830	-8.442585	0.666810	5.636320	-7.919156	0.319573
6.113830	-8.442585	0.666810	6.608338	-8.861919	0.197671
-1.425616	-8.291024	-4.322308	-1.766228	-8.701916	-3.740200
-3.240241	-8.396023	8.020607	-2.555492	-8.122605	8.225308
-3.240241	-8.396023	8.020607	-3.744997	-8.812700	8.466212
-3.240241	-8.396023	8.020607	-3.433333	-8.250447	7.318238
3.389514	-3.322756	-2.830333	3.196789	-3.543749	-3.508884
3.389514	-3.322756	-2.830333	3.879656	-3.803340	-2.420641
3.389514	-3.322756	-2.830333	3.106990	-2.633942	-2.570685
1.152069	-4.406745	-2.369202	1.487713	-4.579548	-3.068820
1.152069	-4.406745	-2.369202	1.146430	-4.805809	-1.686643
-7.100405	5.533949	9.067536	-6.576994	5.095103	9.325143
-8.408059	7.306240	-5.695072	-8.111240	6.863776	-6.259022
-8.408059	7.306240	-5.695072	-7.966098	7.575512	-5.124447
-7.444312	0.992789	-4.244365	-7.370522	0.320247	-3.748064
-7.895225	-1.042702	-8.833591	-7.461988	-0.488609	-8.680846
-7.895225	-1.042702	-8.833591	-8.017177	-1.273038	-9.582328
-7.895225	-1.042702	-8.833591	-8.148216	-1.478891	-8.191153
-8.978421	1.946786	-8.206629	-8.290997	1.590003	-8.398164
-8.978421	1.946786	-8.206629	-9.094869	2.745289	-8.261950
3.122149	0.716253	2.030265	3.463688	0.092955	2.484124
4.961053	-0.147862	2.485610	4.176682	-0.321593	2.261378
4.961053	-0.147862	2.485610	5.352882	0.162479	1.878483
-0.622225	2.045152	-6.453627	-0.554395	2.257086	-5.683333
-0.622225	2.045152	-6.453627	-0.005279	2.128925	-6.990501
-5.739225	8.178912	-4.397011	-5.129966	8.646519	-4.237730
-0.013341	3.157704	6.246971	-0.540739	2.546973	6.210126
0.506200	5.384524	3.979737	0.294657	5.259019	4.724073
-0.148300	1.193907	-7.969805	-0.008542	1.575777	-8.684123
-2.613051	-1.134159	-5.993252	-3.280393	-1.559626	-5.988938
-2.613051	-1.134159	-5.993252	-2.091169	-1.466064	-6.524717
-1.384156	7.866524	4.823816	-1.381999	7.729417	4.085948
-0.257490	8.022723	4.968301	-0.157616	8.438043	5.604873
-0.257490	8.022723	4.968301	-0.118763	7.823549	4.175457
-4.293513	-7.033114	3.687515	-4.895016	-7.365943	4.174776
-4.293513	-7.033114	3.687515	-3.527604	-7.297443	3.866661
-5.530223	-5.113484	2.047147	-5.450598	-5.699042	2.575876
-5.530223	-5.113484	2.047147	-6.235625	-4.687111	2.078489
-4.892324	-8.493764	5.772675	-4.628199	-7.775328	5.514825
-5.838955	-8.520357	6.987801	-6.108070	-9.200972	7.440779
-3.352708	5.744907	-7.567518	-3.204515	5.074010	-7.980628
6.292008	6.372453	8.877390	5.586935	6.343152	8.627938
6.292008	6.372453	8.877390	6.259901	5.933789	9.504203
7.131238	3.055069	-1.307850	7.652700	2.465336	-1.363365
6.400867	2.708641	-2.848049	6.745572	2.705305	-3.614414
6.400867	2.708641	-2.848049	6.361946	3.336327	-2.381289
-8.224459	-6.980333	5.655486	-7.592824	-7.276198	6.021361
-8.224459	-6.980333	5.655486	-8.105452	-6.373618	5.155895
6.064119	-2.974000	7.094488	6.541457	-2.591922	6.508093
0.585081	1.023500	-3.586308	1.247912	0.612469	-3.872706
0.585081	1.023500	-3.586308	0.611532	1.748793	-3.325882
-3.186253	2.122903	2.619966	-2.483991	1.704824	2.591790
-3.013677	-3.298279	-5.036442	-3.246382	-3.878982	-4.567552
-1.281206	-4.698852	-8.953620	-1.672227	-5.278464	-9.409776
-2.450207	4.147739	8.291480	-1.958348	4.117371	7.649677
-1.462472	4.524396	-5.436704	-2.041545	4.338901	-6.015591
-1.462472	4.524396	-5.436704	-0.815844	4.016110	-5.366516
0.227572	-7.948894	2.595055	-0.042077	-8.344575	3.304779
0.227572	-7.948894	2.595055	0.120369	-8.272013	1.880879
5.263407	-4.331702	8.472428	5.978142	-4.024313	8.698267
5.376948	-2.547100	-7.278628	5.582061	-2.598674	-6.475945
3.426517	5.993160	-6.153428	3.128243	6.606259	-6.338411
3.426517	5.993160	-6.153428	3.214426	5.487384	-5.584782
1.189151	3.667533	3.051147	1.693661	3.242063	2.511092
-0.752491	8.122946	3.807831	-1.381999	7.729417	4.085948
-0.752491	8.122946	3.807831	-0.118763	7.823549	4.175457
-0.816816	6.917580	7.528766	-0.410081	7.557885	7.375593
8.328746	3.229955	6.214860	8.681113	3.812297	6.418390
-8.665194	4.484656	8.552101	-8.415792	5.205592	8.158507
-3.939666	0.369237	-3.774811	-4.482674	0.028339	-3.322371
-3.939666	0.369237	-3.774811	-3.749655	1.091924	-3.420117
8.365180	3.249801	3.297180	8.863688	3.307869	3.874260
8.365180	3.249801	3.297180	8.770542	3.587809	2.673719
8.863688	3.307869	3.874260	8.862247	3.767454	4.501299
8.863688	3.307869	3.874260	9.483723	2.846162	3.803772
-3.208666	4.331041	4.953904	-3.663320	4.329587	4.283290
-3.208666	4.331041	4.953904	-3.506587	4.464224	5.705154
-3.208666	4.331041	4.953904	-2.397313	4.207002	4.825027
-0.389517	1.355711	-4.800312	-0.011548	1.920481	-5.202866
-0.389517	1.355711	-4.800312	-0.665329	0.770146	-5.277976
4.841135	-3.688376	-6.227861	4.992592	-2.904075	-6.036708
2.004070	-7.041432	-4.411786	2.457950	-7.399556	-3.830997
2.120932	-1.372982	7.735583	1.951530	-1.334929	6.908827
-0.008542	1.575777	-8.684123	0.421682	1.203452	-9.238620
0.771220	-0.461910	6.931241	1.118098	-1.174470	6.759699
2.367101	1.576376	2.993164	1.680331	1.800178	2.622745
0.624315	-5.838815	5.201785	0.041071	-5.946911	5.749279
0.624315	-5.838815	5.201785	1.000624	-5.175492	5.162607
3.768668	-4.333551	1.873469	4.038145	-5.062656	2.070031
3.768668	-4.333551	1.873469	3.660315	-3.690876	2.409817
0.831262	-3.428805	1.362022	0.513832	-4.007298	1.799842
7.746488	1.286439	-3.053452	8.296992	1.821414	-3.399352
7.746488	1.286439	-3.053452	7.310979	0.788942	-3.544346
7.746488	1.286439	-3.053452	7.704367	1.306703	-2.221399
-8.635835	2.123892	-2.834441	-9.094085	1.656432	-3.285994
-8.635835	2.123892	-2.834441	-8.816016	2.055795	-2.032321
6.297275	1.578042	-4.209676	5.574758	1.260771	-4.165876
-5.203817	-6.547232	-2.058591	-4.372592	-6.483044	-2.031394
-5.853882	-5.659941	-5.403979	-6.354457	-6.214528	-5.682388
3.723020	-7.057637	2.561380	3.533503	-7.397162	3.280012
3.723020	-7.057637	2.561380	3.378899	-6.402444	2.209755
3.723020	-7.057637	2.561380	4.285364	-7.333677	2.086618
8.506718	0.284943	8.014528	8.200607	-0.033694	8.617658
3.445018	0.865882	-7.728740	4.057224	1.185642	-8.232984
-9.025380	6.130599	5.948930	-8.233486	6.069102	6.118571
-9.025380	6.130599	5.948930	-9.196770	6.231504	5.161074
-5.987745	3.061226	-3.355418	-5.588408	3.199909	-2.693281
-5.987745	3.061226	-3.355418	-5.732046	3.491785	-3.927577
-6.164100	0.144863	-6.877771	-6.702040	-0.364597	-6.607163
-6.164100	0.144863	-6.877771	-5.977147	0.538928	-7.552544
-6.164100	0.144863	-6.877771	-5.622734	0.314342	-6.313334
-5.988743	4.017466	-1.711708	-5.859493	4.189998	-0.954047
-3.280393	-1.559626	-5.988938	-3.529101	-2.053163	-5.397853
-3.280393	-1.559626	-5.988938	-3.699266	-1.460560	-6.651636
-7.558141	-0.382209	-1.864613	-7.214862	-1.101249	-2.077906
6.561181	8.438289	2.826390	6.336486	8.466508	2.081639
0.264771	-7.402757	6.896413	0.733733	-6.758276	6.740932
2.115082	-7.269796	5.711871	2.197673	-6.786055	5.158821
2.115082	-7.269796	5.711871	1.948943	-8.034661	5.676244
-1.580002	-8.664315	-7.508317	-2.020328	-9.192954	-7.310033
-6.974531	0.808972	-1.960867	-6.201614	0.699138	-1.876694
-6.896717	-4.174005	-5.618059	-7.626834	-3.941651	-5.769065
2.359269	-3.743925	-8.009907	2.515845	-4.307831	-8.572557
-2.298166	0.623195	3.996410	-2.872955	1.176284	4.129131
-2.298166	0.623195	3.996410	-2.142622	-0.009327	4.496477
-2.298166	0.623195	3.996410	-1.808186	0.607664	3.356294
8.756439	2.366649	5.297121	8.161737	1.856009	5.465370
8.756439	2.366649	5.297121	9.521748	2.340665	5.042829
-4.684780	5.526493	1.120535	-4.409119	5.179814	1.787231
-4.409119	5.179814	1.787231	-4.379412	5.679991	2.358761
6.945116	-6.194722	-6.926967	7.350767	-5.638539	-7.296313
6.945116	-6.194722	-6.926967	6.826414	-6.158694	-6.116427
-5.838521	3.938196	-5.548539	-5.465645	4.604919	-5.860291
-5.838521	3.938196	-5.548539	-6.408877	3.878043	-4.937002
8.494940	8.263449	-3.927780	9.103259	7.974481	-3.587911
8.494940	8.263449	-3.927780	8.558741	8.303315	-4.750224
8.494940	8.263449	-3.927780	7.779185	8.550022	-3.721868
4.072993	0.761409	3.870144	3.334799	0.447772	3.740256
4.072993	0.761409	3.870144	4.742345	0.400024	4.159970
1.616112	-0.044417	-8.279343	1.443647	0.720090	-8.269363
2.313083	1.667601	7.711574	1.810845	1.436797	7.180268
2.313083	1.667601	7.711574	2.825897	2.200275	7.392576
-0.204868	-0.049083	-1.839866	0.170011	0.363461	-1.240710
-0.204868	-0.049083	-1.839866	-0.704020	0.354595	-2.365502
-2.881855	-8.041119	5.530311	-3.350131	-7.471909	5.435939
-5.049284	2.592307	1.010761	-4.577874	1.911822	1.128900
-5.049284	2.592307	1.010761	-5.102934	2.899970	0.237629
-5.944364	0.237200	-1.290909	-6.201614	0.699138	-1.876694
-3.992023	-7.421778	-7.443037	-4.089314	-6.720028	-7.038793
-3.992023	-7.421778	-7.443037	-4.442800	-8.021825	-7.125428
6.998713	1.140942	-7.436861	7.283211	1.728383	-7.837616
3.123018	7.365958	3.250762	3.242265	7.610482	3.951935
7.554530	-1.130245	3.321915	6.873840	-0.633304	3.284769
7.554530	-1.130245	3.321915	7.523470	-1.769459	3.841993
-8.227170	0.161226	1.947419	-7.487546	0.213929	1.672066
0.002756	1.243187	7.479610	-0.670786	1.539371	7.151628
0.002756	1.243187	7.479610	0.595679	1.255413	6.880280
-7.736672	0.354930	-3.047794	-7.370522	0.320247	-3.748064
-7.252614	3.338330	-1.690446	-7.113754	2.681457	-2.084301
-7.252614	3.338330	-1.690446	-7.879406	3.259237	-1.141415
6.790946	-5.947042	3.163895	7.330599	-5.897134	2.640110
-4.628199	-7.775328	5.514825	-3.997714	-7.510848	5.844430
7.222735	-0.746496	-2.232262	7.255993	-0.390244	-1.518104
7.222735	-0.746496	-2.232262	7.578908	-1.438124	-2.332491
7.145886	-1.985500	-1.943244	7.578908	-1.438124	-2.332491
8.784754	-2.521734	1.414947	9.228141	-3.140863	1.421615
-5.600237	2.686521	4.834533	-5.461650	2.775727	4.038597
-5.600237	2.686521	4.834533	-6.042022	3.250576	5.261979
-5.600237	2.686521	4.834533	-5.291274	2.005284	5.182742
-5.461650	2.775727	4.038597	-4.751519	2.799840	3.638049
-4.820858	1.539381	3.151702	-4.797024	0.898689	3.617206
1.611015	-8.744230	8.240156	1.130106	-8.836347	7.603777
1.611015	-8.744230	8.240156	2.296970	-8.464473	8.034256
-3.038922	6.314670	-4.549201	-2.989410	6.046444	-5.325018
-6.478152	6.180573	-2.079648	-6.387889	5.707926	-1.538119
-6.478152	6.180573	-2.079648	-7.151515	6.600928	-1.928994
-5.766194	2.956214	-0.197989	-5.102934	2.899970	0.237629
3.249627	-5.496545	-3.120378	2.741734	-5.086712	-3.542974
1.951530	-1.334929	6.908827	1.118098	-1.174470	6.759699
0.272797	9.064784	-7.250032	-0.453175	8.817932	-7.002230
7.691984	4.302194	8.165807	8.259772	3.765896	8.385227
1.614863	4.895015	1.997816	1.846470	5.690720	2.100760
2.283444	1.127217	-2.486827	2.509879	0.730700	-3.110493
-3.073257	-8.397078	-5.375165	-2.762927	-8.964003	-5.933301
-3.073257	-8.397078	-5.375165	-3.410645	-8.559486	-4.674231
-3.281558	1.858694	7.181670	-2.693544	1.318298	7.184005
-9.053494	-8.865972	1.975760	-8.954719	-8.194860	2.304543
-9.053494	-8.865972	1.975760	-9.101900	-9.520653	2.314885
8.021421	-7.811721	-1.374695	8.471318	-7.408404	-1.900154
-7.813984	-6.954736	-1.778150	-8.026506	-6.167468	-1.928583
6.813689	-5.376124	-9.079383	7.516708	-5.180867	-9.513516
4.730009	2.099104	-5.522712	4.584110	2.126907	-6.357176
4.730009	2.099104	-5.522712	4.461262	1.503108	-5.042736
0.672840	4.642063	5.078110	0.294657	5.259019	4.724073
-1.381999	7.729417	4.085948	-1.943433	7.274560	3.751600
-5.305364	6.605825	0.901789	-5.621952	6.711270	0.143530
-4.895192	-2.030740	-7.651180	-4.937525	-2.844555	-7.568104
-4.778165	2.129958	-4.627329	-4.887593	2.863479	-4.909692
2.025210	4.055117	-1.479812	2.257796	4.810292	-1.434411
3.459971	1.492935	6.200356	4.091278	1.603512	5.644247
3.459971	1.492935	6.200356	3.197097	0.820275	6.409250
-0.727909	2.164911	5.481989	-0.540739	2.546973	6.210126
-6.602600	8.746091	-6.054193	-6.391509	8.241993	-6.644156
-6.602600	8.746091	-6.054193	-6.747663	8.485216	-5.316107
6.503692	-6.595916	4.384509	5.832828	-6.496381	3.983100
6.503692	-6.595916	4.384509	6.830822	-5.878525	4.391996
4.367129	-1.709840	-3.818703	4.863883	-1.057156	-3.881266
1.176815	-0.756356	-6.202878	0.755812	-0.040440	-6.295841
2.769565	-2.051689	-8.873525	2.289314	-2.404470	-8.367998
2.769565	-2.051689	-8.873525	2.641580	-2.113067	-9.644797
8.925807	6.741355	-8.406593	8.136401	6.714275	-8.272078
8.925807	6.741355	-8.406593	9.422337	7.283447	-8.075574
8.811931	4.982401	4.904621	9.271389	4.385263	4.826763
2.691056	3.888478	6.082848	2.473629	4.237482	6.694510
-2.287237	4.647936	3.344790	-2.513964	5.442239	3.255472
-2.287237	4.647936	3.344790	-1.708728	4.592029	3.866087
-6.994616	4.099145	7.546982	-7.312616	4.807780	7.355225
-6.994616	4.099145	7.546982	-7.264597	3.430615	7.161406
4.016874	1.993920	-2.938546	3.596656	1.514889	-3.440853
4.016874	1.993920	-2.938546	4.781962	2.270543	-2.917864
8.267956	-5.273016	-8.388500	8.553018	-4.528874	-8.420705
-8.881125	-8.163086	5.944666	-8.126322	-8.566652	6.077310
-6.101717	-3.932508	4.993956	-6.006166	-3.315728	4.502692
-7.487901	-3.534678	-0.728766	-7.367299	-3.645466	-1.457554
3.533503	-7.397162	3.280012	3.214417	-8.181430	3.288590
3.797791	-4.967714	3.580391	3.417738	-4.269192	3.648308
-4.655816	-5.473638	-7.049509	-4.267317	-4.962096	-6.555874
-6.338049	-6.364176	5.330959	-5.654732	-6.450999	5.772495
-7.324237	-7.847596	3.305077	-8.094111	-7.617120	3.147587
-7.324237	-7.847596	3.305077	-7.103874	-8.593547	2.953282
-8.804131	0.968864	-3.640053	-8.799294	0.880555	-4.474579
-8.804131	0.968864	-3.640053	-9.094085	1.656432	-3.285994
-0.546611	-0.742970	-4.629762	-0.011858	-0.276857	-4.983931
2.023167	5.529909	-7.408345	1.885094	6.329447	-7.593520
2.023167	5.529909	-7.408345	1.444024	5.189439	-7.071368
0.930494	5.239565	-8.394049	0.903441	4.643431	-8.890431
0.930494	5.239565	-8.394049	0.833678	5.157261	-7.586916
-7.330496	1.459180	4.212093	-8.168184	1.505305	4.002100
-7.330496	1.459180	4.212093	-6.708050	1.545024	3.691450
8.841139	2.195002	-6.715907	9.639155	2.312562	-6.798713
8.841139	2.195002	-6.715907	8.532827	1.557937	-7.109178
2.490531	-6.199416	3.804499	2.614684	-5.521345	3.516049
4.038145	-5.062656	2.070031	4.746645	-5.345467	1.903555
4.038145	-5.062656	2.070031	3.563698	-5.631793	2.491078
2.619392	-7.457115	-8.611188	2.233012	-7.239516	-9.334936
2.608825	3.112650	-8.597143	2.577821	3.839866	-8.908648
4.529059	7.065718	8.288072	4.336509	6.622350	7.588430
4.701016	0.412901	0.266407	5.397653	0.083967	0.596234
5.488348	-0.998624	1.401086	5.959387	-1.549301	1.612774
3.032408	-4.501135	-4.643236	2.587548	-4.028617	-5.134558
3.032408	-4.501135	-4.643236	3.744027	-4.250875	-4.410835
2.515845	-4.307831	-8.572557	2.369826	-4.250889	-9.360067
1.120159	-3.013276	-6.949559	0.762185	-2.362258	-7.294295
-8.197121	-0.281908	5.877673	-8.320396	-0.385559	5.110187
-8.197121	-0.281908	5.877673	-8.211476	0.457265	6.062656
-8.197121	-0.281908	5.877673	-8.117411	-0.938335	6.397085
6.474752	-1.625290	1.024328	5.959387	-1.549301	1.612774
6.474752	-1.625290	1.024328	7.245021	-1.402795	0.888586
7.596764	-0.652795	0.932180	8.168935	-0.547753	1.513848
7.596764	-0.652795	0.932180	7.245021	-1.402795	0.888586
4.487418	-8.678772	2.293056	4.352328	-8.740255	3.054918
4.487418	-8.678772	2.293056	4.244343	-8.058006	1.807488
4.487418	-8.678772	2.293056	4.887409	-9.198766	1.844292
-8.857429	-1.556580	-7.963776	-8.148216	-1.478891	-8.191153
-8.909397	0.392738	6.338309	-9.001641	0.104971	7.084944
-8.909397	0.392738	6.338309	-8.211476	0.457265	6.062656
7.991955	1.411655	6.660964	8.298661	1.257221	5.965464
-3.216038	-1.207527	-0.019321	-3.198340	-1.774127	0.454566
0.947170	0.606703	-1.276085	0.170011	0.363461	-1.240710
-3.917667	-7.690399	7.206668	-3.883794	-7.250028	6.566015
-3.917667	-7.690399	7.206668	-3.433333	-8.250447	7.318238
1.665096	7.850391	8.771126	1.198801	8.443743	9.130576
8.382155	-5.824313	4.574515	7.841913	-6.106040	5.058587
8.382155	-5.824313	4.574515	8.793381	-6.086935	3.908777
7.663214	-5.229250	0.866072	7.078629	-5.257999	0.356609
7.663214	-5.229250	0.866072	7.513287	-5.021970	1.630798
-2.377751	-2.169507	7.897079	-3.127728	-1.880335	7.781917
-2.377751	-2.169507	7.897079	-1.786593	-1.735774	8.286094
-2.137952	-0.543381	-7.415094	-1.635669	-0.987730	-6.982578
-0.263016	-0.087710	-7.697020	0.307396	-0.522681	-8.190287
5.526776	7.781390	-7.429659	4.840789	7.387510	-7.226073
8.232278	0.937211	-6.710803	8.632397	0.377931	-6.318065
8.232278	0.937211	-6.710803	8.532827	1.557937	-7.109178
-8.887089	0.806178	1.060894	-9.037975	1.512843	1.439218
-3.123097	8.841734	-0.632717	-2.427971	9.055448	-0.275220
-3.123097	8.841734	-0.632717	-3.768615	8.536908	-0.273053
-7.461988	-0.488609	-8.680846	-6.905106	-0.990363	-8.350421
4.824020	-3.951160	-8.543274	5.560318	-3.658962	-8.363549
-7.626834	-3.941651	-5.769065	-8.284965	-4.297909	-5.532203
-2.555492	-8.122605	8.225308	-2.431685	-7.311317	8.414140
1.130106	-8.836347	7.603777	1.524544	-9.253264	7.004306
-0.951595	-7.167576	6.130866	-1.590539	-7.244803	6.600882
-0.951595	-7.167576	6.130866	-0.839237	-6.703477	5.493118
7.516708	-5.180867	8.646352	7.360896	-4.677594	7.982142
1.269084	6.925097	-2.388376	1.009062	7.612652	-2.395588
1.269084	6.925097	-2.388376	1.536242	6.808083	-1.703146
-0.284858	-8.615048	-0.293730	0.049274	-8.885045	-0.974470
-1.051295	9.001439	-2.763949	-0.321519	8.852439	-2.984589
3.556209	7.953276	8.332064	3.283748	8.252982	7.634409
-6.975902	-5.057688	-8.873949	-6.538236	-5.575474	-9.314531
-6.975902	-5.057688	-8.873949	-6.992429	-5.066829	-8.036476
-8.111240	6.863776	-6.259022	-8.035940	7.274518	-6.939223
-3.972076	-6.742344	2.437537	-3.437562	-6.172050	2.180038
-0.790451	-7.050957	4.784895	-0.839237	-6.703477	5.493118
-0.790451	-7.050957	4.784895	-1.382934	-7.262612	4.338656
5.225528	1.345604	-7.365658	5.168956	1.975869	-6.910293
5.225528	1.345604	-7.365658	4.838912	1.179450	-8.090853
5.168956	1.975869	-6.910293	4.584110	2.126907	-6.357176
-7.666994	6.601477	-4.111530	-6.881086	6.556163	-4.042414
-7.666994	6.601477	-4.111530	-8.114856	7.190544	-4.437116
7.836256	3.748050	0.683092	7.618151	3.645935	1.435410
3.810130	-4.326554	-0.924604	4.561255	-4.533347	-0.656345
3.810130	-4.326554	-0.924604	3.423022	-4.722466	-1.455075
4.696771	-4.672204	0.122380	4.561255	-4.533347	-0.656345
4.696771	-4.672204	0.122380	4.339931	-4.122491	0.645779
4.696771	-4.672204	0.122380	5.164249	-5.271214	0.331579
-7.392673	-6.312200	4.053631	-6.958722	-6.936748	4.256609
-7.392673	-6.312200	4.053631	-7.074857	-5.680070	3.620654
-8.017177	-1.273038	8.577540	-7.300630	-1.342019	8.219048
-8.017177	-1.273038	8.577540	-8.544870	-1.513322	8.080390
3.722377	4.649773	7.215708	3.932624	5.248127	7.669173
3.722377	4.649773	7.215708	4.273722	4.517004	6.651102
3.722377	4.649773	7.215708	3.027143	4.171046	7.245156
1.230831	5.638912	-1.659187	1.219344	6.317223	-1.271308
0.194035	8.030166	-1.366745	0.433816	7.665087	-0.652549
1.943726	-0.394983	-3.334897	2.125324	-0.784088	-3.991834
3.772524	5.477088	-4.973048	3.214426	5.487384	-5.584782
0.583972	5.120024	-4.796152	-0.055715	4.999588	-5.221792
0.583972	5.120024	-4.796152	1.232114	5.573752	-5.116441
3.334799	0.447772	3.740256	3.203179	-0.146963	3.220346
3.334799	0.447772	3.740256	2.702881	0.793485	4.126935
3.214417	-8.181430	3.288590	3.711349	-8.760108	3.528757
8.124396	-8.205534	-3.528080	7.831432	-7.451440	-3.503609
-1.718729	3.068595	0.551680	-0.909205	3.203300	0.307776
-3.166514	-1.543290	5.608537	-3.754115	-1.719361	6.133550
-3.166514	-1.543290	5.608537	-3.217442	-0.858813	5.245045
1.693661	3.242063	2.511092	1.693504	2.474818	2.183178
1.693661	3.242063	2.511092	2.345275	3.693211	2.289604
8.029838	-7.373763	0.463421	7.511659	-7.242867	-0.086433
8.029838	-7.373763	0.463421	8.514310	-6.741527	0.417676
-4.975998	-6.512781	0.191981	-4.267739	-6.856414	0.063431
0.013576	-5.477653	2.348314	-0.439136	-5.381198	3.029716
5.822118	-0.579477	-7.069226	5.227425	-0.760396	-7.585072
-0.058027	4.333320	-7.032762	0.206524	4.289219	-6.276411
-4.506864	8.900616	4.393302	-4.729673	8.537523	5.070009
-1.423260	-8.608438	6.459053	-1.191743	-8.887536	5.719200
-0.596645	-7.140206	8.618699	-0.657017	-7.595442	9.295901
6.750847	8.085332	0.839295	7.089766	8.723072	0.507373
6.750847	8.085332	0.839295	6.399246	7.470512	0.406262
-7.230744	7.343545	1.539893	-6.468754	7.626942	1.385417
4.352328	-8.740255	3.054918	4.975979	-8.765482	3.552349
4.352328	-8.740255	3.054918	3.711349	-8.760108	3.528757
-6.521689	0.355046	8.377054	-6.544559	0.159701	7.644739
-6.521689	0.355046	8.377054	-7.191936	0.556634	8.738482
-2.074827	2.016703	8.805563	-1.462035	2.532310	8.688504
4.975979	-8.765482	3.552349	5.260325	-8.052103	3.750978
4.975979	-8.765482	3.552349	5.133209	-9.531736	3.751647
-0.157673	6.392759	5.521098	-0.729771	6.938355	5.640853
5.007236	-6.343836	6.473959	5.659404	-6.688786	6.129501
4.678881	-1.681964	-1.979704	5.259787	-1.607348	-2.530656
5.589060	-5.350896	7.012411	5.221965	-4.751299	7.232686
5.589060	-5.350896	7.012411	6.196108	-5.603706	6.746817
-7.877121	1.152892	6.097873	-8.211476	0.457265	6.062656
5.756304	0.447870	7.763228	5.781076	-0.182020	8.192548
5.103808	-4.435577	5.556075	4.675301	-4.208702	6.166495
5.103808	-4.435577	5.556075	5.290967	-5.179709	5.411162
5.748712	4.473585	-6.956930	5.659359	4.741427	-7.702994
4.618550	3.281326	-5.021169	3.982470	3.257453	-4.483291
3.982470	3.257453	-4.483291	4.059318	3.671660	-3.804019
3.982470	3.257453	-4.483291	3.308886	2.879345	-4.590922
0.774780	2.032188	-5.058187	-0.011548	1.920481	-5.202866
0.774780	2.032188	-5.058187	1.036603	2.398683	-4.391709
0.774780	2.032188	-5.058187	1.281702	1.787706	-5.557666
-1.034543	8.741461	-1.458474	-1.525178	8.322978	-0.996988
-6.919031	9.063243	-2.156877	-7.114870	8.476312	-2.671808
-6.919031	9.063243	-2.156877	-6.649919	9.668563	-2.559239
8.946646	-6.387613	1.655018	8.429198	-6.648199	2.233995
7.511659	-7.242867	-0.086433	6.978757	-6.636996	0.135026
-1.436697	2.445303	4.276983	-1.405857	3.204562	4.455503
-1.436697	2.445303	4.276983	-1.424714	2.080298	3.581877
0.206524	4.289219	-6.276411	0.997913	4.203255	-6.188259
3.196834	5.335380	-3.812677	3.688817	4.915284	-3.379798
2.470334	5.750872	-2.449188	3.204843	6.102604	-2.279023
2.470334	5.750872	-2.449188	2.241653	5.759759	-3.204576
-2.382484	4.811715	-2.528345	-2.592168	4.470750	-1.820723
3.132428	-7.626605	0.466831	3.257766	-8.198649	0.889701
3.132428	-7.626605	0.466831	3.212659	-6.876412	0.850610
4.843493	2.014325	7.111082	5.489098	2.037348	6.586667
4.838912	1.179450	-8.090853	4.057224	1.185642	-8.232984
5.662614	0.272915	-8.420616	6.396609	0.250223	-8.125797
-4.924670	3.024441	-5.712983	-4.887593	2.863479	-4.909692
4.769053	6.709055	6.848893	4.336509	6.622350	7.588430
4.769053	6.709055	6.848893	5.170745	6.000830	6.675477
3.813449	3.864938	0.784903	3.993880	4.666718	0.927647
8.337629	8.191995	0.058407	8.853688	7.749315	0.533736
5.389156	0.287032	3.730031	4.742345	0.400024	4.159970
-6.759689	5.188315	3.748849	-7.213191	5.688522	3.238056
-6.759689	5.188315	3.748849	-6.962017	5.024162	4.505199
-2.091169	-1.466064	-6.524717	-1.635669	-0.987730	-6.982578
-2.091169	-1.466064	-6.524717	-2.034013	-2.280634	-6.666211
-0.096358	-2.013115	7.000535	-0.799767	-1.649326	7.174152
3.188047	-0.637552	8.521722	3.817095	-0.256984	8.250718
-5.209826	8.874587	3.260239	-5.302148	8.087242	3.088318
6.161143	-7.155008	1.766957	6.354730	-6.567729	1.344129
4.198565	-2.342889	-7.813938	4.080175	-1.998276	-8.520331
-1.508685	-8.690239	8.935918	-1.252929	-8.088989	9.426454
-6.150027	-8.106658	-6.477775	-5.797557	-7.557696	-6.041309
-1.271759	-3.338906	6.063698	-1.157357	-3.606291	5.364893
-8.964840	-0.041436	-6.702907	-9.527471	0.377931	-6.318065
-8.964840	-0.041436	-6.702907	-9.219945	-0.745624	-6.960739
7.618151	3.645935	1.435410	7.700681	4.117542	2.088286
8.161737	1.856009	5.465370	8.298661	1.257221	5.965464
5.003313	-8.379612	-0.796944	5.083411	-9.153112	-1.115690
6.803918	6.769661	0.437664	6.399246	7.470512	0.406262
6.803918	6.769661	0.437664	7.073751	6.471852	-0.207571
3.730898	6.458052	1.479279	4.474685	6.594621	1.343388
6.403824	5.069947	1.477795	6.812896	5.497462	0.929769
6.669647	5.777766	-0.295149	7.073751	6.471852	-0.207571
4.038631	7.481217	6.107486	3.385430	7.966438	6.214142
2.076776	6.281566	5.806700	1.508524	5.809943	6.067717
3.321455	4.916109	-7.111126	3.361125	4.307797	-6.559763
2.796294	-0.980367	0.213708	3.370442	-0.899837	-0.378509
2.796294	-0.980367	0.213708	2.146688	-0.447243	0.145935
2.796294	-0.980367	0.213708	2.885217	-1.615097	0.802188
8.999783	-5.099972	5.438728	9.728415	-4.997329	5.257704
-7.267569	-2.004604	4.910530	-7.085121	-2.119389	5.740389
5.173077	0.479665	-3.069369	5.391255	1.156695	-3.399512
5.173077	0.479665	-3.069369	4.529252	0.105825	-3.458590
-1.682610	-2.801892	-6.209188	-2.034013	-2.280634	-6.666211
-2.490629	-4.624199	-5.949712	-1.885860	-4.173088	-6.037171
-2.490629	-4.624199	-5.949712	-2.538776	-4.914871	-5.176735
-0.011548	1.920481	-5.202866	-0.554395	2.257086	-5.683333
5.391255	1.156695	-3.399512	5.421463	1.797176	-2.935121
5.391255	1.156695	-3.399512	5.574758	1.260771	-4.165876
8.862247	3.767454	4.501299	8.271026	3.545255	4.938702
8.862247	3.767454	4.501299	9.271389	4.385263	4.826763
3.084470	3.472602	2.585546	2.345275	3.693211	2.289604
1.107431	-5.918857	0.444290	1.789248	-5.674211	0.857899
-0.001181	-4.287442	3.656951	0.371015	-4.178310	4.365551
2.858361	4.991727	-0.900741	2.257796	4.810292	-1.434411
7.255993	-0.390244	-1.518104	6.640804	-0.513891	-0.962039
7.255993	-0.390244	-1.518104	7.855125	0.062748	-1.346870
8.296992	1.821414	-3.399352	8.106232	2.481323	-3.845059
8.296992	1.821414	-3.399352	9.065784	1.656432	-3.285994
0.513832	-4.007298	1.799842	0.746768	-4.195412	2.493272
-5.339538	-2.949272	2.833822	-5.136340	-3.236247	3.584511
7.993027	6.353733	-6.586471	8.339408	5.684284	-6.335807
-5.325752	3.567118	2.070973	-5.927452	4.004724	2.330830
-3.643093	0.272950	-1.841815	-2.967394	-0.012759	-1.399540
-3.643093	0.272950	-1.841815	-4.269856	-0.209149	-1.993959
-4.017032	6.837509	0.868270	-3.768879	7.139399	0.174887
8.610271	6.503953	1.126028	8.206133	6.187917	1.723461
-8.557839	-8.865036	3.866918	-8.184903	-9.315344	3.264185
-4.813107	4.851077	-7.137164	-4.630362	5.626164	-7.208514
-4.813107	4.851077	-7.137164	-4.437704	4.220062	-7.533289
3.477318	-0.429582	-6.957033	4.138371	-0.919930	-6.735302
0.475874	2.736542	-7.301336	-0.005279	2.128925	-6.990501
7.314297	1.844710	-1.812787	7.704367	1.306703	-2.221399
7.314297	1.844710	-1.812787	7.652700	2.465336	-1.363365
7.105443	-4.124231	-5.411326	6.550691	-4.013035	-4.841033
7.105443	-4.124231	-5.411326	7.832625	-4.319762	-5.199696
7.583698	-3.322219	-7.642546	7.455403	-2.682803	-8.096055
-6.026289	-3.084433	0.614790	-6.050054	-3.516349	-0.027570
-6.026289	-3.084433	0.614790	-5.308480	-3.118569	0.924301
-8.208961	-4.840801	-7.343205	-8.487538	-5.027534	-6.615846
1.466167	7.329943	5.108702	1.544413	7.886513	4.541369
-1.252929	-8.088989	-8.733414	-0.657017	-7.595442	-8.863967
7.984062	-2.092492	-0.132305	7.745914	-2.027228	0.670174
3.786713	5.585734	-8.818294	4.063555	5.019898	-9.258454
8.254635	-0.079549	-0.694662	7.855125	0.062748	-1.346870
8.374483	2.459278	-1.034913	7.652700	2.465336	-1.363365
-4.687214	-9.073773	-4.783339	-5.129966	-9.513349	-4.237730
-8.251677	-6.458100	-3.204214	-8.181948	-5.863581	-3.745769
-8.251677	-6.458100	-3.204214	-8.151103	-7.218960	-3.058929
3.257766	-8.198649	0.889701	2.689465	-8.653575	1.133569
5.006424	-6.050398	0.273398	4.399843	-6.156147	0.706034
5.006424	-6.050398	0.273398	5.164249	-5.271214	0.331579
1.754792	7.662353	3.178338	1.767571	8.043687	2.523153
-3.912782	-4.120627	1.580734	-3.704704	-4.561609	0.978497
-6.905106	-0.990363	-8.350421	-6.404342	-1.160807	-8.853893
-6.905106	-0.990363	-8.350421	-6.999703	-1.262342	-7.629556
-7.999058	1.298270	-0.465249	-8.316230	0.672207	-0.189454
-7.999058	1.298270	-0.465249	-7.675777	1.826302	0.040989
8.144736	-8.880713	-5.700494	8.430774	-8.620911	-6.412142
8.144736	-8.880713	-5.700494	7.305101	-8.783742	-5.718215
-4.577045	0.125648	5.667012	-5.208314	0.049864	5.140584
-4.577045	0.125648	5.667012	-3.869495	0.289995	5.429015
-3.076193	5.774470	6.995871	-3.206178	6.262472	7.629726
-9.056609	7.974481	-3.587911	-8.670859	8.193152	-2.961919
8.193607	-6.863681	-4.741097	7.691221	-7.060288	-4.176852
8.155620	-7.873558	-6.518106	8.430774	-8.620911	-6.412142
8.155620	-7.873558	-6.518106	8.450211	-7.276484	-6.031208
8.925393	8.792763	4.934092	8.618986	8.063613	4.983481
3.565614	3.933101	4.559860	4.202977	3.512212	4.769520
-0.256479	8.118632	6.900766	-0.410081	7.557885	7.375593
0.562316	6.002943	7.059325	0.954193	6.065949	7.770278
0.562316	6.002943	7.059325	-0.232905	5.745794	6.976257
4.244343	-8.058006	1.807488	4.285364	-7.333677	2.086618
3.378899	-6.402444	2.209755	3.563698	-5.631793	2.491078
-6.217035	-4.878590	-2.649719	-5.691937	-4.174265	-2.596368
-6.217035	-4.878590	-2.649719	-6.554915	-5.111194	-1.962623
-7.192090	-0.108391	-5.990104	-6.702040	-0.364597	-6.607163
-4.635723	0.546813	-7.208680	-4.013477	1.048834	-7.238314
5.795732	-4.792289	-6.431921	5.459442	-5.539901	-6.492521
-5.654732	-6.450999	5.772495	-5.003648	-6.547764	5.341085
5.076055	-8.769573	7.453874	4.315986	-8.578543	7.191378
5.076055	-8.769573	7.453874	5.353766	-9.433245	7.917323
-6.406683	-2.778040	-4.350279	-6.361628	-2.174264	-4.830871
5.697229	-6.597259	-0.881312	5.601045	-7.280340	-1.214217
-2.049576	-4.718873	0.440766	-2.635508	-4.156305	0.198079
-2.049576	-4.718873	0.440766	-1.675367	-5.177909	-0.212913
-2.049576	-4.718873	0.440766	-1.760456	-4.895818	1.237635
-7.487546	0.213929	1.672066	-7.168875	-0.390232	1.249450
-7.487546	0.213929	1.672066	-7.008762	0.825603	1.777612
6.445616	-5.268458	-4.987187	6.367256	-5.758700	-5.636705
5.177666	8.935366	-6.902928	4.427170	9.109702	-6.657145
3.095640	-5.957388	-6.986775	2.447280	-5.497111	-7.136022
3.095640	-5.957388	-6.986775	3.730609	-5.545566	-6.831458
3.044185	-2.835961	-7.355633	2.763030	-2.553071	-6.654396
-6.295718	-0.966392	6.286249	-6.909578	-1.471655	6.198130
-6.295718	-0.966392	6.286249	-6.029658	-0.453752	5.717433
-7.133411	-4.299226	5.807072	-7.155685	-5.012613	6.125308
1.198479	5.952676	0.048146	0.629503	5.462386	0.148244
1.536242	6.808083	-1.703146	1.219344	6.317223	-1.271308
-1.571681	1.688171	0.405847	-1.219304	1.453995	-0.267115
-4.577874	1.911822	1.128900	-4.951219	1.176970	0.958205
-0.623995	-2.350828	4.954088	-0.528408	-3.211413	5.078682
-1.384749	2.995290	-8.199884	-1.125873	3.713117	-7.876713
-3.832066	8.187740	-6.299445	-3.776027	7.436925	-6.109276
-8.628939	-3.192576	3.379011	-8.355753	-3.385752	2.639572
-6.909578	-1.471655	6.198130	-7.085121	-2.119389	5.740389
7.745914	-2.027228	0.670174	7.245021	-1.402795	0.888586
-7.467207	4.488092	4.732517	-6.962017	5.024162	4.505199
-7.467207	4.488092	4.732517	-7.150282	3.760386	4.529050
2.862158	3.967412	-3.105670	2.812733	3.461476	-2.436681
2.862158	3.967412	-3.105670	2.284487	4.384524	-3.532196
2.473629	4.237482	6.694510	3.027143	4.171046	7.245156
1.571754	5.040497	6.029260	1.508524	5.809943	6.067717
-0.117843	4.439910	7.499349	-0.598325	4.226809	8.110887
-3.767212	-2.122691	8.175685	-3.127728	-1.880335	7.781917
-3.767212	-2.122691	8.175685	-3.790338	-2.239167	8.959354
-3.754115	-1.719361	6.133550	-3.830345	-1.173547	6.737396
3.744027	-4.250875	-4.410835	4.479861	-4.546972	-4.323378
-8.004368	0.006074	-0.458477	-8.316230	0.672207	-0.189454
-8.004368	0.006074	-0.458477	-7.642211	-0.441905	-0.003099
-6.437217	-1.130843	-2.261487	-7.214862	-1.101249	-2.077906
-7.908022	4.630003	-3.427724	-7.133950	4.628449	-3.110136
-7.908022	4.630003	-3.427724	-8.204270	5.204670	-3.992114
3.660315	-3.690876	2.409817	3.952020	-2.904004	2.512274
-0.208552	0.062090	0.045499	-0.720535	-0.570369	0.237174
-0.208552	0.062090	0.045499	0.417226	0.227918	0.617218
-0.208552	0.062090	0.045499	-0.159152	0.583714	-0.541351
0.491571	4.490550	-1.499143	0.706492	3.842512	-1.822791
-1.558880	1.993347	-3.259690	-2.076130	1.461503	-3.519094
-0.656210	-3.638681	8.490898	-1.190800	-3.682358	7.931087
6.523397	-1.344158	-0.786193	6.640804	-0.513891	-0.962039
6.780702	0.417436	0.572992	6.745814	1.035404	1.046937
3.231106	1.810647	-6.671138	2.975844	1.778442	-5.944951
2.975844	1.778442	-5.944951	3.073018	1.209285	-5.377282
0.963804	-3.082288	-2.052732	1.592402	-2.623499	-2.235096
-6.536350	5.951349	7.837339	-6.548282	6.722985	7.807278
-6.023039	5.879661	6.733515	-6.459370	5.385061	6.316433
-3.350131	-7.471909	5.435939	-3.344497	-6.839024	4.993560
-3.350131	-7.471909	5.435939	-3.997714	-7.510848	5.844430
8.168935	-0.547753	1.513848	8.939907	-0.547717	1.326058
-5.129966	8.646519	-4.237730	-5.042707	8.604030	-3.424057
-2.743798	1.960189	0.388368	-2.973274	1.733758	-0.357044
-0.125187	-0.190864	3.643458	-0.559510	0.320393	4.052201
-0.125187	-0.190864	3.643458	-0.133565	-0.796405	3.273466
5.995641	5.973411	-5.884214	6.358002	6.311980	-5.253310
-1.157357	-3.606291	5.364893	-0.528408	-3.211413	5.078682
-4.849123	-2.506057	4.723828	-4.923106	-1.726431	4.426827
-0.549791	-2.145779	3.620814	-0.451883	-2.689259	3.071516
4.202977	3.512212	4.769520	3.962785	2.865994	5.172193
8.798087	-1.332194	-6.373819	8.939923	-0.745624	-6.960739
-3.769834	3.749429	8.050164	-4.410235	3.727206	8.492160
5.582061	-2.598674	-6.475945	4.992592	-2.904075	-6.036708
-4.773290	-8.877209	-1.806630	-4.997058	-8.701798	-1.052301
-6.892969	7.169634	7.224436	-6.548282	6.722985	7.807278
-6.892969	7.169634	7.224436	-7.578689	7.267786	6.845774
-6.701477	8.483403	7.129355	-7.553151	8.641729	7.014452
-6.701477	8.483403	7.129355	-6.108070	8.958896	7.440779
2.296970	-8.464473	8.034256	2.534063	-8.847457	7.409912
-2.872955	1.176284	4.129131	-3.006006	1.979160	4.222191
4.086161	-1.091802	-5.903753	4.138371	-0.919930	-6.735302
-2.020328	8.966914	-7.310033	-2.312866	8.548680	-7.659108
0.359171	2.832411	-8.953900	0.270540	3.431765	-8.555660
-8.181948	-5.863581	-3.745769	-8.785287	-5.403926	-3.819068
-6.237940	0.865916	3.600884	-6.708050	1.545024	3.691450
-6.904520	-0.375343	3.509748	-7.627710	-0.504706	3.933922
-3.305257	3.753875	-5.885622	-2.538995	3.669231	-5.965079
-3.305257	3.753875	-5.885622	-3.408631	4.128057	-5.224421
-4.013477	1.048834	-7.238314	-3.404496	0.995919	-7.787854
-6.559018	4.402860	8.965591	-6.576994	5.095103	9.325143
-6.559018	4.402860	8.965591	-6.678975	3.845646	9.519662
-0.689379	5.141147	2.605132	-0.503024	4.764305	3.256544
-1.424714	2.080298	3.581877	-0.804756	1.602224	3.541017
-2.685677	1.954543	-4.658804	-3.404066	1.743083	-4.823094
5.299415	4.717086	-3.027664	5.744851	4.552306	-2.393038
0.170011	0.363461	-1.240710	-0.159152	0.583714	-0.541351
7.089766	8.723072	0.507373	6.608338	9.297949	0.197671
0.677711	6.550522	8.339419	0.954193	6.065949	7.770278
0.677711	6.550522	8.339419	0.675351	7.296488	8.116420
-6.950078	-8.271290	5.508654	-6.205598	-8.552815	5.568970
-5.288887	-8.901227	-2.990792	-5.042707	-9.555838	-3.424057
1.239965	-8.355633	-8.620858	1.774054	-8.380282	-7.982794
1.444024	5.189439	-7.071368	0.833678	5.157261	-7.586916
8.558741	8.303315	-4.750224	8.504460	7.621518	-5.139252
-2.612591	2.383599	5.362775	-2.331292	3.050991	5.626855
-2.612591	2.383599	5.362775	-2.064256	1.854648	5.477076
6.843670	5.558498	6.991837	7.317290	4.924784	7.105417
3.058059	7.889292	6.955981	3.385430	7.966438	6.214142
3.058059	7.889292	6.955981	3.283748	8.252982	7.634409
4.315986	-8.578543	7.191378	3.951596	-8.297911	6.554020
5.586935	6.343152	8.627938	5.548305	5.833211	7.983360
5.490573	3.339195	1.139216	5.939923	3.022440	1.644897
5.296315	5.019262	4.264576	5.164900	4.226949	3.984438
8.893813	4.559886	-0.477694	9.075566	4.201693	0.233877
-1.737147	-1.946124	4.301765	-2.139849	-1.400024	3.992464
-5.039553	8.338017	-6.877459	-4.782851	8.642070	-7.636873
-5.039553	8.338017	-6.877459	-5.641553	7.897013	-6.684806
6.792351	-4.100880	4.197422	6.502117	-3.929448	4.932037
4.277103	8.626486	1.457530	4.887409	8.961102	1.844292
-2.172036	-6.998338	-4.297616	-2.396195	-6.721802	-5.022929
-8.431453	-4.997329	5.257704	-8.104123	-4.299034	4.997854
-4.216282	7.831339	7.153372	-4.476521	8.159828	7.869488
-2.825205	0.826133	8.470876	-3.504129	0.708888	8.945958
6.999312	-0.646599	7.225116	6.823613	-0.943090	7.922565
-3.805703	0.947960	5.023390	-3.869495	0.289995	5.429015
-5.269246	-5.584351	-4.053034	-4.713010	-5.067464	-3.750527
-5.269246	-5.584351	-4.053034	-5.796408	-5.853006	-3.604309
-2.041545	4.338901	-6.015591	-2.538995	3.669231	-5.965079
-5.722103	1.320173	5.108781	-5.291274	2.005284	5.182742
1.443647	0.720090	-8.269363	1.178927	1.170008	-8.935088
-7.807773	1.010587	8.548481	-7.191936	0.556634	8.738482
-8.499689	8.397136	2.715379	-8.184903	8.844524	3.264185
-8.499689	8.397136	2.715379	-9.101900	8.639216	2.314885
-2.592168	4.470750	-1.820723	-2.305293	4.816590	-1.148995
-1.856463	-6.873509	7.975124	-2.431685	-7.311317	8.414140
-8.479337	4.400768	0.744570	-9.084302	4.201693	0.233877
-3.198340	-1.774127	0.454566	-3.838563	-1.898273	0.890595
2.164227	-0.144700	8.110096	1.702499	0.136227	7.565175
-8.902544	-1.235991	1.052118	-8.629073	-1.232574	0.295325
-8.902544	-1.235991	1.052118	-9.219961	-0.547717	1.326058
1.693504	2.474818	2.183178	1.680331	1.800178	2.622745
-7.417587	-1.701278	-0.268414	-6.695561	-1.667914	0.025399
-7.133950	4.628449	-3.110136	-6.958205	4.615971	-2.281749
8.429010	3.478561	-6.375436	9.038427	3.806396	-6.046880
0.936796	1.485950	2.559950	0.206447	1.889344	2.686381
0.936796	1.485950	2.559950	1.680331	1.800178	2.622745
-6.029658	-0.453752	5.717433	-6.155004	0.418891	5.810874
0.322205	-4.567664	-7.800022	0.858002	-4.419055	-7.288875
-3.344497	-6.839024	4.993560	-3.641262	-6.254614	5.350750
-3.534393	4.033825	0.631061	-3.694492	4.112237	1.397607
-2.619689	4.871668	0.205238	-2.772565	5.084158	-0.551660
-6.215235	4.970245	1.455746	-6.330383	5.666999	1.832863
-2.119362	-6.388792	-6.940694	-2.197710	-7.116577	-7.231260
3.894583	4.328217	-8.975288	4.063555	5.019898	-9.258454
-1.714397	0.596926	-8.831318	-1.539870	-0.198710	-9.039969
7.350767	-5.638539	-7.296313	6.973815	-4.917826	-7.302273
6.367256	-5.758700	-5.636705	6.826414	-6.158694	-6.116427
-2.826790	-4.807429	-2.882729	-2.957685	-5.530850	-3.178286
-8.621605	3.269393	-1.471566	-7.879406	3.259237	-1.141415
-1.750890	-1.652170	-9.017709	-1.786593	-1.735774	-9.873774
-7.423944	8.162207	-5.124755	-7.966098	7.575512	-5.124447
-7.423944	8.162207	-5.124755	-6.747663	8.485216	-5.316107
2.047815	4.255540	4.949776	2.320551	3.827562	4.339274
-0.235700	8.431778	8.268109	-0.616496	8.403195	8.943383
-8.635768	4.990533	2.004923	-7.951653	4.865969	2.387737
-7.951653	4.865969	2.387737	-7.672349	4.202401	2.615414
7.466450	-4.140124	-1.550535	6.758562	-3.750911	-1.555593
-3.861618	-0.625369	2.208427	-3.487460	-0.399772	2.822397
-1.955641	6.477545	3.858851	-1.943433	7.274560	3.751600
-2.371181	6.944589	-7.511229	-2.326511	7.202386	-6.751695
-4.736410	7.878112	-3.235133	-5.042707	8.604030	-3.424057
-3.458276	5.096899	-8.766595	-3.204515	5.074010	-7.980628
7.683285	1.217262	-9.020246	7.500687	1.825628	-9.592901
0.958629	7.569092	-5.755599	0.719875	7.506557	-6.536740
0.958629	7.569092	-5.755599	1.339602	8.265929	-5.486208
0.958629	7.569092	-5.755599	0.845988	7.003830	-5.192918
1.881940	3.241570	4.171662	2.320551	3.827562	4.339274
5.057060	1.052868	-4.793215	4.461262	1.503108	-5.042736
5.057060	1.052868	-4.793215	5.574758	1.260771	-4.165876
-2.015928	1.218356	6.731864	-2.693544	1.318298	7.184005
4.950151	-3.937712	4.334529	4.439741	-3.371834	4.201264
2.649204	-1.825232	-1.023863	3.030166	-1.130694	-1.026681
-3.997714	-7.510848	5.844430	-3.883794	-7.250028	6.566015
-8.898978	0.115010	-2.455999	-9.219746	0.729720	-1.987001
-8.671638	1.330812	-1.723546	-9.219746	0.729720	-1.987001
-8.671638	1.330812	-1.723546	-8.816016	2.055795	-2.032321
-6.322459	1.647953	0.004921	-5.843675	1.037894	-0.093379
-8.524746	4.951634	-4.743494	-8.204270	5.204670	-3.992114
-0.633547	-7.099438	0.882485	-0.184911	-7.366758	0.259349
-0.439136	-5.381198	3.029716	-0.633125	-6.074690	3.294176
7.831432	-7.451440	-3.503609	7.691221	-7.060288	-4.176852
6.801764	8.734120	-5.760567	7.305101	9.376126	-5.718215
6.050946	2.029131	8.709925	6.734715	1.867689	8.256952
6.050946	2.029131	8.709925	6.027049	2.780758	8.993093
6.050946	2.029131	8.709925	5.565252	1.356291	8.740746
5.835168	5.592603	-1.419810	5.237237	6.158211	-1.491797
3.203179	-0.146963	3.220346	3.463688	0.092955	2.484124
-7.169315	-1.084543	7.478777	-7.300630	-1.342019	8.219048
-8.520713	2.312562	-6.798713	-8.340006	3.039835	-7.128973
6.734715	1.867689	8.256952	7.500687	1.825628	8.566967
6.181151	2.219263	6.912376	5.489098	2.037348	6.586667
-3.477937	3.205061	-3.217150	-2.843391	3.380581	-2.649347
-5.588408	3.199909	-2.693281	-5.202983	2.698074	-2.280721
-0.554395	2.257086	-5.683333	-1.080312	2.788944	-5.380684
0.620257	2.344018	-3.829832	1.036603	2.398683	-4.391709
0.620257	2.344018	-3.829832	0.078847	2.942440	-3.640412
0.620257	2.344018	-3.829832	0.611532	1.748793	-3.325882
-4.782851	8.642070	-7.636873	-4.138248	8.438678	-8.059093
-4.989164	7.090983	3.876706	-4.808150	7.228331	4.656061
-6.176638	7.401539	5.652003	-5.892926	7.919333	5.151672
7.326170	6.217434	8.067243	7.891662	5.671514	8.114782
6.027049	2.780758	8.993093	6.366070	3.109133	9.655538
6.027049	2.780758	8.993093	5.599124	3.335383	8.561661
7.659467	6.758281	-0.654743	7.073751	6.471852	-0.207571
7.091134	8.608825	-1.532058	7.506520	9.155429	-1.909080
7.304174	0.488203	2.791659	6.869104	1.033857	2.486459
4.724096	3.607627	-3.404318	4.059318	3.671660	-3.804019
-2.041300	7.310325	-1.831954	-1.627993	6.996202	-2.427260
7.917885	5.147191	-5.911865	8.339408	5.684284	-6.335807
1.027219	-1.437379	4.318888	0.868612	-1.865761	5.027870
-7.503017	-8.713610	-7.548372	-7.220207	-9.459352	-7.647922
1.569807	-8.632031	-7.234920	1.774054	-8.380282	-7.982794
3.219197	8.284046	4.304524	3.242265	7.610482	3.951935
0.598626	-7.197193	0.174828	-0.184911	-7.366758	0.259349
-0.318811	-5.236943	7.361378	-0.524585	-5.321398	8.100093
3.649527	-8.585599	-4.898507	2.999762	-8.769662	-5.343986
-3.699847	0.008106	0.384302	-3.664417	0.275492	1.116341
3.596656	1.514889	-3.440853	3.431305	1.719308	-4.152348
3.901818	0.311768	-3.024608	4.529252	0.105825	-3.458590
-6.538236	-5.575474	8.845337	-5.981711	-5.319225	8.395041
-2.537484	-1.083721	6.786229	-2.526864	-0.311479	6.693908
-7.351269	8.842540	-3.974269	-6.624508	9.064550	-4.138084
7.720834	-1.865523	8.130606	8.234215	-1.516400	8.670757
4.172831	5.287209	-2.920692	3.688817	4.915284	-3.379798
0.954193	6.065949	7.770278	1.621695	5.676314	7.988170
0.139997	-7.164340	-7.615412	0.270862	-6.333551	-7.542783
-7.966098	7.575512	-5.124447	-8.114856	7.190544	-4.437116
-4.486667	5.516259	5.670720	-3.909027	5.101348	6.047660
5.429900	7.965771	3.415910	5.133209	8.628132	3.751647
3.517579	-1.668214	4.238027	3.174637	-1.512195	3.513966
3.517579	-1.668214	4.238027	2.920077	-1.682924	4.813399
1.178927	1.170008	-8.935088	0.421682	1.203452	-9.238620
-5.885347	0.647974	6.562568	-6.155004	0.418891	5.810874
8.571472	4.490540	-2.645490	8.404177	5.267169	-2.434185
1.892922	8.587485	4.698309	1.544413	7.886513	4.541369
-3.094964	-8.000723	-0.950477	-2.491154	-7.839937	-0.506212
8.136401	6.714275	-8.272078	7.601561	7.329599	-8.504584
8.666882	7.402151	6.255738	8.171151	6.787310	6.369669
-2.305293	4.816590	-1.148995	-2.772565	5.084158	-0.551660
-1.255083	5.759106	-1.225579	-1.197082	5.777149	-2.000234
4.176682	-0.321593	2.261378	3.463688	0.092955	2.484124
4.836769	-4.509498	-3.574459	4.479861	-4.546972	-4.323378
-8.667352	-2.049234	4.305806	-9.403654	-2.130263	4.707205
-3.145704	3.683281	-4.522526	-3.408631	4.128057	-5.224421
2.572433	0.551148	-5.435563	3.073018	1.209285	-5.377282
6.907878	-4.438202	5.456134	6.502117	-3.929448	4.932037
-6.454409	2.200242	3.238288	-6.708050	1.545024	3.691450
6.903472	-0.197924	-8.414409	6.396609	0.250223	-8.125797
6.643158	7.496781	-1.976435	5.934400	7.357407	-1.559939
1.913157	6.617573	-4.355548	2.480018	7.132816	-4.651900
-2.196388	-5.191872	6.852684	-1.427255	-5.098702	6.582858
-4.402167	3.195193	-0.152745	-5.102934	2.899970	0.237629
-2.316491	7.647379	6.238569	-2.490723	8.056823	5.578639
-1.473892	-4.038670	2.452636	-1.665095	-3.265252	2.527212
8.642260	-6.866949	5.994525	8.705982	-6.446604	6.657955
-7.592824	-7.276198	6.021361	-7.425863	-7.393467	6.775355
-8.629073	-1.232574	0.295325	-9.179929	-1.271909	-0.306509
5.939923	3.022440	1.644897	5.771739	2.947636	2.454270
-8.091583	-7.125817	1.805475	-7.568195	-7.417852	1.328790
3.370442	-0.899837	-0.378509	3.030166	-1.130694	-1.026681
4.678835	-2.780807	2.852374	3.952020	-2.904004	2.512274
2.858131	3.022346	-5.228120	3.308886	2.879345	-4.590922
2.164569	-8.402772	1.715113	2.689465	-8.653575	1.133569
-8.862814	2.112570	7.586741	-8.329246	1.539755	7.410844
-3.506587	4.464224	5.705154	-3.909027	5.101348	6.047660
-8.926583	-7.562336	-2.072038	-9.688550	-7.408404	-1.900154
4.781962	2.270543	-2.917864	5.421463	1.797176	-2.935121
-8.664326	-7.427569	3.689368	-8.094111	-7.617120	3.147587
0.680891	-8.515007	-1.243142	0.049274	-8.885045	-0.974470
-0.895624	4.917864	-8.822799	-1.627696	4.669184	-8.712825
8.994101	-6.622097	-0.248452	8.514310	-6.741527	0.417676
-8.737531	7.283447	-8.075574	-8.293322	7.675367	-8.667292
-0.160332	-4.875906	8.651458	-0.524585	-5.321398	8.100093
5.164900	4.226949	3.984438	5.258664	4.083487	3.202807
-6.391509	8.241993	-6.644156	-5.641553	7.897013	-6.684806
3.079123	-8.757436	-8.084798	3.200618	-8.879470	-7.382146
-3.251328	3.776303	1.891743	-3.694492	4.112237	1.397607
-7.264597	3.430615	7.161406	-7.265412	2.718057	7.546007
3.188047	-0.637552	8.521722	3.222960	-0.889377	9.319796
4.565104	-7.688845	-8.983081	4.066137	-8.279513	-9.265408
4.109292	-8.949234	-8.858499	4.066137	-8.279513	-9.265408
4.824551	8.864905	-8.932387	4.866809	8.453485	-9.672730
6.996011	-9.017503	8.683456	6.735094	-8.813522	9.394628
3.626706	2.263623	9.066593	3.357942	2.804479	9.635593
4.824020	-3.951160	-8.543274	4.712949	-3.900190	-9.326400
4.427170	-9.050166	-6.657145	4.337762	-9.463153	-5.954189
2.306084	-8.787496	2.396419	2.260739	-9.534537	2.226952
0.591004	8.780256	1.193392	0.654475	9.581412	1.355354
-2.787500	2.468852	8.873702	-3.193503	2.498294	9.572260
-1.714397	0.596926	-8.831318	-2.161192	1.164549	-9.278065
-7.268508	-8.570126	-8.765594	-6.744535	-9.112006	-8.873896
-6.008270	9.016324	8.939118	-6.744535	9.047862	9.285973
-6.412573	6.818088	-8.988655	-6.172554	6.939208	-9.737640
-1.760599	8.989574	7.618343	-1.949922	9.518617	8.255400
-1.392914	8.716043	9.059901	-2.044176	8.233932	9.280730
-2.623477	8.042838	8.760970	-2.044176	8.233932	9.280730
5.718230	8.941744	1.836487	6.090226	9.634508	1.453058
8.784512	-8.951767	-1.198017	9.433701	-8.526108	-0.871648
2.689465	-8.653575	1.133569	2.542833	-9.360243	0.931003
-8.883100	6.880622	4.986962	-9.300149	7.465188	5.415058
0.272797	9.064784	-7.250032	0.536482	9.764660	-6.942804
8.835854	-7.463310	-8.111304	9.085252	-6.724992	-7.921039
8.724703	-6.218786	-7.408029	9.085252	-6.724992	-7.921039
8.997247	-6.206255	-6.629857	9.705128	-5.839351	-6.468730
-0.616496	8.403195	8.943383	-0.169121	8.018970	9.427460
0.263224	4.147758	-8.897437	-0.417733	4.427291	-9.285073
-0.895624	4.917864	-8.822799	-0.417733	4.427291	-9.285073
8.931038	-4.917745	0.714012	9.287312	-4.744964	1.365693
9.011737	-4.289233	1.967127	9.287312	-4.744964	1.365693
8.946646	-6.387613	1.655018	9.761860	-6.377892	1.776541
-8.799863	-5.333419	-0.485402	-9.105368	-4.691168	-0.052004
-4.773290	-8.877209	-1.806630	-4.326025	-9.586462	-1.709259
-1.766228	-8.701916	-3.740200	-1.635864	-9.252383	-3.244451
-1.281206	-4.698852	-8.953620	-0.698889	-4.335704	-9.381298
8.245986	8.263453	7.258796	8.337359	9.085575	7.174887
8.321077	-8.768674	0.875084	7.909533	-9.376465	0.481703
-4.595192	8.780492	1.925326	-4.562987	9.460133	2.335498
-4.506864	8.900616	4.393302	-5.090554	9.128280	3.995525
-5.209826	8.874587	3.260239	-5.090554	9.128280	3.995525
-4.892324	-8.493764	5.772675	-4.463354	-9.206501	5.652688
6.981529	-8.415116	2.870202	7.108194	-9.201171	3.048208
9.011737	-4.289233	1.967127	9.342568	-3.649569	2.045033
0.359171	2.832411	-8.953900	1.050681	2.787793	-9.401270
1.603173	2.322950	-9.041995	1.050681	2.787793	-9.401270
-6.624508	9.064550	-4.138084	-6.199614	9.657752	-3.865916
-3.083366	8.541131	-4.191510	-2.984916	9.324005	-4.132558
-3.744997	-8.812700	8.466212	-3.921611	-9.586171	8.360587
-2.873031	-7.362046	-8.366081	-2.886520	-6.987769	-9.103946
5.401187	8.971394	-8.331509	5.972526	9.546340	-8.600503
1.524544	8.906604	7.004306	2.109708	9.287435	6.732151
8.853688	7.749315	0.533736	9.664467	7.734183	0.456749
-1.444464	8.868361	-5.270482	-1.022548	9.423468	-4.919357
3.254578	-8.852615	-1.259521	3.792275	-9.445763	-1.049213
2.057993	8.678835	-1.516879	2.639840	9.137246	-1.765832
1.683833	8.877422	-0.834236	1.336632	9.546518	-0.782836
2.384354	0.202995	8.780250	2.295108	-0.068055	9.532079
-8.785287	-5.403926	-3.819068	-9.120615	-5.173384	-3.060222
-8.804436	6.308383	-8.857801	-8.859196	6.507878	-9.666508
8.561796	5.709642	7.732225	9.184435	5.816066	8.107172
3.079123	-8.757436	-8.084798	3.513006	-9.216829	-8.462965
4.109292	-8.949234	-8.858499	3.513006	-9.216829	-8.462965
-2.427971	9.055448	-0.275220	-2.527978	9.770466	0.060301
-0.913545	8.678242	3.296086	-0.805885	9.468138	3.349755
3.711349	-8.760108	3.528757	3.705928	-9.293058	4.136647
-1.539870	-0.198710	-9.039969	-0.955829	-0.396251	-9.601976
7.352974	-8.827871	-8.237263	7.659994	-9.541519	-8.084099
-1.878072	8.323746	5.185901	-1.718057	9.100387	5.169424
-3.746599	-8.422167	-8.357279	-3.583158	-9.141759	-7.927859
6.630619	-8.705783	-0.573944	6.480050	-9.297100	-1.077695
-4.596386	-4.047101	8.519412	-4.245469	-4.027736	9.242897
-3.255469	-8.588396	4.267877	-3.743156	-9.221076	4.269012
-8.471893	8.866944	0.863844	-8.056603	9.294991	0.317863
-8.635768	4.990533	2.004923	-9.389056	5.025007	2.291229
8.963098	6.231504	5.161074	9.276768	6.880622	4.986962
-3.746599	-8.422167	-8.357279	-4.110198	-8.507419	-9.082879
-0.549782	8.788033	7.227096	-1.195578	9.123210	7.069544
-1.760599	8.989574	7.618343	-1.195578	9.123210	7.069544
-0.157616	8.438043	5.604873	-0.419086	9.208005	5.682362
0.421983	-8.558375	7.659399	-0.066250	-9.167327	7.766398
-0.604835	7.355211	-8.612453	-0.748359	6.796714	-9.183791
-0.336235	6.216531	-8.923175	-0.748359	6.796714	-9.183791
-6.136936	-6.823747	-8.873830	-6.645460	-6.362376	-9.326014
9.038427	3.806396	-6.046880	9.511402	4.109269	-6.616788
5.266580	-7.564676	8.873229	4.565104	-7.688845	9.176787
-7.670233	8.779297	-4.688337	-8.142492	9.297001	-4.946629
4.482678	-8.615903	0.547997	4.379422	-9.404665	0.653939
-4.994876	-5.490552	-8.971130	-5.421495	-4.989304	-9.407356
-0.253001	-2.403726	-9.009022	-0.232208	-2.948439	-9.587625
1.505361	-6.209983	9.043544	1.526509	-6.098644	9.834007
-3.790338	-2.239167	8.959354	-3.496412	-2.980508	9.216605
-0.596922	-8.330232	1.554600	-0.789904	-9.131248	1.410954
9.051287	6.172084	0.557419	9.672922	5.795464	0.901945
-8.720293	-8.501092	-3.175878	-9.265473	-8.309613	-3.743171
-9.025574	-8.229618	-4.454426	-9.265473	-8.309613	-3.743171
-4.745386	-8.375706	-5.842362	-4.664458	-9.112128	-5.595659
-4.687214	-9.073773	-4.783339	-4.664458	-9.112128	-5.595659
1.178927	1.170008	-8.935088	1.716982	1.627918	-9.260488
1.603173	2.322950	-9.041995	1.716982	1.627918	-9.260488
2.577821	3.839866	-8.908648	2.022119	4.000363	-9.414567
-1.627696	4.669184	-8.712825	-2.296158	4.693488	-9.227015
8.696614	-7.288059	-5.204336	9.312576	-7.624380	-4.899284
7.965448	-7.220325	-9.064804	8.410058	-6.809583	-9.607678
-6.975902	-5.057688	-8.873949	-7.399878	-4.540283	-9.300108
-4.782851	8.642070	-7.636873	-5.126919	9.250648	-8.005060
-8.844796	-2.171470	8.379892	-9.377609	-2.040162	8.889338
8.676867	-2.349080	-8.602784	8.782259	-2.040162	-9.270530
8.913863	-2.941542	-4.801370	9.328372	-2.280330	-4.977633
6.007023	8.817426	-5.688179	5.642570	9.179438	-6.333886
5.177666	8.935366	-6.902928	5.642570	9.179438	-6.333886
4.237097	-8.609473	5.180868	4.343392	-9.190744	4.676420
-8.665194	4.484656	8.552101	-9.121323	3.957279	8.201189
-8.807578	3.518903	7.589024	-9.121323	3.957279	8.201189
9.064999	2.745289	-8.261950	9.686349	3.154940	-7.940667
8.339408	5.684284	-6.335807	9.097880	5.379221	-6.444687
8.858152	-8.874054	-7.006138	8.760627	-9.591497	-7.379680
-8.930602	-3.916947	-2.402159	-9.287773	-4.385342	-2.933468
8.514413	2.594168	-4.565054	9.135160	3.150414	-4.711470
9.050840	3.786136	-5.223164	9.135160	3.150414	-4.711470
8.395021	3.041958	-8.583624	8.239093	3.050322	-9.396302
4.080175	-1.998276	-8.520331	4.662320	-1.997349	-9.117724
5.351295	-1.624987	-9.065294	4.662320	-1.997349	-9.117724
8.891137	8.528579	-8.846103	9.314658	7.886617	-9.181970
-8.293322	7.675367	-8.667292	-8.845210	7.886617	-9.181970
7.846191	-3.487633	8.396477	7.976688	-3.426245	9.148182
7.244523	-7.278187	8.894607	7.965448	-7.220325	9.095065
8.790989	-3.879031	-6.109477	9.404832	-4.425899	-6.146126
-8.408059	7.306240	-5.695072	-9.182061	7.478313	-5.733420
-4.251789	-0.344387	-8.690793	-4.082502	0.155033	-9.303181
-3.458276	5.096899	-8.766595	-2.835660	5.278875	-9.089469
-6.602600	8.746091	-6.054193	-6.697231	9.564089	-6.187436
-8.985282	0.775687	2.973314	-9.569563	0.885083	2.476772
8.784512	-8.951767	-1.198017	8.837129	-9.782950	-1.192038
-8.753108	8.070757	-1.587891	-9.322739	8.376918	-1.192038
-7.103874	-8.593547	2.953282	-7.377506	-9.263971	3.245990
8.642260	-6.866949	5.994525	9.269428	-7.347508	5.856110
-9.010455	-5.812160	6.685557	-9.261835	-5.193618	6.187162
-8.320328	-7.855672	7.782975	-9.123614	-7.893331	7.764771
8.554164	-4.698740	6.649642	9.143705	-4.397044	7.094327
-8.820656	-1.768043	-4.342280	-9.542473	-1.444778	-4.115887
-8.795461	-0.507952	-1.345941	-9.323314	-0.632451	-0.747552
-3.079966	-5.543360	-9.043362	-2.489868	-5.155798	-9.430911
-2.486389	-3.763906	8.506147	-2.785983	-3.391512	9.163379
3.196346	8.977335	7.574151	3.760448	9.509533	7.677155
6.813689	-5.376124	-9.079383	6.645013	-6.124842	-9.295883
6.647892	-6.833604	-8.969409	6.645013	-6.124842	-9.295883
-7.875502	8.866894	4.959747	-7.633919	9.428259	5.476159
8.982100	-1.117580	2.980214	9.362197	-1.798231	2.954730
-8.909397	0.392738	6.338309	-9.492886	0.603509	5.822268
0.788840	-7.310838	8.761832	0.674999	-7.794464	9.438369
4.506094	6.657635	-8.507697	4.891963	6.679251	-9.262724
2.546182	6.108015	8.908473	3.056419	5.646217	9.304170
-8.585387	-2.894097	-0.473608	-9.089605	-2.476924	-0.861409
8.793381	-6.086935	3.908777	9.410191	-6.664230	3.970583
-6.404342	-1.160807	-8.853893	-6.789340	-1.681651	-9.425970
-3.180031	9.013463	-1.410140	-2.846814	9.757523	-1.544940
-3.169158	-8.544179	2.358064	-3.102982	-9.107871	1.751104
-3.253162	-8.686328	1.084005	-3.102982	-9.107871	1.751104
8.925393	8.792763	4.934092	8.425737	9.265461	5.264524
-8.557839	-8.865036	3.866918	-8.547426	-9.169530	4.588841
8.925393	8.792763	4.934092	9.612442	8.990338	4.588841
8.784754	-2.521734	1.414947	9.249872	-1.873093	1.580588
-8.799863	-5.333419	-0.485402	-9.336906	-5.939872	-0.715080
8.949818	-5.782808	-2.544201	9.670554	-6.124196	-2.519545
3.474169	0.991060	8.693060	3.738847	1.506413	9.242649
3.626706	2.263623	9.066593	3.738847	1.506413	9.242649
-0.453175	8.817932	-7.002230	-1.114239	9.235821	-7.057143
-3.351298	-6.305802	8.933174	-3.079966	-5.543360	9.116506
-7.074098	2.674953	-8.867456	-7.593547	2.331691	-9.359028
-8.665194	4.484656	8.552101	-8.421514	4.325914	9.337715
-4.130643	4.969775	8.978404	-4.433666	4.222994	9.161929
-4.410235	3.727206	8.492160	-4.433666	4.222994	9.161929
5.806113	-7.808062	-8.758435	5.266580	-7.564676	-9.286639
6.996011	-9.017503	8.683456	6.769156	-9.618850	8.272804
1.239965	-8.355633	-8.620858	1.348964	-8.955810	-9.195853
1.198801	8.443743	-9.029292	1.348964	9.204058	-9.195853
8.840134	-4.379863	3.714823	9.435263	-3.880348	3.764601
-8.930602	-3.916947	-2.402159	-9.363619	-3.456797	-1.841431
8.568578	-8.235368	3.367191	9.241180	-8.135485	3.671404
-5.517442	-0.243649	-8.999490	-5.789474	0.263484	-9.578728
1.368090	-2.326696	8.498248	1.075460	-2.075045	9.207810
-3.846915	7.856324	-8.601126	-3.449504	8.163313	-9.288976
-9.053494	-8.865972	1.975760	-9.112206	-8.972458	1.234441
-8.471893	8.866944	0.863844	-9.112206	9.187410	1.234441
9.055810	-2.001172	6.372510	9.483603	-1.431284	6.665985
8.770542	3.587809	2.673719	9.438575	3.137733	2.510921
-4.994876	-5.490552	-8.971130	-4.846806	-6.269409	-9.214722
-7.100597	-2.794794	-8.853652	-7.492644	-3.309952	-9.273485
8.698353	-2.686170	5.307725	9.147442	-2.663436	5.998082
9.055810	-2.001172	6.372510	9.147442	-2.663436	5.998082
1.892922	8.587485	4.698309	1.545688	9.333747	4.644560
-6.298809	8.513799	4.760070	-6.025159	9.249234	4.877183
-8.862814	2.112570	7.586741	-9.648227	2.203419	7.642420
8.162462	-0.846397	-8.267086	8.224209	-0.757558	-9.127357
4.109292	-8.949234	-8.858499	4.824551	-9.294963	-8.932387
8.925807	6.741355	-8.406593	9.355432	6.308383	-8.857801
7.188855	8.836270	5.229749	6.880552	9.205474	5.875229
-8.668853	7.689711	7.485912	-9.348119	7.771313	6.972881
8.144736	-8.880713	-5.700494	8.639843	-9.177924	-5.123365
-8.890609	-8.809181	-4.875882	-9.520025	-9.177924	-5.123365
-8.978421	1.946786	-8.206629	-9.627566	1.666421	-7.910609
0.517607	-5.115696	-8.376186	0.494047	-4.951294	-9.183043
-8.772378	7.344818	-3.947586	-9.191442	6.775641	-3.783291
-8.717160	6.324421	-3.402463	-9.191442	6.775641	-3.783291
0.049274	-8.885045	-0.974470	-0.280368	-9.504188	-1.285950
8.449547	-5.480227	-4.773898	9.108185	-5.146211	-4.517331
7.741537	8.835489	3.446585	8.008792	9.543604	3.680741
8.951765	6.202754	-0.285673	9.670416	6.236794	-0.610495
-7.100405	5.533949	9.067536	-7.586542	5.929384	9.575587
8.267956	-5.273016	-8.388500	8.132790	-5.530835	-9.158168
5.978142	-4.024313	8.698267	6.071851	-4.169648	9.468429
-1.508685	-8.690239	8.935918	-1.392914	-9.443825	9.059901
-7.946416	-8.202755	9.077841	-7.268508	-8.570126	9.394274
-5.093710	8.953587	1.353008	-4.686856	9.567023	1.062300
-6.348471	8.877920	-0.920881	-5.761754	9.414695	-0.739998
9.075248	-3.448252	-4.265457	9.653983	-3.930115	-4.296104
8.875037	-8.874223	8.994204	9.462475	-8.406014	9.372254
-7.946416	-8.202755	9.077841	-8.697393	-8.406014	9.372254
8.314376	-3.094940	7.889969	9.087593	-3.225905	7.689303
8.622668	-6.064083	8.747517	9.339985	-5.833556	8.704331
-8.351946	-6.366810	-9.064602	-8.819883	-5.833556	-9.455537
-8.955229	6.370658	-2.713053	-9.612184	5.958171	-2.716997
-9.025380	6.130599	5.948930	-9.572150	6.131483	6.433201
-7.553151	8.641729	7.014452	-7.828535	9.393914	6.778654
-6.008270	9.016324	8.939118	-5.381447	9.357491	9.387679
-4.905628	-8.275990	9.022946	-5.381447	-8.802378	9.387679
0.448397	6.263669	9.063128	1.034313	6.013673	9.534055
8.875037	-8.874223	8.994204	8.891137	-9.631289	9.313765
-7.100597	-2.794794	-8.853652	-6.568717	-2.421535	-9.289791
3.078196	7.826088	9.011395	3.391538	8.119166	9.670393
-1.462035	2.532310	8.688504	-0.993689	2.590203	9.293924
-8.524746	4.951634	-4.743494	-9.206532	4.501085	-4.857909
5.733284	4.556419	8.456652	6.094575	4.706124	9.194866
-3.768615	8.536908	-0.273053	-4.027433	9.173911	-0.003913
8.705982	-6.446604	6.657955	9.149413	-5.812160	6.685557
-8.799294	0.880555	-4.474579	-9.451064	0.777464	-4.965558
9.015654	-2.690827	-6.771405	9.342143	-2.805253	-7.465922
8.813887	2.831148	0.260242	9.453348	2.531069	0.593743
-8.707024	-8.441211	-7.357603	-9.301716	-8.874054	-7.006138
7.695678	-8.830990	4.860427	7.188855	-9.323598	5.229749
-0.134044	-0.406664	8.655260	0.144465	-0.918123	9.250840
-5.404551	-6.914191	8.984776	-6.136936	-6.823747	9.286038
-8.354390	8.896552	-3.114784	-8.720293	9.658776	-3.175878
-8.621605	3.269393	-1.471566	-9.093734	2.596817	-1.505824
-8.816016	2.055795	-2.032321	-9.093734	2.596817	-1.505824
7.779185	8.550022	-3.721868	7.739417	9.271711	-3.325533
4.834883	8.839406	-2.855299	4.337061	9.407267	-3.135170
0.260924	-8.897217	-3.412917	0.460239	-9.275766	-4.104014
0.409249	-9.001604	-4.863112	0.460239	-9.275766	-4.104014
-9.018287	-2.076456	-6.290843	-9.144214	-2.690827	-6.771405
8.850362	-3.927762	-0.196277	9.349087	-3.364052	0.083679
8.512624	0.098529	5.149843	9.204202	0.045114	4.753047
8.676867	-2.349080	-8.602784	9.102009	-2.293682	-8.011675
-8.893796	-8.124041	-8.059788	-9.324014	-7.463310	-8.111304
3.050946	-8.884054	5.853338	3.039017	-9.654446	5.646942
-3.178224	8.628647	6.735008	-3.082141	9.470470	6.755487
-8.698318	-0.462506	3.101951	-9.177768	-1.117580	2.980214
8.939907	-0.547717	1.326058	9.384909	0.152159	1.433947
8.943768	7.904307	-7.050898	9.516927	7.485460	-7.342028
7.428575	5.183617	-8.892627	7.667468	5.037940	-9.600486
4.770050	3.325927	8.572313	4.371775	3.720385	9.229247
1.569807	-8.632031	-7.234920	1.890675	-9.330101	-7.245140
3.200618	-8.879470	-7.382146	2.644174	-9.353214	-7.175140
-1.051295	9.001439	-2.763949	-1.208739	9.228012	-2.053552
-1.034543	8.741461	-1.458474	-1.208739	9.228012	-2.053552
-8.857429	-1.556580	-7.963776	-9.388672	-1.000416	-7.717035
6.151699	-8.946735	6.237164	5.941853	-9.746297	6.427621
7.601561	7.329599	-8.504584	7.321353	7.364868	-9.253285
2.999762	-8.769662	-5.343986	2.746419	-9.510466	-5.601821
-3.458276	5.096899	-8.766595	-4.130643	4.969775	-9.181464
9.040897	-2.646629	-1.693540	9.298989	-2.016758	-2.225402
8.868369	-1.351276	-2.372133	9.298989	-2.016758	-2.225402
-8.494588	-4.037694	-9.002968	-8.178829	-4.622363	-9.412872
2.185498	6.682683	-8.888843	2.330771	7.445260	-9.126072
2.185498	6.682683	-8.888843	2.546182	6.108015	-9.251395
-7.191936	0.556634	8.738482	-7.313655	0.237514	9.454662
-3.243734	6.558835	-8.529599	-2.903691	6.091018	-9.200948
5.126867	-0.589091	8.438241	5.276631	-0.851903	9.148677
-8.290997	1.590003	-8.398164	-7.909365	1.640833	-9.114901
8.868369	-1.351276	-2.372133	9.137205	-0.597782	-2.137463
-6.197994	-8.697797	0.550475	-5.778251	-9.319585	0.908285
8.506718	0.284943	8.014528	9.194193	0.510587	7.764097
8.681113	3.812297	6.418390	9.345851	3.772185	6.820804
6.140917	-2.401828	-8.383804	5.961245	-2.088229	-9.086150
5.351295	-1.624987	-9.065294	5.961245	-2.088229	-9.086150
8.977207	-0.627271	7.137216	9.379453	-1.218012	7.384135
6.647892	-6.833604	-8.969409	7.244523	-7.278187	-9.265261
8.571472	4.490540	-2.645490	9.253183	4.172870	-2.549566
3.625404	-8.762085	-3.485252	3.005421	-9.143419	-3.144986
2.532835	-8.767371	-2.536948	3.005421	-9.143419	-3.144986
-8.563927	7.148233	3.090781	-9.370094	6.985816	3.090603
-8.881125	-8.163086	5.944666	-9.523621	-8.564172	5.925939
-8.954719	-8.194860	2.304543	-9.550379	-7.902812	2.712667
-0.336235	6.216531	-8.923175	0.448397	6.263669	-9.096740
8.538481	0.950439	0.172005	9.261300	0.799260	0.312253
6.903472	-0.197924	-8.414409	7.020567	-0.051103	-9.169646
-2.923857	8.852786	-6.179506	-3.354291	9.603485	-6.294775
-1.444464	8.868361	-5.270482	-1.936842	9.162126	-5.849760
5.929896	-8.602821	-3.050611	5.573003	-9.315064	-3.219793
8.553018	-4.528874	-8.420705	9.290161	-4.251645	-8.372847
5.565252	1.356291	8.740746	5.367533	0.959489	9.465884
-9.001641	0.104971	7.084944	-9.182661	-0.627271	7.137216
3.906740	-5.900851	8.404984	3.766608	-5.934698	9.210992
4.385726	-8.589660	-5.249395	4.778865	-9.179100	-5.361103
-4.614174	6.770399	-8.719455	-4.860109	6.791125	-9.456286
8.994101	-6.622097	-0.248452	9.597760	-7.158612	-0.375285
2.534063	-8.847457	7.409912	3.196346	-9.182533	7.574151
0.409249	-9.001604	-4.863112	1.025863	-9.149722	-5.387399
1.371626	-8.512514	-5.817094	1.025863	-9.149722	-5.387399
7.683285	1.217262	-9.020246	7.663829	0.417144	-9.241286
8.798087	-1.332194	-6.373819	9.141581	-2.076456	-6.290843
-5.307796	-1.665257	-8.960893	-5.433693	-2.111087	-9.607855
-2.762927	-8.964003	-5.933301	-3.209486	-9.452123	-6.551575
-5.642697	2.559967	-8.953180	-5.382475	2.583221	-9.643227
-8.351946	-6.366810	-9.064602	-7.863108	-6.846290	-9.502404
-8.627110	4.962035	-8.342159	-9.110585	4.833051	-7.732345
-8.935665	4.783688	-6.943072	-9.110585	4.833051	-7.732345
-5.209826	8.874587	3.260239	-5.210439	9.463330	2.705934
-3.504129	0.708888	8.945958	-3.608193	1.242004	9.614185
8.893813	4.559886	-0.477694	9.443857	4.554801	-1.124640
-8.156249	-8.897375	-0.493051	-7.729905	-9.284254	-0.987193
-3.790338	-2.239167	8.959354	-4.115982	-1.663716	9.471057
-0.321519	8.852439	-2.984589	0.260924	9.262651	-3.412917
-9.037975	1.512843	1.439218	-9.649780	1.432765	1.898525
-8.494588	-4.037694	-9.002968	-8.271166	-3.385024	-9.413951
-0.284858	-8.615048	-0.293730	-0.282675	-9.170332	0.263027
0.903441	4.643431	-8.890431	1.491197	4.499371	-9.428660
-6.576994	5.095103	-8.834725	-7.100405	5.533949	-9.092332
-8.017177	-1.273038	8.577540	-7.895225	-1.042702	9.326277
9.064999	2.745289	-8.261950	9.181447	1.946786	-8.206629
-6.108070	8.958896	7.440779	-5.838955	9.639511	6.987801
6.259901	5.933789	-8.655665	6.292008	6.372453	-9.282478
-1.672227	-5.278464	8.750092	-1.281206	-4.698852	9.206248
-8.676145	2.846162	3.803772	-9.296180	3.307869	3.874260
0.421682	1.203452	8.921248	-0.008542	1.575777	9.475745
9.065784	1.656432	-3.285994	9.524033	2.123892	-2.834441
8.963098	6.231504	5.161074	9.134488	6.130599	5.948930
-2.020328	8.966914	-7.310033	-1.580002	9.495553	-7.508317
-8.638120	2.340665	5.042829	-9.403429	2.366649	5.297121
-9.056609	7.974481	-3.587911	-9.664928	8.263449	-3.927780
-8.931727	-3.140863	1.421615	-9.375114	-2.521734	1.414947
9.057968	8.639216	2.314885	9.106374	9.293896	1.975760
7.516708	-5.180867	8.646352	6.813689	-5.376124	9.080485
2.641580	-2.113067	8.515072	2.769565	-2.051689	9.286343
-8.737531	7.283447	-8.075574	-9.234061	6.741355	-8.406593
-8.888479	4.385263	4.826763	-9.347937	4.982401	4.904621
9.065784	1.656432	-3.285994	9.355737	0.968864	-3.640053
-8.520713	2.312562	-6.798713	-9.318729	2.195002	-6.715907
2.233012	-7.239516	8.824932	2.619392	-7.457115	9.548680
2.369826	-4.250889	8.799801	2.515845	-4.307831	9.587311
4.887409	8.961102	1.844292	4.487418	9.481096	2.293056
1.198801	8.443743	-9.029292	1.665096	7.850391	-9.388742
1.524544	8.906604	7.004306	1.130106	9.323522	7.603777
-6.538236	-5.575474	8.845337	-6.975902	-5.057688	9.285919
-0.657017	-7.595442	-8.863967	-0.596645	-7.140206	-9.541169
5.133209	8.628132	3.751647	4.975979	9.394386	3.552349
-6.649919	-8.491306	-2.559239	-6.919031	-9.096625	-2.156877
-1.252929	-8.088989	-8.733414	-1.508685	-8.690239	-9.223950
8.632397	0.377931	-6.318065	9.195028	-0.041436	-6.702907
8.939923	-0.745624	-6.960739	9.195028	-0.041436	-6.702907
5.083411	9.006756	-1.115690	5.003313	9.780256	-0.796944
-8.431453	-4.997329	5.257704	-9.160085	-5.099972	5.438728
-8.888479	4.385263	4.826763	-9.297621	3.767454	4.501299
-8.184903	8.844524	3.264185	-8.557839	9.294832	3.866918
4.063555	5.019898	8.901414	3.786713	5.585734	9.341574
-5.129966	8.646519	-4.237730	-4.687214	9.086095	-4.783339
5.353766	8.726623	7.917323	5.076055	9.390295	7.453874
4.427170	-9.050166	-6.657145	5.177666	-9.224502	-6.902928
-6.576994	5.095103	-8.834725	-6.559018	4.402860	-9.194277
-6.678975	3.845646	-8.640206	-6.559018	4.402860	-9.194277
6.608338	-8.861919	0.197671	7.089766	-9.436796	0.507373
-5.042707	8.604030	-3.424057	-5.288887	9.258641	-2.990792
9.057968	8.639216	2.314885	9.660179	8.397136	2.715379
9.075566	4.201693	0.233877	9.680531	4.400768	0.744570
8.939907	-0.547717	1.326058	9.257324	-1.235991	1.052118
4.063555	5.019898	8.901414	3.894583	4.328217	9.184580
-1.786593	-1.735774	8.286094	-1.750890	-1.652170	9.142159
7.500687	1.825628	8.566967	7.683285	1.217262	9.139622
8.940122	0.729720	-1.987001	9.260890	0.115010	-2.455999
8.940122	0.729720	-1.987001	9.488230	1.330812	-1.723546
7.305101	-8.783742	-5.718215	6.801764	-9.425748	-5.760567
6.366070	3.109133	-8.504330	6.027049	2.780758	-9.166775
7.506520	-9.004439	-1.909080	7.091134	-9.551043	-1.532058
-7.220207	8.700516	-7.647922	-7.503017	9.446258	-7.548372
0.421682	1.203452	8.921248	1.178927	1.170008	9.224781
8.756214	-2.130263	4.707205	9.492516	-2.049234	4.305806
8.979939	-1.271909	-0.306509	9.530795	-1.232574	0.295325
8.471318	-7.408404	-1.900154	9.233285	-7.562336	-2.072038
