-6.4794000952177	-1.64970002424308	-5.26290007734069	-5.68970008361271	-1.46680002155529	-5.21140007658387
-6.42080009435655	-4.34820006389876	2.61900003848739	-5.66380008323209	-4.37140006423969	2.79990004114579
-6.37700009371289	1.72630002536876	1.50510002211812	-5.70820008388457	2.15970003173776	1.56170002294989
-6.34590009325586	-1.44920002129665	-1.7521000257479	-5.62430008265162	-1.76700002596686	-1.72360002532908
-6.28950009242704	-4.37570006430288	-1.05310001547578	-5.53280008130699	-4.53170006659537	-0.962100014138493
-6.21140009127932	5.17260007601369	-1.48790002186536	-5.5945000822137	5.6940000836759	-1.48410002180952
-6.17890009080172	5.10030007495121	2.90550004269763	-5.53450008133197	5.24630007709674	3.37310004956922
-6.15710009048136	-1.29450001902326	-3.20400004708422	-5.4208000796611	-0.910400013378738	-3.19000004687849
-6.12630009002874	1.45040002131428	4.60620006769018	-5.40210007938629	1.40640002066768	4.96830007301141
-6.08890008947913	-5.1939000763267	-5.47330008043261	-5.51940008111007	-5.43100007981099	-4.94550007267635
-6.08000008934834	0.715000010507247	-3.51200005161042	-5.56410008176696	1.05650001552574	-2.96390004355585
-6.02970008860916	-0.751900011049509	0.0226000003321172	-5.35660007871765	-1.19460001755519	0.0985000014475019
-5.99040008803163	2.45020003600679	-2.13950003144092	-5.50220008085731	2.76020004056238	-1.60280002355387
-5.97240008776711	-4.94790007271162	0.753600011074492	-5.2586000772775	-4.7191000693493	1.03800001525388
-5.9570000875408	-1.23900001820766	4.15760006109781	-5.19650007636491	-1.09890001614883	4.41720006491274
-5.89380008661205	-0.578700008504257	1.90570002800512	-5.07270007454561	-0.37590000552402	1.94480002857971
-5.8933000866047	3.47820005111372	4.36190006410009	-5.6306000827442	3.2379000475824	5.1069000750482
-5.88840008653269	4.66470006854987	4.95630007283506	-5.64460008294994	4.37380006427496	5.65190008305722
-5.86060008612416	-3.20740004713419	-2.52610003712218	-5.41810007962142	-3.11090004571608	-1.91110002808448
-5.85650008606391	-3.16250004647436	4.73250006954622	-5.62860008271481	-3.13220004602909	5.48610008062071
-5.85610008605803	0.814500011969444	-4.86100007143459	-5.67730008343048	0.525100007716581	-4.14240006087443
-5.85450008603451	4.56620006710237	0.926400013613865	-5.52810008123792	4.73530006958737	1.60650002360824
-5.85190008599631	0.598600008796697	0.4528000066541	-5.14940007567275	0.783600011515355	0.818400012026757
-5.84840008594487	-2.70020003968066	-0.701900010314737	-5.2586000772775	-2.50310003678418	-0.290000004261681
-5.81950008552017	2.95890004348237	1.58940002335695	-5.69940008375525	3.43620005049651	2.19430003224623
-5.79680008518659	5.16340007587849	-4.02570005915948	-5.31760007814453	5.30050007789324	-3.36830004949869
-5.74020008435483	3.99900005876711	-0.922000013549205	-5.4185000796273	3.9734000583909	-0.190200002795075
-5.73690008430633	-3.01350004428474	1.82290002678834	-5.46860008036354	-3.0481000447932	2.56220003765268
-5.70820008388457	2.15970003173776	1.56170002294989	-5.81950008552017	2.95890004348237	1.58940002335695
-5.69940008375525	3.43620005049651	2.19430003224623	-6.276500092236	3.93310005779868	2.30970003394208
-5.69940008375525	3.43620005049651	2.19430003224623	-4.99810007344933	3.38620004976173	2.5523000375072
-5.68970008361271	-1.46680002155529	-5.21140007658387	-5.24700007710703	-1.83500002696615	-4.63820006816044
-5.67730008343048	0.525100007716581	-4.14240006087443	-6.08000008934834	0.715000010507247	-3.51200005161042
-5.67730008343048	0.525100007716581	-4.14240006087443	-4.97960007317747	0.033400000490828	-4.02930005921238
-5.66380008323209	-4.37140006423969	2.79990004114579	-5.42220007968167	-3.68950005421886	2.98710004389678
-5.66380008323209	-4.37140006423969	2.79990004114579	-5.11350007514519	-4.94620007268664	2.85690004198343
-5.6490000830146	4.245600062391	4.29530006312137	-5.8933000866047	3.47820005111372	4.36190006410009
-5.6490000830146	4.245600062391	4.29530006312137	-5.88840008653269	4.66470006854987	4.95630007283506
-5.64460008294994	4.37380006427496	-5.78800008505727	-5.18900007625469	4.78290007028687	-5.35990007876615
-5.64460008294994	4.37380006427496	5.65190008305722	-5.9593000875746	3.67430005399549	5.71830008403299
-5.64460008294994	4.37380006427496	5.65190008305722	-5.18900007625469	4.78290007028687	6.08000008934834
-5.63710008283972	-2.49290003663429	-1.44320002120847	-5.84840008594487	-2.70020003968066	-0.701900010314737
-5.6306000827442	3.2379000475824	5.1069000750482	-5.9593000875746	3.67430005399549	5.71830008403299
-5.62860008271481	-3.13220004602909	-5.95380008749377	-4.8721000715977	-3.17720004669039	-5.71850008403593
-5.62860008271481	-3.13220004602909	5.48610008062071	-6.2407000917099	-3.00120004410399	5.99760008813743
-5.62860008271481	-3.13220004602909	5.48610008062071	-4.8721000715977	-3.17720004669039	5.72150008408002
-5.62430008265162	-1.76700002596686	-1.72360002532908	-5.63710008283972	-2.49290003663429	-1.44320002120847
-5.5945000822137	-5.74600008444006	-1.48410002180952	-5.46620008032827	-5.29660007783592	-0.832000012226615
-5.5945000822137	5.6940000836759	-1.48410002180952	-5.46620008032827	6.14340009028003	-0.832000012226615
-5.56410008176696	1.05650001552574	-2.96390004355585	-5.49210008070888	0.561500008251495	-2.34040003439323
-5.53450008133197	-6.19370009101921	3.37310004956922	-5.24540007708352	-5.44350007999468	3.48050005114752
-5.53450008133197	5.24630007709674	3.37310004956922	-5.24540007708352	5.9964000881198	3.48050005114752
-5.53450008133197	5.24630007709674	3.37310004956922	-5.23190007688513	4.59360006750502	3.70700005447604
-5.53280008130699	-4.53170006659537	-0.962100014138493	-5.46620008032827	-5.29660007783592	-0.832000012226615
-5.52810008123792	4.73530006958737	1.60650002360824	-5.97790008784793	4.67590006871446	2.27170003338366
-5.52810008123792	4.73530006958737	1.60650002360824	-4.72340006941249	4.95210007277334	1.658200024368
-5.5206000811277	-4.85310007131849	-3.30950004863459	-6.15080009038878	-4.36670006417062	-3.22570004740311
-5.5206000811277	-4.85310007131849	-3.30950004863459	-5.33520007840317	-5.51610008106157	-2.89960004261093
-5.51940008111007	-5.43100007981099	-4.94550007267635	-5.49850008080293	-6.18940009095602	-4.76110006996651
-5.51940008111007	-5.43100007981099	-4.94550007267635	-5.03120007393575	-4.89210007189161	-4.63390006809725
-5.51940008111007	6.00890008830349	-4.94550007267635	-5.49850008080293	5.25050007715846	-4.76110006996651
-5.50220008085731	2.76020004056238	-1.60280002355387	-5.45450008015634	3.55720005227466	-1.49300002194031
-5.50220008085731	2.76020004056238	-1.60280002355387	-5.00060007348607	2.3149000340185	-1.15280001694092
-5.49850008080293	5.25050007715846	-4.76110006996651	-5.79680008518659	5.16350007587996	-4.02570005915948
-5.49210008070888	0.561500008251495	-2.34040003439323	-6.09380008955114	0.570700008386694	-1.80310002649737
-5.46860008036354	-3.0481000447932	2.56220003765268	-5.42220007968167	-3.68950005421886	2.98710004389678
-5.46860008036354	-3.0481000447932	2.56220003765268	-5.25670007724958	-2.40430003533227	2.97090004365871
-5.46620008032827	-5.29660007783592	-0.832000012226615	-5.32390007823711	-5.63010008273686	-0.124400001828114
-5.45450008015634	3.55720005227466	-1.49300002194031	-5.74020008435483	3.99900005876711	-0.922000013549205
-5.42220007968167	-3.68950005421886	2.98710004389678	-5.14160007555813	-3.60560005298592	3.70610005446281
-5.4208000796611	-0.910400013378738	-3.19000004687849	-5.07770007461909	-0.676800009945881	-2.49190003661959
-5.4185000796273	3.9734000583909	-0.190200002795075	-5.78050008494705	3.84820005655103	0.495800007286004
-5.4185000796273	3.9734000583909	-0.190200002795075	-4.64750006829711	4.1297000606878	-0.165000002424749
-5.41810007962142	-3.11090004571608	-1.91110002808448	-5.63710008283972	-2.49290003663429	-1.44320002120847
-5.41810007962142	-3.11090004571608	-1.91110002808448	-4.78910007037798	-3.53660005197193	-1.64660002419753
-5.40210007938629	1.40640002066768	4.96830007301141	-5.19820007638989	2.0092000295261	5.44360007999615
-5.38610007915117	-0.101800001495997	5.71850008403593	-6.02640008856066	0.425000006245566	5.8782000863828
-5.35660007871765	-1.19460001755519	0.0985000014475019	-5.19680007636932	-1.96230002883688	0.281500004136769
-5.34850007859862	-0.941100013829889	-5.72450008412411	-5.68970008361271	-1.46680002155529	-5.21140007658387
-5.34850007859862	-0.941100013829889	5.71550008399185	-5.68970008361271	-1.46680002155529	6.22850009153061
-5.34850007859862	-0.941100013829889	5.71550008399185	-5.38610007915117	-0.101800001495997	5.71850008403593
-5.33520007840317	-5.51610008106157	-2.89960004261093	-5.13550007546849	-5.68950008360977	-2.13710003140565
-5.32390007823711	-5.63010008273686	-0.124400001828114	-5.8969000866576	-5.65370008308367	0.449000006598257
-5.32390007823711	-5.63010008273686	-0.124400001828114	-4.61920006788123	-5.96140008760546	0.0927000013622683
-5.32390007823711	5.8099000853791	-0.124400001828114	-4.61920006788123	5.4786000805105	0.0927000013622683
-5.31760007814453	-6.13950009022272	-3.36830004949869	-5.33520007840317	-5.51610008106157	-2.89960004261093
-5.31760007814453	5.30050007789324	-3.36830004949869	-5.33520007840317	5.92390008705438	-2.89960004261093
-5.31760007814453	5.30050007789324	-3.36830004949869	-4.82620007092318	4.72910006949625	-3.25800004787778
-5.2586000772775	-4.7191000693493	1.03800001525388	-4.80300007058225	-5.10670007504526	1.60790002362882
-5.2586000772775	-2.50310003678418	-0.290000004261681	-5.19680007636932	-1.96230002883688	0.281500004136769
-5.25670007724958	-2.40430003533227	2.97090004365871	-5.92430008706026	-2.08310003061209	3.19400004693727
-5.25670007724958	-2.40430003533227	2.97090004365871	-4.43560006518314	-2.27490003343068	3.05580004490636
-5.25410007721137	-2.5963000381538	-4.29330006309198	-5.90660008680015	-2.70470003974678	-3.81740005609841
-5.25120007716875	0.200900002952316	3.19190004690641	-6.03330008866206	0.315500004636415	3.27840004817757
-5.25120007716875	0.200900002952316	3.19190004690641	-4.78520007032067	0.0945000013887201	3.80290005588533
-5.24700007710703	-1.83500002696615	-4.63820006816044	-5.25410007721137	-2.5963000381538	-4.29330006309198
-5.24700007710703	-1.83500002696615	-4.63820006816044	-4.70020006907156	-1.37180002015922	-4.28250006293327
-5.24540007708352	-5.44350007999468	3.48050005114752	-5.10930007508346	-5.15170007570655	4.22730006212208
-5.23190007688513	4.59360006750502	3.70700005447604	-5.6490000830146	4.245600062391	4.29530006312137
-5.21290007660591	1.79290002634747	-3.05010004482259	-5.7334000842549	2.27980003350269	-2.84200004176447
-5.21290007660591	1.79290002634747	-3.05010004482259	-5.56410008176696	1.05650001552574	-2.96390004355585
-5.199500076409	-2.86970004217153	1.37020002013571	-5.73690008430633	-3.01350004428474	1.82290002678834
-5.19820007638989	2.0092000295261	-5.9964000881198	-5.14130007555372	1.77850002613586	-5.26950007743768
-5.19820007638989	2.0092000295261	5.44360007999615	-5.14130007555372	1.77850002613586	6.17050009067828
-5.19770007638254	3.57110005247892	-3.44250005058909	-5.94390008734829	3.3804000496765	-3.41370005016586
-5.19770007638254	3.57110005247892	-3.44250005058909	-5.01410007368446	4.06730005977081	-2.84680004183501
-5.19680007636932	-1.96230002883688	0.281500004136769	-4.91590007224136	-2.26620003330283	0.961000014122328
-5.19650007636491	-1.09890001614883	4.41720006491274	-4.93440007251323	-1.34900001982416	5.12950007538031
-5.18900007625469	4.78290007028687	-5.35990007876615	-5.49850008080293	5.25050007715846	-4.76110006996651
-5.14940007567275	0.783600011515355	0.818400012026757	-4.8938000719166	1.1338000166617	1.49660002199321
-5.14160007555813	-3.60560005298592	3.70610005446281	-5.72480008412851	-3.69030005423062	4.27650006284509
-5.14160007555813	-3.60560005298592	3.70610005446281	-4.35190006395313	-3.4441000506126	3.77290005544446
-5.14130007555372	1.77850002613586	-5.26950007743768	-5.80570008531738	1.61580002374491	-4.9184000722781
-5.14130007555372	1.77850002613586	-5.26950007743768	-4.45020006539769	1.66190002442237	-4.87470007163591
-5.13550007546849	-5.68950008360977	-2.13710003140565	-5.5945000822137	-5.74600008444006	-1.48410002180952
-5.13550007546849	-5.68950008360977	-2.13710003140565	-4.34940006391639	-5.84280008586258	-2.00600002947907
-5.13550007546849	5.75040008450472	-2.13710003140565	-5.5945000822137	5.6940000836759	-1.48410002180952
-5.13550007546849	5.75040008450472	-2.13710003140565	-4.34940006391639	5.59720008225338	-2.00600002947907
-5.1312000754053	1.61990002380516	-0.78250001149919	-5.88830008653122	1.32140001941857	-0.686600010089896
-5.1312000754053	1.61990002380516	-0.78250001149919	-4.38790006448217	1.30120001912172	-0.571100008392572
-5.11350007514519	-4.94620007268664	2.85690004198343	-5.24540007708352	-5.44350007999468	3.48050005114752
-5.11160007511727	2.6600000390899	5.06170007438396	-5.6306000827442	3.2379000475824	5.1069000750482
-5.11160007511727	2.6600000390899	5.06170007438396	-5.19820007638989	2.0092000295261	5.44360007999615
-5.10930007508346	-5.15170007570655	4.22730006212208	-5.79800008520422	-4.96160007291295	4.58460006737276
-5.10930007508346	-5.15170007570655	4.22730006212208	-4.40400006471876	-5.02680007387109	4.62660006798997
-5.07770007461909	-0.676800009945881	-2.49190003661959	-4.97130007305549	-1.30420001916581	-2.02280002972596
-5.07770007461909	-0.676800009945881	-2.49190003661959	-4.87770007168	0.118400001739941	-2.35260003457252
-5.07270007454561	-0.37590000552402	1.94480002857971	-4.94590007268223	0.193900002849448	2.47160003632128
-5.03120007393575	-4.89210007189161	-4.63390006809725	-4.95530007282037	-4.77250007013404	-3.8460000565187
-5.03050007392546	2.39300003516621	3.41240005014676	-5.7892000850749	2.31330003399499	3.66480005385589
-5.03050007392546	2.39300003516621	3.41240005014676	-4.52840006654688	2.13180003132776	3.97000005834094
-5.01810007374324	1.88130002764655	1.53910002261777	-5.70820008388457	2.15970003173776	1.56170002294989
-5.01410007368446	4.06730005977081	-2.84680004183501	-4.98710007328768	3.9432000579471	-2.06460003034023
-5.00850007360216	-0.758800011150908	-3.8690000568567	-5.4208000796611	-0.910400013378738	-3.19000004687849
-5.00060007348607	2.3149000340185	-1.15280001694092	-5.1312000754053	1.61990002380516	-0.78250001149919
-5.00060007348607	2.3149000340185	-1.15280001694092	-4.26300006264671	2.60690003830957	-1.11240001634722
-4.99810007344933	3.38620004976173	2.5523000375072	-4.71000006921557	2.7030000397218	2.76930004069611
-4.99810007344933	3.38620004976173	2.5523000375072	-4.59640006754617	4.06950005980314	2.65960003908402
-4.98880007331266	-3.95780005816165	-1.00200001472484	-5.53280008130699	-4.53170006659537	-0.962100014138493
-4.98880007331266	-3.95780005816165	-1.00200001472484	-4.60790006771517	-3.69160005424973	-0.382100005615132
-4.98710007328768	3.9432000579471	-2.06460003034023	-5.45450008015634	3.55720005227466	-1.49300002194031
-4.98710007328768	3.9432000579471	-2.06460003034023	-4.30580006327567	4.23180006218821	-1.7012000249999
-4.97960007317747	0.033400000490828	-4.02930005921238	-5.00850007360216	-0.758800011150908	-3.8690000568567
-4.97130007305549	-1.30420001916581	-2.02280002972596	-5.62430008265162	-1.76700002596686	-1.72360002532908
-4.97130007305549	-1.30420001916581	-2.02280002972596	-4.20710006182523	-1.42810002098657	-1.8956000278567
-4.95530007282037	-4.77250007013404	-3.8460000565187	-5.5206000811277	-4.85310007131849	-3.30950004863459
-4.95530007282037	-4.77250007013404	-3.8460000565187	-4.25830006257764	-4.5894000674433	-3.58150005263176
-4.94590007268223	0.193900002849448	2.47160003632128	-5.25120007716875	0.200900002952316	3.19190004690641
-4.93440007251323	-1.34900001982416	5.12950007538031	-5.34850007859862	-0.941100013829889	5.71550008399185
-4.93440007251323	-1.34900001982416	5.12950007538031	-4.3264000635784	-1.92470002828433	5.32280007822094
-4.91590007224136	-2.26620003330283	0.961000014122328	-5.199500076409	-2.869800042173	1.37020002013571
-4.91590007224136	-2.26620003330283	0.961000014122328	-4.22020006201774	-1.90470002799042	1.16990001719221
-4.8938000719166	1.1338000166617	1.49660002199321	-5.01810007374324	1.88130002764655	1.53910002261777
-4.8938000719166	1.1338000166617	1.49660002199321	-4.4968000660825	0.74290001091725	2.13600003138948
-4.87770007168	0.118400001739941	-2.35260003457252	-5.49210008070888	0.561500008251495	-2.34040003439323
-4.87770007168	0.118400001739941	-2.35260003457252	-4.14950006097877	0.519200007629878	-2.25280003310591
-4.8721000715977	-3.17720004669039	-5.71850008403593	-4.70620006915973	-3.63270005338416	-5.09040007480572
-4.85330007132143	0.810200011906254	4.89600007194893	-5.40210007938629	1.40640002066768	4.96830007301141
-4.85330007132143	0.810200011906254	4.89600007194893	-4.725000069436	0.389100005718	5.55210008159061
-4.82650007092759	-4.13280006073336	0.824500012116399	-5.2586000772775	-4.7191000693493	1.03800001525388
-4.82650007092759	-4.13280006073336	0.824600012117868	-4.71490006928758	-3.51780005169566	1.2369000181768
-4.82620007092318	4.72910006949625	-3.25800004787778	-5.01410007368446	4.06730005977081	-2.84680004183501
-4.80290007058078	-5.10670007504526	1.60790002362882	-4.58750006741538	-4.87950007170645	2.30950003393914
-4.78910007037798	-3.53660005197193	-1.64660002419753	-4.98880007331266	-3.95780005816165	-1.00200001472484
-4.78520007032067	0.0945000013887201	3.80280005588386	-4.63610006812958	-0.671400009866525	3.94330005794857
-4.78520007032067	0.0945000013887201	3.80290005588533	-4.55800006698186	0.757700011134743	4.19160006159745
-4.725000069436	0.389100005718	-5.88780008652387	-4.06760005977521	0.474500006972991	-5.4395000799359
-4.725000069436	0.389100005718	5.55210008159061	-5.38610007915117	-0.101800001495997	5.71850008403593
-4.725000069436	0.389100005718	5.55210008159061	-4.06760005977521	0.474500006972991	6.00050008818005
-4.72340006941249	4.95210007277334	1.658200024368	-4.28390006295384	4.39390006457034	1.99670002934241
-4.71490006928758	-3.51780005169566	1.2369000181768	-5.199500076409	-2.869800042173	1.37020002013571
-4.71490006928758	-3.51780005169566	1.2369000181768	-3.99710005873919	-3.59640005285072	1.4799000217478
-4.71000006921557	2.7030000397218	2.76930004069611	-5.03050007392546	2.39300003516621	3.41240005014676
-4.70620006915973	-3.63270005338416	-5.09040007480572	-4.68400006883349	-3.18210004676239	-4.39610006460267
-4.70620006915973	-3.63270005338416	-5.09040007480572	-4.56360006706416	-4.43670006519931	-5.07220007453826
-4.70020006907156	-1.37180002015922	-4.28250006293327	-5.00850007360216	-0.758800011150908	-3.8690000568567
-4.68400006883349	-3.18210004676239	-4.39610006460267	-5.25410007721137	-2.5963000381538	-4.29330006309198
-4.68400006883349	-3.18210004676239	-4.39610006460267	-4.11090006041153	-3.3295000489285	-3.87230005690519
-4.65040006833972	-0.797300011716683	-0.0320000004702544	-5.35660007871765	-1.19460001755519	0.0985000014475019
-4.65040006833972	-0.797300011716683	-0.0320000004702544	-4.45780006550938	-0.145800002142597	0.358900005274197
-4.64750006829711	4.1297000606878	-0.165000002424749	-4.16630006122565	3.51870005170888	-0.0747000010977501
-4.63610006812958	-0.671400009866525	3.94330005794857	-5.19650007636491	-1.09890001614883	4.41720006491274
-4.61920006788123	-5.96140008760546	0.0927000013622683	-4.14880006096848	-5.70570008384783	0.67910000997968
-4.61920006788123	5.4786000805105	0.0927000013622683	-4.14880006096848	5.73430008426812	0.67910000997968
-4.60790006771517	-3.69160005424973	-0.382100005615132	-4.34250006381499	-3.96470005826305	0.22210000326386
-4.59640006754617	4.06950005980314	2.65960003908402	-4.56570006709502	4.34360006383116	3.4198000502555
-4.58750006741538	-4.87950007170645	2.30950003393914	-5.11350007514519	-4.94620007268664	2.85690004198343
-4.58750006741538	-4.87950007170645	2.30950003393914	-3.86730005683172	-4.53550006665122	2.46650003624633
-4.56680006711118	0.575600008458701	0.423300006220584	-5.14940007567275	0.783600011515355	0.818400012026757
-4.56570006709502	4.34360006383116	3.4198000502555	-5.23190007688513	4.59360006750502	3.70700005447604
-4.56570006709502	4.34360006383116	3.4198000502555	-3.90870005744011	4.33430006369449	3.81130005600877
-4.56360006706416	-4.43670006519931	-5.07220007453826	-5.03120007393575	-4.89210007189161	-4.63390006809725
-4.5592000669995	-5.78390008499702	1.34410001975216	-4.80290007058078	-5.10670007504526	1.60790002362882
-4.5592000669995	5.65600008311747	1.34410001975216	-4.80290007058078	6.33320009306923	1.60790002362882
-4.5592000669995	5.65600008311747	1.34410001975216	-4.72340006941249	4.95210007277334	1.658200024368
-4.55800006698186	0.757700011134743	4.19160006159745	-4.85330007132143	0.810200011906254	4.89600007194893
-4.53980006671441	-2.88530004240078	-0.452600006651161	-5.2586000772775	-2.50310003678418	-0.290000004261681
-4.53980006671441	-2.88530004240078	-0.452600006651161	-4.60790006771517	-3.69160005424973	-0.382100005615132
-4.53840006669383	3.41230005014529	-3.88740005712709	-5.19770007638254	3.57110005247892	-3.44250005058909
-4.52840006654688	2.13180003132776	3.97000005834094	-4.46470006561078	2.67470003930592	4.5766000672552
-4.4968000660825	0.74290001091725	2.13600003138948	-4.94590007268223	0.193900002849448	2.47160003632128
-4.4968000660825	0.74290001091725	2.13600003138948	-3.70180005439962	0.844600012411778	2.44780003597152
-4.46470006561078	2.67470003930592	4.5766000672552	-5.11160007511727	2.6600000390899	5.06170007438396
-4.46150006556375	2.07920003055478	-3.30940004863312	-5.21290007660591	1.79290002634747	-3.05010004482259
-4.46150006556375	2.07920003055478	-3.30940004863312	-3.86600005681261	1.80240002648708	-2.9230000429548
-4.45780006550938	-0.145800002142597	0.358900005274197	-4.56680006711118	0.575600008458701	0.423300006220584
-4.45780006550938	-0.145800002142597	0.358900005274197	-3.96720005829979	-0.253800003729705	0.904500013292035
-4.45020006539769	1.66190002442237	-4.87470007163591	-4.25410006251592	0.854300012554323	-4.77740007020604
-4.45020006539769	1.66190002442237	-4.87470007163591	-4.02570005915948	2.28070003351591	-4.61170006777101
-4.43560006518314	-2.27490003343068	3.05580004490636	-4.08160005998095	-2.97880004377481	3.16650004653314
-4.40990006480547	4.89610007195039	-0.27470000403684	-4.64750006829711	4.1297000606878	-0.165000002424749
-4.40990006480547	4.89610007195039	-0.27470000403684	-4.61920006788123	5.4786000805105	0.0927000013622683
-4.40400006471876	-5.02680007387109	4.62660006798997	-4.12780006065988	-5.34710007857804	5.32570007826356
-4.38790006448217	1.30120001912172	-0.571100008392572	-4.18990006157247	1.2090000177668	0.165200002427688
-4.3878000644807	-0.646500009500609	1.50990002218866	-5.07270007454561	-0.37590000552402	1.94480002857971
-4.3878000644807	-0.646500009500609	1.50990002218866	-4.09960006024547	-1.34840001981535	1.6641000244547
-4.36610006416181	4.79640007048526	-5.47820008050462	-5.18900007625469	4.78290007028687	-5.35990007876615
-4.36610006416181	4.79640007048526	-5.47820008050462	-3.97730005844821	4.26800006272018	-4.95950007288209
-4.35190006395313	-3.4441000506126	3.77290005544446	-3.95330005809552	-3.73190005484195	4.36190006410009
-4.34940006391639	5.59720008225338	-2.00600002947907	-4.19260006161215	4.99840007345374	-1.56050002293225
-4.34730006388553	2.26750003332193	1.53150002250608	-5.01810007374324	1.88130002764655	1.53910002261777
-4.34730006388553	2.26750003332193	1.53150002250608	-4.13350006074364	2.39750003523234	2.26030003321613
-4.34250006381499	-3.96470005826305	0.22210000326386	-4.82650007092759	-4.13280006073336	0.824500012116399
-4.34250006381499	-3.96470005826305	0.22210000326386	-3.58210005264057	-4.0821000599883	0.441600006489511
-4.33670006372976	2.62080003851384	-3.95680005814696	-4.53840006669383	3.41230005014529	-3.88740005712709
-4.33670006372976	2.62080003851384	-3.95680005814696	-4.46150006556375	2.07920003055478	-3.30940004863312
-4.3264000635784	-1.92470002828433	5.32280007822094	-3.60740005301237	-1.69480002490585	5.59100008216226
-4.31740006344614	-2.74900004039779	-6.12360008998906	-4.8721000715977	-3.17720004669039	-5.71850008403593
-4.31740006344614	-2.74900004039779	5.31640007812689	-4.8721000715977	-3.17720004669039	5.72150008408002
-4.31740006344614	-2.74900004039779	5.31640007812689	-4.3264000635784	-1.92470002828433	5.32280007822094
-4.30580006327567	4.23180006218821	-1.7012000249999	-4.19260006161215	4.99840007345374	-1.56050002293225
-4.30580006327567	4.23180006218821	-1.7012000249999	-3.82420005619834	3.69290005426883	-1.47740002171106
-4.28390006295384	4.39390006457034	1.99670002934241	-4.59640006754617	4.06950005980314	2.65960003908402
-4.27970006289212	0.478200007027364	-4.0857000600412	-4.97960007317747	0.033400000490828	-4.02930005921238
-4.27970006289212	0.478200007027364	-4.0857000600412	-3.70640005446722	0.535800007873822	-3.50660005153107
-4.26300006264671	2.60690003830957	-1.11240001634722	-4.09230006013819	3.26620004799828	-0.812100011934175
-4.25830006257764	-4.5894000674433	-3.58150005263176	-4.06590005975023	-3.91400005751799	-3.29670004844649
-4.25830006257764	-4.5894000674433	-3.58150005263176	-3.63490005341649	-4.95500007281596	-3.51740005168978
-4.25410006251592	0.854300012554323	-4.77740007020604	-4.27970006289212	0.478200007027364	-4.0857000600412
-4.22020006201774	-1.90470002799042	1.16990001719221	-4.09960006024547	-1.34840001981535	1.6641000244547
-4.20710006182523	-1.42810002098657	-1.8956000278567	-3.92320005765319	-0.92980001366383	-1.30150001912613
-4.19260006161215	4.99840007345374	-1.56050002293225	-3.91210005749007	5.12630007533329	-0.85060001249995
-4.18990006157247	1.2090000177668	0.165200002427688	-4.56680006711118	0.575600008458701	0.423300006220584
-4.18990006157247	1.2090000177668	0.165200002427688	-3.66010005378682	1.71520002520564	0.604000008876052
-4.18380006148283	4.13190006072013	-4.18240006146225	-4.53840006669383	3.41230005014529	-3.88740005712709
-4.18380006148283	4.13190006072013	-4.18240006146225	-4.10100006026604	4.69730006902894	-3.59040005276255
-4.16630006122565	3.51870005170888	-0.0747000010977501	-3.84910005656426	3.21970004731494	0.619300009100892
-4.14950006097877	0.519200007629878	-2.25280003310591	-3.80030005584712	0.43960000646012	-1.56600002301308
-4.14880006096848	-5.70570008384783	0.67910000997968	-4.5592000669995	-5.78390008499702	1.34410001975216
-4.14880006096848	5.73430008426812	0.67910000997968	-4.5592000669995	5.65600008311747	1.34410001975216
-4.13350006074364	2.39750003523234	2.26030003321613	-4.71000006921557	2.7030000397218	2.76930004069611
-4.13350006074364	2.39750003523234	2.26030003321613	-3.37880004965299	2.19980003232705	2.52920003716773
-4.1330000607363	-1.1233000165074	-0.558100008201531	-4.65040006833972	-0.797300011716683	-0.0320000004702544
-4.1330000607363	-1.1233000165074	-0.558100008201531	-3.73670005491249	-1.75290002575966	-0.31880000468491
-4.13190006072013	-3.43800005052296	-2.03130002985087	-4.78910007037798	-3.53660005197193	-1.64660002419753
-4.13190006072013	-3.43800005052296	-2.03130002985087	-3.77990005554733	-2.71050003983202	-1.91170002809329
-4.12780006065988	-5.34710007857804	-6.11430008985239	-3.93560005783542	-4.83720007108483	-5.47210008041498
-4.12780006065988	-5.34710007857804	5.32570007826356	-3.99590005872155	-6.1448000903006	5.39170007923346
-4.12780006065988	-5.34710007857804	5.32570007826356	-3.93560005783542	-4.83720007108483	5.96780008769951
-4.12780006065988	6.09280008953644	5.32570007826356	-3.99590005872155	5.29510007781388	5.39170007923346
-4.11630006049088	1.38840002040316	3.96120005821162	-4.55800006698186	0.757700011134743	4.19160006159745
-4.11630006049088	1.38840002040316	3.96120005821162	-4.52840006654688	2.13180003132776	3.97000005834094
-4.11090006041153	-3.3295000489285	-3.87230005690519	-4.06590005975023	-3.91400005751799	-3.29670004844649
-4.10100006026604	4.69730006902894	-3.59040005276255	-4.82620007092318	4.72910006949625	-3.25800004787778
-4.10100006026604	4.69730006902894	-3.59040005276255	-3.50040005143996	5.14810007565365	-3.37610004961331
-4.09960006024547	-1.34840001981535	1.6641000244547	-3.69330005427471	-1.36920002012101	2.29840003377602
-4.09230006013819	3.26620004799828	-0.812100011934175	-4.16630006122565	3.51870005170888	-0.0747000010977501
-4.08160005998095	-2.97880004377481	3.16650004653314	-4.35190006395313	-3.4441000506126	3.77290005544446
-4.06760005977521	0.474500006972991	-5.4395000799359	-4.25410006251592	0.854300012554323	-4.77740007020604
-4.06590005975023	-3.91400005751799	-3.29670004844649	-3.87080005688315	-4.00650005887732	-2.48180003647117
-4.0509000595298	-1.59020002336871	3.00960004422743	-4.43560006518314	-2.27490003343068	3.05580004490636
-4.0509000595298	-1.59020002336871	3.00960004422743	-3.97940005847908	-1.02730001509664	3.63310005339004
-4.02570005915948	2.28070003351591	-4.61170006777101	-4.33670006372976	2.62080003851384	-3.95680005814696
-3.99710005873919	-3.59640005285072	1.4799000217478	-3.80560005592501	-3.76860005538127	2.177000031992
-3.99590005872155	5.29510007781388	-6.04830008888249	-4.36610006416181	4.79640007048526	-5.47820008050462
-3.99590005872155	5.29510007781388	5.39170007923346	-4.36610006416181	4.79640007048526	5.96180008761134
-3.97940005847908	-1.02730001509664	3.63310005339004	-4.63610006812958	-0.671400009866525	3.94330005794857
-3.97940005847908	-1.02730001509664	3.63310005339004	-3.20220004705777	-0.859600012632209	3.88810005713738
-3.97730005844821	4.26800006272018	-4.95950007288209	-4.18380006148283	4.13190006072013	-4.18240006146225
-3.96720005829979	-0.253800003729705	0.904500013292035	-4.3878000644807	-0.646500009500609	1.50990002218866
-3.95330005809552	-3.73190005484195	4.36190006410009	-3.81290005603228	-4.52820006654394	4.37840006434256
-3.95330005809552	-3.73190005484195	4.36190006410009	-3.72570005475084	-3.22890004745014	4.92190007232954
-3.94260005793828	2.43800003582751	0.88150001295404	-4.34730006388553	2.26750003332193	1.53150002250608
-3.93560005783542	-4.83720007108483	-5.47210008041498	-4.56360006706416	-4.43670006519931	-5.07220007453826
-3.93560005783542	-4.83720007108483	-5.47210008041498	-3.12400004590859	-4.72460006943013	-5.2205000767176
-3.92690005770756	-1.63130002397269	-4.40050006466733	-4.70020006907156	-1.37180002015922	-4.28250006293327
-3.92690005770756	-1.63130002397269	-4.40050006466733	-3.63020005334742	-2.1090000309927	-3.79140005571633
-3.92320005765319	-0.92980001366383	-1.30150001912613	-4.1330000607363	-1.1233000165074	-0.558100008201531
-3.91210005749007	5.12630007533329	-0.85060001249995	-4.40990006480547	4.89610007195039	-0.27470000403684
-3.91210005749007	5.12630007533329	-0.85060001249995	-3.20320004707247	5.44990008008874	-0.76280001120969
-3.90870005744011	4.33430006369449	3.81130005600877	-3.60450005296975	3.64320005353847	4.0128000589699
-3.90870005744011	4.33430006369449	3.81130005600877	-3.50350005148551	4.94030007259993	4.01860005905514
-3.90530005739014	0.959200014095876	-2.87500004224942	-4.14950006097877	0.519200007629878	-2.25280003310591
-3.87700005697426	-2.43380003576579	-0.671900009873873	-4.53980006671441	-2.88530004240078	-0.452600006651161
-3.87700005697426	-2.43380003576579	-0.671900009873873	-3.73670005491249	-1.75290002575966	-0.31880000468491
-3.87080005688315	-4.00650005887732	-2.48180003647117	-4.13190006072013	-3.43800005052296	-2.03130002985087
-3.87080005688315	-4.00650005887732	-2.48180003647117	-3.45390005075662	-4.70930006920528	-2.14500003152174
-3.86730005683172	-4.53550006665122	2.46650003624633	-3.19710004698282	-4.725000069436	2.85200004191142
-3.86600005681261	1.80240002648708	-2.9230000429548	-3.90530005739014	0.959200014095876	-2.87500004224942
-3.86600005681261	1.80240002648708	-2.9230000429548	-3.27230004808792	2.25840003318821	-2.60940003834631
-3.85080005658924	-5.37890007904536	-2.34950003452696	-4.34940006391639	-5.84280008586258	-2.00600002947907
-3.85080005658924	-5.37890007904536	-2.34950003452696	-3.45390005075662	-4.70930006920528	-2.14500003152174
-3.85080005658924	6.06100008906913	-2.34950003452696	-4.34940006391639	5.59720008225338	-2.00600002947907
-3.84910005656426	3.21970004731494	0.619300009100892	-3.94260005793828	2.43800003582751	0.88150001295404
-3.84910005656426	3.21970004731494	0.619300009100892	-3.44070005056264	3.77420005546357	1.02880001511868
-3.83020005628651	3.08470004533106	4.57080006716996	-4.46470006561078	2.67470003930592	4.5766000672552
-3.83020005628651	3.08470004533106	4.57080006716996	-3.28000004820108	2.96100004351323	5.11660007519074
-3.82870005626447	1.10520001624141	-1.10330001621349	-4.38790006448217	1.30120001912172	-0.571100008392572
-3.82870005626447	1.10520001624141	-1.10330001621349	-3.3167000487404	1.71600002521739	-1.08900001600335
-3.82420005619834	3.69290005426883	-1.47740002171106	-4.09230006013819	3.26620004799828	-0.812100011934175
-3.81290005603228	-4.52820006654394	4.37840006434256	-4.40400006471876	-5.02680007387109	4.62660006798997
-3.80560005592501	-3.76860005538127	2.177000031992	-3.86730005683172	-4.53550006665122	2.46650003624633
-3.80560005592501	-3.76860005538127	2.177000031992	-3.52880005185731	-3.22810004743838	2.64970003893854
-3.80030005584712	0.43960000646012	-1.56600002301308	-3.82870005626447	1.10520001624141	-1.10330001621349
-3.80030005584712	0.43960000646012	-1.56600002301308	-3.46220005087859	-0.273700004022145	-1.37690002023417
-3.78910005568253	-2.02770002979796	-2.34190003441528	-4.20710006182523	-1.42810002098657	-1.8956000278567
-3.78910005568253	-2.02770002979796	-2.34190003441528	-3.77990005554733	-2.71050003983202	-1.91170002809329
-3.77990005554733	-2.71050003983202	-1.91170002809329	-3.35960004937084	-2.56770003773351	-1.23860001820178
-3.73670005491249	-1.75290002575966	-0.31880000468491	-3.26300004795125	-1.6388000240829	0.240500003534256
-3.72570005475084	-3.22890004745014	4.92190007232954	-4.31740006344614	-2.74900004039779	5.31640007812689
-3.72570005475084	-3.22890004745014	4.92190007232954	-2.95280004339273	-3.17720004669039	5.14350007558605
-3.70640005446722	0.535800007873822	-3.50660005153107	-3.90530005739014	0.959200014095876	-2.87500004224942
-3.70640005446722	0.535800007873822	-3.50660005153107	-2.96640004359258	0.252200003706193	-3.47580005107845
-3.70180005439962	0.844600012411778	2.44780003597152	-3.47440005105787	1.5262000224282	2.89850004259476
-3.69330005427471	-1.36920002012101	2.29840003377602	-4.0509000595298	-1.59020002336871	3.00960004422743
-3.66010005378682	-5.55820008168025	-3.09250004544568	-3.85080005658924	-5.37890007904536	-2.34950003452696
-3.66010005378682	1.71520002520564	0.604000008876052	-3.94260005793828	2.43800003582751	0.88150001295404
-3.66010005378682	1.71520002520564	0.604000008876052	-2.92470004297978	1.38550002036055	0.698600010266242
-3.63490005341649	-4.95500007281596	-3.51740005168978	-3.66010005378682	-5.55820008168025	-3.09250004544568
-3.63020005334742	-2.1090000309927	-3.79140005571633	-3.42170005028342	-1.94350002856061	-3.08420004532371
-3.60740005301237	-1.69480002490585	-5.84890008595222	-3.49940005142526	-1.44220002119378	-5.0872000747587
-3.60740005301237	-1.69480002490585	5.59100008216226	-3.49940005142526	-1.44220002119378	6.35280009335726
-3.60450005296975	3.64320005353847	4.0128000589699	-3.83020005628651	3.08470004533106	4.57080006716996
-3.59510005283161	2.29320003369961	-1.3942000204884	-4.26300006264671	2.60690003830957	-1.11240001634722
-3.59510005283161	2.29320003369961	-1.3942000204884	-3.3167000487404	1.71600002521739	-1.08900001600335
-3.58270005264939	4.06490005973554	1.77020002601389	-4.28390006295384	4.39390006457034	1.99670002934241
-3.58270005264939	4.06490005973554	1.77020002601389	-2.96210004352939	4.03210005925353	2.33880003436972
-3.58210005264057	-4.0821000599883	0.441600006489511	-3.50840005155752	-3.48230005117397	0.859800012635148
-3.5505000521762	-2.86610004211863	-3.95860005817341	-4.11090006041153	-3.3295000489285	-3.87230005690519
-3.5505000521762	-2.86610004211863	-3.95860005817341	-3.63020005334742	-2.1090000309927	-3.79140005571633
-3.54800005213946	-2.12710003125869	0.786300011555033	-4.22020006201774	-1.90470002799042	1.16990001719221
-3.54800005213946	-2.12710003125869	0.786300011555033	-3.17630004667716	-2.82360004149407	0.91650001346838
-3.52880005185731	-3.22810004743838	2.64970003893854	-4.08160005998095	-2.97880004377481	3.16650004653314
-3.50840005155752	-3.48230005117397	0.859800012635148	-3.99710005873919	-3.59640005285072	1.4799000217478
-3.50840005155752	-3.48230005117397	0.859800012635148	-3.17630004667716	-2.82360004149407	0.91650001346838
-3.50350005148551	4.94030007259993	4.01860005905514	-3.41380005016733	5.09750007491006	4.82800007094963
-3.50040005143996	-6.29190009246231	-3.37610004961331	-3.66010005378682	-5.55820008168025	-3.09250004544568
-3.50040005143996	5.14810007565365	-3.37610004961331	-3.66010005378682	5.8818000864357	-3.09250004544568
-3.49940005142526	-1.44220002119378	-5.0872000747587	-3.92690005770756	-1.63130002397269	-4.40050006466733
-3.47440005105787	1.5262000224282	2.89850004259476	-3.3942000498793	1.46210002148622	3.71090005453335
-3.46220005087859	-0.273700004022145	-1.37690002023417	-3.92320005765319	-0.92980001366383	-1.30150001912613
-3.46220005087859	-0.273700004022145	-1.37690002023417	-2.64570003887975	-0.323500004753978	-1.24780001833698
-3.45390005075662	-4.70930006920528	-2.14500003152174	-2.82520004151759	-4.93610007253821	-1.71990002527471
-3.44070005056264	3.77420005546357	1.02880001511868	-3.58270005264939	4.06490005973554	1.77020002601389
-3.42170005028342	-1.94350002856061	-3.08420004532371	-3.78910005568253	-2.02770002979796	-2.34190003441528
-3.42170005028342	-1.94350002856061	-3.08420004532371	-2.74070004027582	-1.66900002452671	-3.02660004447725
-3.41380005016733	-5.43870007992415	0.585600008605656	-4.14880006096848	-5.70570008384783	0.67910000997968
-3.41380005016733	-5.43870007992415	0.585600008605656	-2.7805000408607	-5.88820008652975	0.820400012056148
-3.41380005016733	5.09750007491006	4.82800007094963	-3.99590005872155	5.29510007781388	5.39170007923346
-3.41380005016733	5.09750007491006	4.82800007094963	-2.65120003896058	5.05690007431342	5.00230007351105
-3.41380005016733	6.00130008819181	0.585600008605656	-2.7805000408607	5.55170008158473	0.820400012056148
-3.3942000498793	1.46210002148622	3.71090005453335	-4.11630006049088	1.38840002040316	3.96120005821162
-3.3942000498793	1.46210002148622	3.71090005453335	-2.69170003955574	1.50870002217103	4.07890005994127
-3.37880004965299	2.19980003232705	2.52920003716773	-3.47440005105787	1.5262000224282	2.89850004259476
-3.35960004937084	-2.56770003773351	-1.23860001820178	-3.87700005697426	-2.43380003576579	-0.671900009873873
-3.35960004937084	-2.56770003773351	-1.23860001820178	-2.53410003723974	-2.5257000371163	-1.22330001797694
-3.35120004924739	2.47650003639328	-5.0261000738608	-4.02570005915948	2.28070003351591	-4.61170006777101
-3.35120004924739	2.47650003639328	-5.0261000738608	-2.71420003988639	2.01660002963485	-4.92920007243681
-3.34240004911807	3.84200005645992	-5.27280007748617	-3.97730005844821	4.26800006272018	-4.95950007288209
-3.3282000489094	3.09920004554414	-5.53600008135401	-3.35120004924739	2.47650003639328	-5.0261000738608
-3.3282000489094	3.09920004554414	-5.53600008135401	-3.34240004911807	3.84200005645992	-5.27280007748617
-3.31910004877567	2.68400003944259	-1.99040002924982	-3.59510005283161	2.29320003369961	-1.3942000204884
-3.31910004877567	2.68400003944259	-1.99040002924982	-3.16180004646408	3.44110005056851	-1.76170002588898
-3.3167000487404	1.71600002521739	-1.08900001600335	-2.62090003851531	1.75910002585077	-0.789300011599119
-3.30130004851409	0.283400004164691	-5.49110008069419	-4.06760005977521	0.474500006972991	-5.4395000799359
-3.30130004851409	0.283400004164691	-5.49110008069419	-2.71880003995399	0.778800011444817	-5.25430007721431
-3.28000004820108	2.96100004351323	-6.32340009292521	-3.3282000489094	3.09920004554414	-5.53600008135401
-3.28000004820108	2.96100004351323	5.11660007519074	-3.3282000489094	3.09920004554414	5.90400008676194
-3.27230004808792	2.25840003318821	-2.60940003834631	-3.31910004877567	2.68400003944259	-1.99040002924982
-3.26300004795125	-1.6388000240829	0.240500003534256	-3.54800005213946	-2.12710003125869	0.786300011555033
-3.26300004795125	-1.6388000240829	0.240500003534256	-2.63090003866226	-1.11750001642217	0.300900004421861
-3.21980004731641	0.0324000004761326	0.722600010618933	-3.96720005829979	-0.253800003729705	0.904500013292035
-3.21980004731641	0.0324000004761326	0.722600010618933	-2.87980004231996	0.676300009938533	1.08990001601657
-3.20320004707247	5.44990008008874	-0.76280001120969	-2.6521000389738	4.98860007330972	-0.420600006180906
-3.20220004705777	-0.859600012632209	3.88810005713738	-2.94700004330749	-1.02930001512603	4.59690006755352
-3.20060004703426	-4.71770006932873	0.216900003187443	-3.58210005264057	-4.0821000599883	0.441600006489511
-3.20060004703426	-4.71770006932873	0.216900003187443	-3.41380005016733	-5.43870007992415	0.585600008605656
-3.19710004698282	-4.725000069436	2.85200004191142	-3.15930004642734	-5.2356000769395	3.43420005046712
-3.17630004667716	-2.82360004149407	0.91650001346838	-2.48690003654612	-2.88040004232878	1.1118000163384
-3.16180004646408	3.44110005056851	-1.76170002588898	-3.82420005619834	3.69290005426883	-1.47740002171106
-3.15930004642734	-5.2356000769395	3.43420005046712	-3.12060004585862	-4.90340007205767	4.15890006111691
-3.15930004642734	-5.2356000769395	3.43420005046712	-3.09450004547507	-5.99910008815948	3.49480005135766
-3.15930004642734	6.20430009117498	3.43420005046712	-3.09450004547507	5.44090007995648	3.49480005135766
-3.12400004590859	-4.72460006943013	-5.2205000767176	-2.83020004159106	-5.02420007383288	-4.55890006699509
-3.12060004585862	-4.90340007205767	4.15890006111691	-3.81290005603228	-4.52820006654394	4.37840006434256
-3.12060004585862	-4.90340007205767	4.15890006111691	-2.39840003524557	-5.04160007408858	4.5096000662706
-3.10900004568816	0.281800004141178	2.3241000341537	-3.70180005439962	0.844600012411778	2.44780003597152
-3.10900004568816	0.281800004141178	2.3241000341537	-2.92620004300183	-0.442200006498328	2.62260003854029
-3.09450004547507	5.44090007995648	3.49480005135766	-3.50350005148551	4.94030007259993	4.01860005905514
-3.08560004534428	-4.6206000679018	-3.89700005726817	-3.63490005341649	-4.95500007281596	-3.51740005168978
-3.08560004534428	-4.6206000679018	-3.89700005726817	-2.70560003976001	-3.87800005698896	-3.76270005529457
-2.9808000438042	-0.317300004662866	-5.71130008393013	-3.30130004851409	0.283400004164691	-5.49110008069419
-2.9808000438042	-0.317300004662866	-5.71130008393013	-2.91530004284165	-0.965900014194336	-5.22680007681018
-2.96640004359258	0.252200003706193	-3.47580005107845	-2.53050003718684	-0.318600004681971	-3.10990004570138
-2.96210004352939	4.03210005925353	2.33880003436972	-2.85920004201723	3.36040004938259	2.80700004125013
-2.96210004352939	4.03210005925353	2.33880003436972	-2.52090003704576	4.69330006897016	2.38520003505159
-2.95280004339273	-3.17720004669039	-6.2965000925299	-2.70390003973503	-3.48640005123422	-5.58710008210495
-2.95280004339273	-3.17720004669039	5.14350007558605	-2.70390003973503	-3.48640005123422	5.852900086011
-2.94700004330749	-1.02930001512603	4.59690006755352	-2.91230004279756	-1.66020002439739	5.06080007437074
-2.94700004330749	-1.02930001512603	4.59690006755352	-2.64530003887388	-0.410900006038361	5.02620007386227
-2.93950004319728	-3.24330004766175	-4.22650006211032	-3.5505000521762	-2.86610004211863	-3.95860005817341
-2.93950004319728	-3.24330004766175	-4.22650006211032	-2.70560003976001	-3.87800005698896	-3.76270005529457
-2.93520004313409	3.40360005001744	3.62050005320488	-3.60450005296975	3.64320005353847	4.0128000589699
-2.93520004313409	3.40360005001744	3.62050005320488	-2.36610003477091	3.19720004698429	4.15140006100669
-2.92620004300183	-0.442200006498328	2.62260003854029	-2.72520004004804	-0.458900006743742	3.3538000492856
-2.92470004297978	1.38550002036055	0.698600010266242	-2.87980004231996	0.676300009938533	1.08990001601657
-2.92340004296068	-1.11910001644568	2.24030003292222	-3.69330005427471	-1.36920002012101	2.29840003377602
-2.92340004296068	-1.11910001644568	2.24030003292222	-2.92620004300183	-0.442200006498328	2.62260003854029
-2.91530004284165	-0.965900014194336	-5.22680007681018	-3.49940005142526	-1.44220002119378	-5.0872000747587
-2.91530004284165	-0.965900014194336	-5.22680007681018	-2.20860003245637	-1.14220001678514	-4.93130007246767
-2.91230004279756	-1.66020002439739	5.06080007437074	-3.60740005301237	-1.69480002490585	5.59110008216373
-2.91230004279756	-1.66020002439739	5.06080007437074	-2.29000003365258	-2.16620003183328	5.06680007445891
-2.89120004248749	-5.23940007699534	-0.96050001411498	-3.20320004707247	-5.99000008802575	-0.76280001120969
-2.89120004248749	-5.23940007699534	-0.96050001411498	-2.63440003871369	-4.87630007165943	-0.328400004825986
-2.89120004248749	6.20050009111914	-0.96050001411498	-3.20320004707247	5.44990008008874	-0.76280001120969
-2.87980004231996	0.676300009938533	1.08990001601657	-2.55720003757921	0.49240000723604	1.77920002614615
-2.85920004201723	3.36040004938259	2.80700004125013	-2.93520004313409	3.40360005001744	3.62050005320488
-2.83020004159106	-5.02420007383288	-4.55890006699509	-3.08560004534428	-4.6206000679018	-3.89700005726817
-2.83020004159106	-5.02420007383288	-4.55890006699509	-2.30920003393473	-5.63370008278976	-4.42690006505529
-2.82520004151759	-4.93610007253821	-1.71990002527471	-2.89120004248749	-5.23940007699534	-0.96050001411498
-2.82060004144999	4.07320005985751	0.624500009177309	-3.44070005056264	3.77420005546357	1.02880001511868
-2.7805000408607	5.55170008158473	0.820400012056148	-2.24170003294279	5.67480008339374	1.35950001997846
-2.76860004068582	-3.13300004604085	2.4318000357364	-3.52880005185731	-3.22810004743838	2.64970003893854
-2.76860004068582	-3.13300004604085	2.4318000357364	-2.30020003380248	-3.53130005189404	2.86840004215243
-2.75660004050948	-0.32970000484509	0.142000002086754	-3.21980004731641	0.0324000004761326	0.722600010618933
-2.75660004050948	-0.32970000484509	0.142000002086754	-2.63090003866226	-1.11750001642217	0.300900004421861
-2.74550004034636	4.84850007125089	0.340000004996453	-2.82060004144999	4.07320005985751	0.624500009177309
-2.74550004034636	4.84850007125089	0.340000004996453	-2.7805000408607	5.55170008158473	0.820400012056148
-2.74540004034489	4.96900007302169	-3.43890005053618	-3.50040005143996	5.14810007565365	-3.37610004961331
-2.74540004034489	4.96900007302169	-3.43890005053618	-2.23270003281053	4.74480006972697	-2.84870004186293
-2.74070004027582	-1.66900002452671	-3.02660004447725	-2.29460003372018	-2.24390003297512	-2.62800003861964
-2.72520004004804	-0.458900006743742	3.3538000492856	-3.20220004705777	-0.859600012632209	3.88810005713738
-2.72520004004804	-0.458900006743742	3.3538000492856	-2.10050003086779	-0.0406000005966353	3.47840005111665
-2.71880003995399	0.778800011444817	-5.25430007721431	-2.26010003321319	0.4748000069774	-4.64450006825302
-2.71420003988639	2.01660002963485	-4.92920007243681	-2.19720003228884	1.97000002895004	-4.32620006357546
-2.70560003976001	-3.87800005698896	-3.76270005529457	-2.08640003066059	-3.64400005355022	-3.26990004805265
-2.70390003973503	-3.48640005123422	-5.58710008210495	-2.59050003806856	-4.29200006307287	-5.57240008188893
-2.70390003973503	-3.48640005123422	-5.58710008210495	-2.54780003744107	-3.05860004494751	-4.89760007197244
-2.69790003964686	2.64920003893119	2.45250003604059	-3.37880004965299	2.19980003232705	2.52920003716773
-2.69790003964686	2.64920003893119	2.45250003604059	-2.85920004201723	3.36040004938259	2.80700004125013
-2.69170003955574	1.50870002217103	4.07890005994127	-2.50260003677683	1.92800002833283	4.69950006906127
-2.68960003952488	2.66150003911194	4.66340006853076	-3.28000004820108	2.96100004351323	5.11660007519074
-2.68960003952488	2.66150003911194	4.66340006853076	-2.50260003677683	1.92800002833283	4.69950006906127
-2.67960003937793	4.25790006257176	-5.294700077808	-3.34240004911807	3.84200005645992	-5.27280007748617
-2.67960003937793	4.25790006257176	-5.294700077808	-2.35350003458574	4.3776000643308	-4.59520006752853
-2.6521000389738	4.98860007330972	-0.420600006180906	-2.74550004034636	4.84850007125089	0.340000004996453
-2.65120003896058	5.05690007431342	5.00230007351105	-2.33030003424481	4.54730006682462	5.49910008081175
-2.64570003887975	-0.323500004753978	-1.24780001833698	-2.41710003552037	-0.00130000001910409	-0.548100008054576
-2.64530003887388	-0.410900006038361	-6.41370009425221	-2.9808000438042	-0.317300004662866	-5.71130008393013
-2.64530003887388	-0.410900006038361	5.02620007386227	-2.9808000438042	-0.317300004662866	5.72870008418583
-2.63440003871369	-4.87630007165943	-0.328400004825986	-3.20060004703426	-4.71770006932873	0.216900003187443
-2.63440003871369	-4.87630007165943	-0.328400004825986	-1.82930002688239	-4.71560006929787	-0.234700003449022
-2.63090003866226	-1.11750001642217	0.300900004421861	-1.93790002847831	-1.34580001977714	0.530100007790058
-2.62090003851531	1.75910002585077	-0.789300011599119	-2.37330003487671	2.22120003264153	-0.20220000297142
-2.59050003806856	-4.29200006307287	-5.57240008188893	-3.12400004590859	-4.72460006943013	-5.2205000767176
-2.56400003767913	2.25530003314265	-2.95070004336187	-3.27230004808792	2.25850003318968	-2.60940003834631
-2.55720003757921	0.49240000723604	1.77920002614615	-3.10900004568816	0.281800004141178	2.3241000341537
-2.55720003757921	0.49240000723604	1.77920002614615	-1.76870002599184	0.454400006677613	1.95300002870021
-2.54780003744107	-3.05860004494751	-4.89760007197244	-2.93950004319728	-3.24330004766175	-4.22650006211032
-2.54780003744107	-3.05860004494751	-4.89760007197244	-1.99980002938796	-2.46900003628307	-4.84310007117154
-2.53410003723974	-2.5257000371163	-1.22330001797694	-1.98010002909846	-2.82230004147497	-0.747600010986319
-2.53050003718684	-0.318600004681971	-3.10990004570138	-2.05530003020356	-0.185900002731884	-2.48950003658432
-2.52090003704576	4.69330006897016	2.38520003505159	-2.48920003657992	5.13740007549641	3.02670004447872
-2.5178000370002	1.48270002178894	-5.46510008031211	-2.71880003995399	0.778800011444817	-5.25430007721431
-2.5178000370002	1.48270002178894	-5.46510008031211	-2.71420003988639	2.01660002963485	-4.92920007243681
-2.50260003677683	1.92800002833283	4.69950006906127	-2.13780003141593	1.5866000233158	5.30670007798435
-2.48920003657992	5.13740007549641	3.02670004447872	-3.09450004547507	5.44090007995648	3.49480005135766
-2.48920003657992	5.13740007549641	3.02670004447872	-1.78600002624607	5.36950007890722	3.3029000485376
-2.48690003654612	-2.88040004232878	1.1118000163384	-2.40230003530288	-2.74070004027582	1.84690002714103
-2.48580003652995	0.709400010424953	-3.97060005834976	-2.96640004359258	0.252200003706193	-3.47580005107845
-2.48580003652995	0.709400010424953	-3.97060005834976	-2.26840003333516	1.39720002053248	-3.78510005562375
-2.48560003652701	3.86140005674501	-1.79940002644299	-3.16180004646408	3.44110005056851	-1.76170002588898
-2.48560003652701	3.86140005674501	-1.79940002644299	-2.14270003148794	4.04460005943722	-1.14080001676457
-2.45960003614493	5.04820007418557	-4.18630006151956	-2.74540004034489	4.96900007302169	-3.43890005053618
-2.43200003573934	-4.33910006376503	2.68960003952488	-3.19710004698282	-4.725000069436	2.85200004191142
-2.43200003573934	-4.33910006376503	2.68960003952488	-2.30020003380248	-3.53130005189404	2.86840004215243
-2.41710003552037	-0.00130000001910409	-0.548100008054576	-2.75660004050948	-0.32970000484509	0.142000002086754
-2.40230003530288	-2.74070004027582	1.84690002714103	-2.76860004068582	-3.13300004604085	2.4318000357364
-2.40230003530288	-2.74070004027582	1.84690002714103	-1.93360002841512	-2.1796000320302	1.95190002868405
-2.39840003524557	-5.04160007408858	4.5096000662706	-2.23530003284874	-5.83970008581702	4.54020006672028
-2.39840003524557	-5.04160007408858	4.5096000662706	-1.97790002906613	-4.48870006596347	4.75280006984454
-2.39840003524557	6.39840009402737	4.5096000662706	-2.23530003284874	5.60020008229746	4.54020006672028
-2.39260003516033	-1.02090001500259	-3.24290004765588	-2.74070004027582	-1.66900002452671	-3.02660004447725
-2.39260003516033	-1.02090001500259	-3.24290004765588	-2.53050003718684	-0.318600004681971	-3.10990004570138
-2.37330003487671	2.22120003264153	-0.20220000297142	-2.28930003364229	1.72280002531732	0.396600005828216
-2.37330003487671	2.22120003264153	-0.20220000297142	-2.17200003191852	3.05510004489607	-0.138700002038259
-2.36610003477091	3.19720004698429	4.15140006100669	-2.68960003952488	2.66150003911194	4.66340006853076
-2.36610003477091	3.19720004698429	4.15140006100669	-1.62200002383602	3.41880005024081	4.20900006185315
-2.35350003458574	4.3776000643308	-4.59520006752853	-2.45960003614493	5.04820007418557	-4.18630006151956
-2.35350003458574	4.3776000643308	-4.59520006752853	-1.89610002786404	3.82410005619687	-4.2814000629171
-2.35110003455047	-2.83070004159841	4.73820006962998	-2.95280004339273	-3.17720004669039	5.14350007558605
-2.35110003455047	-2.83070004159841	4.73820006962998	-2.29000003365258	-2.16620003183328	5.06680007445891
-2.33030003424481	4.54730006682462	-5.94080008730273	-2.67960003937793	4.25790006257176	-5.294700077808
-2.33030003424481	4.54730006682462	5.49910008081175	-2.67960003937793	4.25790006257176	6.14530009030795
-2.30920003393473	-5.63370008278976	-4.42690006505529	-2.45960003614493	-6.39170009392891	-4.18630006151956
-2.30920003393473	5.80630008532619	-4.42690006505529	-2.45960003614493	5.04820007418557	-4.18630006151956
-2.30020003380248	-3.53130005189404	2.86840004215243	-1.80280002649296	-3.11690004580425	3.37800004964123
-2.29460003372018	-2.24390003297512	-2.62800003861964	-2.20270003236967	-2.07870003054743	-1.83510002696762
-2.29000003365258	-2.16620003183328	5.06680007445891	-1.69440002489997	-1.86660002743053	5.47750008049433
-2.28930003364229	1.72280002531732	0.396600005828216	-2.92470004297978	1.38550002036055	0.698600010266242
-2.28930003364229	1.72280002531732	0.396600005828216	-1.58720002332462	1.61460002372727	0.599900008815801
-2.26840003333516	1.39720002053248	-3.78510005562375	-2.1576000317069	1.56750002303512	-3.04330004472266
-2.26220003324405	3.51940005171917	0.522400007676903	-2.82060004144999	4.07320005985751	0.624500009177309
-2.26220003324405	3.51940005171917	0.522400007676903	-1.71680002522915	3.38180004969708	1.08210001590195
-2.26010003321319	0.4748000069774	-4.64450006825302	-2.48580003652995	0.709400010424953	-3.97060005834976
-2.25430003312795	-1.4556000213907	1.85820002730709	-2.92340004296068	-1.11910001644568	2.24030003292222
-2.25430003312795	-1.4556000213907	1.85820002730709	-1.93360002841512	-2.1796000320302	1.95190002868405
-2.24170003294279	-5.76520008472221	1.35950001997846	-1.77490002608296	-5.06590007444568	1.5912000233834
-2.24170003294279	5.67480008339374	1.35950001997846	-2.06510003034757	4.99020007333324	1.77740002611969
-2.24170003294279	5.67480008339374	1.35950001997846	-1.77490002608296	6.37410009367027	1.5912000233834
-2.23530003284874	5.60020008229746	4.54020006672028	-2.65120003896058	5.05690007431342	5.00230007351105
-2.23270003281053	4.74480006972697	-2.84870004186293	-2.20940003246813	4.04610005945926	-2.47450003636389
-2.23270003281053	4.74480006972697	-2.84870004186293	-1.70920002511746	5.34990007861919	-2.66840003921334
-2.20940003246813	4.04610005945926	-2.47450003636389	-2.48560003652701	3.86140005674501	-1.79940002644299
-2.20860003245637	-1.14220001678514	-4.93130007246767	-1.83360002694558	-0.706100010376458	-4.4193000649436
-2.20270003236967	-2.07870003054743	-1.83510002696762	-2.53410003723974	-2.5257000371163	-1.22330001797694
-2.20270003236967	-2.07870003054743	-1.83510002696762	-1.73900002555539	-1.39920002056187	-1.72410002533643
-2.19720003228884	1.97000002895004	-4.32620006357546	-2.26840003333516	1.39720002053248	-3.78510005562375
-2.19720003228884	1.97000002895004	-4.32620006357546	-1.62900002393889	2.45000003600385	-4.20840006184433
-2.17200003191852	3.05510004489607	-0.138700002038259	-2.26220003324405	3.51940005171917	0.522400007676903
-2.17030003189354	2.91560004284606	-3.22360004737225	-2.56400003767913	2.25530003314265	-2.95070004336187
-2.17030003189354	2.91560004284606	-3.22360004737225	-1.90980002806537	3.39250004985432	-2.69540003961012
-2.1576000317069	1.56750002303512	-3.04330004472266	-2.56400003767913	2.25530003314265	-2.95070004336187
-2.1576000317069	1.56750002303512	-3.04330004472266	-1.77400002606973	1.14850001687773	-2.47730003640504
-2.14270003148794	4.04460005943722	-1.14080001676457	-2.14180003147472	4.78270007028393	-0.929200013655013
-2.14270003148794	4.04460005943722	-1.14080001676457	-1.82710002685006	3.44520005062877	-0.753500011073022
-2.14180003147472	4.78270007028393	-0.929200013655013	-2.6521000389738	4.98860007330972	-0.420600006180906
-2.13780003141593	1.5866000233158	-6.13330009013161	-2.5178000370002	1.48270002178894	-5.46510008031211
-2.13780003141593	1.5866000233158	5.30670007798435	-2.5178000370002	1.48270002178894	5.97490008780385
-2.13780003141593	1.5866000233158	5.30670007798435	-1.34380001974775	1.30050001911143	5.36040007877349
-2.13500003137479	-0.657900009668137	-1.81040002660464	-2.64570003887975	-0.323500004753978	-1.24780001833698
-2.13500003137479	-0.657900009668137	-1.81040002660464	-1.73900002555539	-1.39920002056187	-1.72410002533643
-2.10050003086779	-0.0406000005966353	3.47840005111665	-2.06810003039166	0.417100006129472	4.00490005885381
-2.08640003066059	-3.64400005355022	-3.26990004805265	-2.00390002944821	-2.84730004184236	-3.09090004542217
-2.08640003066059	-3.64400005355022	-3.26990004805265	-1.56210002295576	-4.18770006154014	-3.04730004478145
-2.06810003039166	0.417100006129472	4.00490005885381	-2.03590002991847	-0.00790000011609406	4.69060006893048
-2.06510003034757	4.99020007333324	1.77740002611969	-2.52090003704576	4.69330006897016	2.38520003505159
-2.05530003020356	-0.185900002731884	-2.48950003658432	-2.13500003137479	-0.657900009668137	-1.81040002660464
-2.052200030158	1.17010001719515	3.88260005705656	-2.69170003955574	1.50870002217103	4.07890005994127
-2.052200030158	1.17010001719515	3.88260005705656	-2.06810003039166	0.417100006129472	4.00490005885381
-2.04930003011539	-4.96880007301875	-1.98280002913814	-2.82520004151759	-4.93610007253821	-1.71990002527471
-2.04930003011539	-4.96880007301875	-1.98280002913814	-1.7892000262931	-5.75150008452088	-1.9537000287105
-2.04930003011539	6.4712000950972	-1.98280002913814	-1.7892000262931	5.68850008359507	-1.9537000287105
-2.04220003001105	1.27240001869849	-1.07090001573736	-2.62090003851531	1.75910002585077	-0.789300011599119
-2.04220003001105	1.27240001869849	-1.07090001573736	-1.88750002773766	0.610900008977451	-0.623900009168492
-2.03590002991847	-0.00790000011609406	4.69060006893048	-2.64530003887388	-0.410900006038361	5.02620007386227
-2.03590002991847	-0.00790000011609406	4.69060006893048	-1.31150001927308	0.00320000004702544	4.97580007312162
-2.00390002944821	-2.84730004184236	-3.09090004542217	-2.29460003372018	-2.24390003297512	-2.62800003861964
-1.99980002938796	-2.46900003628307	-4.84310007117154	-1.42220002089987	-2.61080003836688	-4.34400006383704
-1.98010002909846	-2.82230004147497	-0.747600010986319	-1.78400002621668	-2.51670003698404	-0.00960000014107632
-1.97790002906613	-4.48870006596347	4.75280006984454	-1.91830002819028	-4.5024000661648	5.50970008096752
-1.97070002896032	-1.7951000263798	-5.24100007701886	-2.20860003245637	-1.14220001678514	-4.93130007246767
-1.97070002896032	-1.7951000263798	-5.24100007701886	-1.99980002938796	-2.46900003628307	-4.84310007117154
-1.95300002870021	-3.21890004730319	4.15430006104931	-2.35110003455047	-2.83070004159841	4.73820006962998
-1.95300002870021	-3.21890004730319	4.15430006104931	-1.60150002353476	-3.90770005742541	4.44080006525956
-1.94340002855914	-3.05440004488578	0.582700008563039	-2.48690003654612	-2.88040004232878	1.1118000163384
-1.93790002847831	-1.34580001977714	0.530100007790058	-1.79670002640332	-1.10160001618851	1.2763000187558
-1.93790002847831	3.13180004602321	-3.91690005756061	-2.17030003189354	2.91560004284606	-3.22360004737225
-1.93360002841512	-2.1796000320302	1.95190002868405	-1.18220001737296	-2.28760003361731	2.11090003102063
-1.91830002819028	-4.5024000661648	-5.93030008714843	-2.59050003806856	-4.29200006307287	-5.57240008188893
-1.91830002819028	-4.5024000661648	-5.93020008714696	-1.26620001860738	-4.66700006858367	-5.52510008119383
-1.91830002819028	-4.5024000661648	5.50970008096752	-2.59050003806856	-4.29200006307287	5.86760008622703
-1.91830002819028	-4.5024000661648	5.50970008096752	-1.26620001860738	-4.66700006858367	5.91480008692065
-1.90980002806537	3.39250004985432	-2.69540003961012	-2.20940003246813	4.04610005945926	-2.47450003636389
-1.90980002806537	3.39250004985432	-2.69540003961012	-1.24910001835609	3.08810004538102	-2.39410003518238
-1.90420002798308	2.64140003881656	2.16540003182153	-2.69790003964686	2.64920003893119	2.45250003604059
-1.90420002798308	2.64140003881656	2.16540003182153	-1.31950001939065	2.5651000376953	2.69880003966008
-1.89610002786404	3.82410005619687	-4.2814000629171	-1.93790002847831	3.13180004602321	-3.91690005756061
-1.88750002773766	0.610900008977451	-0.623900009168492	-2.41710003552037	-0.00130000001910409	-0.548100008054576
-1.88750002773766	0.610900008977451	-0.623900009168492	-1.17140001721425	0.733000010771765	-0.318000004673153
-1.8368000269926	-4.74460006972403	2.36620003477237	-2.43200003573934	-4.33910006376503	2.68960003952488
-1.8368000269926	-4.74460006972403	2.36620003477237	-1.19300001753167	-4.90600007209588	2.82040004144705
-1.83360002694558	-0.706100010376458	-4.4193000649436	-1.71240002516449	-0.979000014386846	-3.68130005409836
-1.82930002688239	-4.71560006929787	-0.234700003449022	-1.22840001805189	-5.34350007852514	-0.116100001706142
-1.82710002685006	3.44520005062877	-0.753500011073022	-2.17200003191852	3.05510004489607	-0.138700002038259
-1.80280002649296	-3.11690004580425	3.37800004964123	-1.95300002870021	-3.21890004730319	4.15430006104931
-1.79670002640332	-1.10160001618851	1.2763000187558	-2.25430003312795	-1.4556000213907	1.85820002730709
-1.79670002640332	-1.10160001618851	1.2763000187558	-1.25120001838695	-0.573200008423432	1.53090002249727
-1.7892000262931	5.68850008359507	-1.9537000287105	-1.66270002443413	5.3502000786236	-1.21840001790494
-1.78600002624607	5.36950007890722	3.3029000485376	-1.71240002516449	5.2113000765824	4.05260005955478
-1.78400002621668	-2.51670003698404	-0.00960000014107632	-1.94340002855914	-3.05440004488578	0.582700008563039
-1.78400002621668	-2.51670003698404	-0.00960000014107632	-1.46030002145977	-1.78250002619464	0.103600001522449
-1.77490002608296	-5.06590007444568	1.5912000233834	-1.8368000269926	-4.74460006972403	2.36620003477237
-1.77400002606973	1.14850001687773	-2.47730003640504	-1.63730002406086	1.47570002168608	-1.74740002567883
-1.76870002599184	0.454400006677613	1.95300002870021	-1.34260001973011	0.616400009058276	2.54920003746164
-1.73900002555539	-1.39920002056187	-1.72410002533643	-0.909400013364043	-1.56470002299397	-1.53600002257221
-1.71680002522915	3.38180004969708	1.08210001590195	-1.65890002437828	2.71130003984377	1.45580002139364
-1.71680002522915	3.38180004969708	1.08210001590195	-1.18680001744056	3.9849000585599	1.19050001749493
-1.71240002516449	-0.979000014386846	-3.68130005409836	-2.39260003516033	-1.02090001500259	-3.24290004765588
-1.71240002516449	-0.979000014386846	-3.68130005409836	-1.00080001470721	-1.1778000173083	-3.36410004943697
-1.71240002516449	5.2113000765824	4.05260005955478	-2.23530003284874	5.60020008229746	4.54020006672028
-1.71240002516449	5.2113000765824	4.05260005955478	-1.18280001738178	4.6485000683118	4.17220006131236
-1.70920002511746	5.34990007861919	-2.66840003921334	-1.7892000262931	5.68850008359507	-1.9537000287105
-1.69440002489997	-1.86660002743053	-5.96250008762162	-1.97070002896032	-1.7951000263798	-5.24100007701886
-1.69440002489997	-1.86660002743053	5.47750008049433	-1.97070002896032	-1.7951000263798	6.19890009109563
-1.66270002443413	5.3502000786236	-1.21840001790494	-2.14180003147472	4.78270007028393	-0.929200013655013
-1.66270002443413	5.3502000786236	-1.21840001790494	-1.05060001543904	5.62880008271775	-0.792200011641736
-1.65890002437828	2.71130003984377	1.45580002139364	-1.90420002798308	2.64140003881656	2.16540003182153
-1.64820002422104	0.001100000016165	-4.71270006925525	-2.26010003321319	0.4748000069774	-4.64450006825302
-1.64820002422104	0.001100000016165	-4.71270006925525	-1.83360002694558	-0.706100010376458	-4.4193000649436
-1.63730002406086	1.47570002168608	-1.74740002567883	-2.04220003001105	1.27240001869849	-1.07090001573736
-1.63730002406086	1.47570002168608	-1.74740002567883	-1.0816000158946	2.04160003000223	-1.60800002363028
-1.62900002393889	2.45000003600385	-4.20840006184433	-1.93790002847831	3.13180004602321	-3.91690005756061
-1.62200002383602	3.41880005024081	4.20900006185315	-1.48140002176984	4.05870005964443	4.54650006681287
-1.6063000236053	-3.97190005836886	-0.24400000358569	-1.82930002688239	-4.71560006929787	-0.234700003449022
-1.6063000236053	-3.97190005836886	-0.24400000358569	-1.49700002199909	-3.66530005386323	0.473500006958296
-1.60150002353476	-3.90770005742541	4.44080006525956	-1.97790002906613	-4.48870006596347	4.75280006984454
-1.58720002332462	1.61460002372727	0.599900008815801	-1.31700001935391	2.23320003281788	0.915000013446337
-1.58370002327319	4.33420006369302	5.26060007730689	-2.33030003424481	4.54730006682462	5.49910008081175
-1.58370002327319	4.33420006369302	5.26060007730689	-0.946100013903366	4.43600006518902	5.71670008400948
-1.56210002295576	-4.18770006154014	-3.04730004478145	-1.48800002186683	-4.44850006537271	-2.26570003329548
-1.55930002291462	-5.43480007986683	-4.50920006626473	-2.30920003393473	-5.63370008278976	-4.42690006505529
-1.55930002291462	-5.43480007986683	-4.50920006626473	-1.2704000186691	-5.29500007781241	-3.77440005546651
-1.51720002229594	0.370800005449073	-2.53810003729852	-2.05530003020356	-0.185900002731884	-2.48950003658432
-1.51720002229594	0.370800005449073	-2.53810003729852	-1.77400002606973	1.14850001687773	-2.47730003640504
-1.49700002199909	-3.66530005386323	0.473500006958296	-1.94340002855914	-3.05440004488578	0.582700008563039
-1.49700002199909	-3.66530005386323	0.473500006958296	-0.994700014617565	-4.02720005918152	0.870800012796798
-1.48800002186683	-4.44850006537271	-2.26570003329548	-2.04930003011539	-4.96880007301875	-1.98280002913814
-1.48800002186683	-4.44850006537271	-2.26570003329548	-0.862800012679235	-4.20890006185168	-1.80370002650618
-1.48140002176984	4.05870005964443	4.54650006681287	-1.58370002327319	4.33420006369302	5.26060007730689
-1.4694000215935	-3.43650005050092	-0.822600012088478	-1.98010002909846	-2.82230004147497	-0.747600010986319
-1.4694000215935	-3.43650005050092	-0.822600012088478	-1.6063000236053	-3.97190005836886	-0.24400000358569
-1.4651000215303	1.66900002452671	3.60820005302412	-2.052200030158	1.17010001719515	3.88260005705656
-1.4651000215303	1.66900002452671	3.60820005302412	-1.00220001472778	2.1576000317069	4.04060005937844
-1.46030002145977	-1.78250002619464	0.103600001522449	-1.93790002847831	-1.34580001977714	0.530100007790058
-1.44460002122905	-0.0173000002542313	3.09190004543686	-2.10050003086779	-0.0406000005966353	3.47840005111665
-1.44460002122905	-0.0173000002542313	3.09190004543686	-0.937700013779924	-0.588800008652681	3.23930004760297
-1.42330002091603	-2.48890003657551	-3.57400005252154	-2.00390002944821	-2.84730004184236	-3.09090004542217
-1.42330002091603	-2.48890003657551	-3.57400005252154	-0.88800001304956	-1.98500002917047	-3.23420004752803
-1.42220002089987	-2.61080003836688	-4.34400006383704	-1.42330002091603	-2.48890003657551	-3.57400005252154
-1.36390002004312	4.67070006863804	1.51910002232386	-2.06510003034757	4.99020007333324	1.77740002611969
-1.36390002004312	4.67070006863804	1.51910002232386	-0.822700012089947	5.21030007656771	1.66230002442825
-1.34380001974775	1.30050001911143	5.36040007877349	-1.2057000177183	0.516200007585792	5.56840008183015
-1.34260001973011	0.616400009058276	2.54920003746164	-1.44460002122905	-0.0173000002542313	3.09190004543686
-1.34260001973011	0.616400009058276	2.54920003746164	-0.872300012818841	1.24070001823265	2.68070003939409
-1.31950001939065	2.5651000376953	2.69880003966008	-1.19150001750963	1.82190002677364	2.91320004281079
-1.31950001939065	2.5651000376953	2.69880003966008	-0.831800012223676	3.04630004476675	3.12670004594827
-1.31700001935391	2.23320003281788	0.915000013446337	-1.65890002437828	2.71130003984377	1.45580002139364
-1.31150001927308	0.00320000004702544	4.97580007312162	-1.2057000177183	0.516200007585792	5.56840008183015
-1.2704000186691	-5.29500007781241	-3.77440005546651	-1.1893000174773	-5.91190008687803	-3.28000004820108
-1.2704000186691	-5.29500007781241	-3.77440005546651	-1.10630001625758	-4.51230006631028	-3.64480005356198
-1.2704000186691	6.14490009030207	-3.77440005546651	-1.1893000174773	5.52810008123792	-3.28000004820108
-1.26620001860738	-4.66700006858367	-5.52510008119383	-1.07730001583141	-5.33370007838112	-5.13620007547877
-1.26620001860738	-4.66700006858367	-5.52510008119383	-0.708500010411727	-4.07330005985898	-5.44810008006228
-1.25120001838695	-0.573200008423432	1.53090002249727	-0.619200009099423	-0.887400013040743	1.95500002872961
-1.24910001835609	3.08810004538102	-2.39410003518238	-1.15150001692181	2.79620004109142	-1.6710000245561
-1.23960001821648	0.148800002186683	1.4638000215112	-1.76870002599184	0.454400006677613	1.95300002870021
-1.23960001821648	0.148800002186683	1.4638000215112	-1.25120001838695	-0.573200008423432	1.53090002249727
-1.2392000182106	-4.76160006997386	1.05430001549341	-1.77490002608296	-5.06590007444568	1.5912000233834
-1.22840001805189	-5.34350007852514	-0.116100001706142	-0.927800013634439	-5.36240007880288	0.651000009566738
-1.21270001782117	-5.69060008362593	2.83790004170422	-1.78600002624607	-6.07050008920873	3.3029000485376
-1.21270001782117	5.74940008449002	2.83790004170422	-1.78600002624607	5.36950007890722	3.3029000485376
-1.2057000177183	0.516200007585792	-5.87150008628434	-1.00100001471015	0.324400004767204	-5.07970007464848
-1.2057000177183	0.516200007585792	5.56840008183015	-1.00100001471015	0.324400004767204	6.36030009346747
-1.19300001753167	-4.90600007209588	2.82040004144705	-1.21270001782117	-5.69060008362593	2.83790004170422
-1.19300001753167	-4.90600007209588	2.82040004144705	-0.664000009757779	-4.38180006439252	3.180100046733
-1.19150001750963	1.82190002677364	2.91320004281079	-1.4651000215303	1.66900002452671	3.60820005302412
-1.1893000174773	5.52810008123792	-3.28000004820108	-1.70920002511746	5.34990007861919	-2.66840003921334
-1.18680001744056	3.9849000585599	1.19050001749493	-1.36390002004312	4.67070006863804	1.51910002232386
-1.18280001738178	4.6485000683118	4.17220006131236	-1.48140002176984	4.05870005964443	4.54650006681287
-1.18220001737296	-2.28760003361731	2.11090003102063	-1.06040001558306	-1.9501000286576	2.67310003928241
-1.17610001728332	2.88910004245663	3.868000056842	-1.62200002383602	3.41880005024081	4.20900006185315
-1.17610001728332	2.88910004245663	3.868000056842	-1.00220001472778	2.1576000317069	4.04060005937844
-1.17140001721425	0.733000010771765	-0.318000004673153	-1.15380001695561	0.918500013497771	0.447100006570336
-1.15380001695561	0.918500013497771	0.447100006570336	-1.58720002332462	1.61460002372727	0.599900008815801
-1.15380001695561	0.918500013497771	0.447100006570336	-0.779400011453634	0.552300008116297	1.00660001479244
-1.15150001692181	2.79620004109142	-1.6710000245561	-1.1187000164398	3.17700004668745	-0.972600014292795
-1.15150001692181	2.79620004109142	-1.6710000245561	-1.0816000158946	2.04160003000223	-1.60800002363028
-1.13680001670579	-2.63220003868136	3.09020004541188	-1.80280002649296	-3.11690004580425	3.37800004964123
-1.13680001670579	-2.63220003868136	3.09020004541188	-0.416300006117716	-2.96300004354262	3.23490004753831
-1.1200000164589	4.05930005965324	-4.35570006400897	-1.89610002786404	3.82410005619687	-4.2814000629171
-1.1200000164589	4.05930005965324	-4.35570006400897	-0.713400010483734	4.32390006354166	-3.68880005420858
-1.1187000164398	3.17700004668745	-0.972600014292795	-1.82710002685006	3.44520005062877	-0.753500011073022
-1.1187000164398	3.17700004668745	-0.972600014292795	-0.476800007006791	3.30070004850527	-0.47920000704206
-1.10630001625758	-4.51230006631028	-3.64480005356198	-1.56210002295576	-4.18770006154014	-3.04730004478145
-1.0816000158946	2.04160003000223	-1.60800002363028	-0.376400005531368	1.84580002712486	-1.38620002037083
-1.07730001583141	-5.33370007838112	-5.13620007547877	-1.55930002291462	-5.43480007986683	-4.50920006626473
-1.06040001558306	-1.9501000286576	2.67310003928241	-1.13680001670579	-2.63220003868136	3.09020004541188
-1.06040001558306	-1.9501000286576	2.67310003928241	-0.907900013342	-1.18300001738472	2.72180003999808
-1.05060001543904	-5.8112000853982	-0.792200011641736	-1.22840001805189	-5.34350007852514	-0.116100001706142
-1.05060001543904	5.62880008271775	-0.792200011641736	-1.22840001805189	6.09640008958934	-0.116100001706142
-1.00220001472778	2.1576000317069	4.04060005937844	-0.516400007588731	1.76760002597568	4.45320006544178
-1.00100001471015	0.324400004767204	-5.07970007464848	-1.64820002422104	0.001100000016165	-4.71270006925525
-1.00100001471015	0.324400004767204	-5.07970007464848	-0.247900003643002	0.434000006377825	-4.77490007016931
-1.00080001470721	-1.1778000173083	-3.36410004943697	-0.88800001304956	-1.98500002917047	-3.23420004752803
-1.00080001470721	-1.1778000173083	-3.36410004943697	-0.505000007421203	-0.501400007368299	-3.2264000474134
-0.994700014617565	-4.02720005918152	0.870800012796798	-1.2392000182106	-4.76160006997386	1.05430001549341
-0.994700014617565	-4.02720005918152	0.870800012796798	-0.360200005293301	-3.59290005279928	0.999300014685164
-0.946100013903366	4.43600006518902	-5.72330008410647	-0.790400011615284	3.99130005865395	-5.08930007478956
-0.946100013903366	4.43600006518902	5.71670008400948	-0.790400011615284	3.99130005865395	6.3507000933264
-0.943800013869566	-1.66520002447086	5.34500007854718	-1.69440002489997	-1.86660002743053	5.47750008049433
-0.943800013869566	-1.66520002447086	5.34500007854718	-0.514800007565218	-2.28540003358498	5.42950007978895
-0.937700013779924	-0.588800008652681	3.23930004760297	-0.476000006995034	-0.515000007568157	3.88680005711828
-0.927800013634439	-5.36240007880288	0.651000009566738	-1.2392000182106	-4.76160006997386	1.05430001549341
-0.927800013634439	-5.36240007880288	0.651000009566738	-0.45730000672023	-5.80500008530709	1.08270001591076
-0.927800013634439	6.07760008931307	0.651000009566738	-0.45730000672023	5.63500008280886	1.08270001591076
-0.909400013364043	-1.56470002299397	-1.53600002257221	-0.523700007696008	-1.21500001785497	-0.896500013174471
-0.907900013342	-1.18300001738472	2.72180003999808	-0.937700013779924	-0.588800008652681	3.23930004760297
-0.88800001304956	-1.98500002917047	-3.23420004752803	-0.286000004202899	-2.19410003224329	-2.78190004088127
-0.883900012989309	-3.48340005119013	-1.4047000206427	-1.4694000215935	-3.43650005050092	-0.822600012088478
-0.872300012818841	1.24070001823265	2.68070003939409	-1.19150001750963	1.82190002677364	2.91320004281079
-0.862800012679235	-4.20890006185168	-1.80370002650618	-0.883900012989309	-3.48340005119013	-1.4047000206427
-0.862800012679235	-4.20890006185168	-1.80370002650618	-0.177500002608442	-4.67480006869829	-1.69730002494259
-0.83530001227511	2.50180003676508	-4.2535000625071	-1.62900002393889	2.45000003600385	-4.20840006184433
-0.83530001227511	2.50180003676508	-4.2535000625071	-0.471500006928905	2.50280003677977	-3.47980005113723
-0.831800012223676	3.04630004476675	3.12670004594827	-1.17610001728332	2.88910004245663	3.868000056842
-0.82640001214432	-3.95360005809993	4.41360006485984	-1.60150002353476	-3.90770005742541	4.44080006525956
-0.82640001214432	-3.95360005809993	4.41360006485984	-0.451400006633526	-3.47920005112841	4.8695000715595
-0.825100012125216	-2.8895000424625	-4.74620006974755	-1.42220002089987	-2.61080003836688	-4.34400006383704
-0.825100012125216	-2.8895000424625	-4.74620006974755	-0.689700010135452	-3.68790005419535	-4.73170006953446
-0.822700012089947	5.21030007656771	1.66230002442825	-0.698600010266242	5.30080007789764	2.40320003531611
-0.790400011615284	3.99130005865395	-5.08930007478956	-1.1200000164589	4.05930005965324	-4.35570006400897
-0.779400011453634	0.552300008116297	1.00660001479244	-1.23960001821648	0.148800002186683	1.4638000215112
-0.779400011453634	0.552300008116297	1.00660001479244	0.0410000006025135	0.67040000985183	1.04710001538761
-0.759700011164134	0.0579000008508666	-2.61260003839333	-1.51720002229594	0.370800005449073	-2.53810003729852
-0.759700011164134	0.0579000008508666	-2.61260003839333	-0.274000004026553	0.309400004546772	-2.04580003006395
-0.756300011114169	-0.496600007297761	4.6449000682589	-1.31150001927308	0.00320000004702544	4.97580007312162
-0.756300011114169	-0.496600007297761	4.6449000682589	-0.525600007723929	-1.00150001471749	5.18030007612684
-0.753300011070083	3.12830004597178	-2.98980004393646	-1.24910001835609	3.08810004538102	-2.39410003518238
-0.739100010861407	-1.6375000240638	-0.216900003187443	-1.46030002145977	-1.78250002619464	0.103600001522449
-0.739100010861407	-1.6375000240638	-0.216900003187443	-0.0810000011903315	-1.96670002890154	0.0951000013975373
-0.713400010483734	4.32390006354166	-3.68880005420858	-0.582000008552752	5.10400007500558	-3.48020005114311
-0.713400010483734	4.32390006354166	-3.68880005420858	-0.448000006583562	3.73620005490514	-3.27670004815258
-0.708500010411727	-4.07330005985898	-5.44810008006228	-0.689700010135452	-3.68790005419535	-4.73170006953446
-0.698600010266242	-6.13910009021684	2.40320003531611	-1.21270001782117	-5.69060008362593	2.83790004170422
-0.698600010266242	5.30080007789764	2.40320003531611	-1.21270001782117	5.74940008449002	2.83790004170422
-0.698600010266242	5.30080007789764	2.40320003531611	-0.186300002737762	5.05640007430608	2.87720004228175
-0.689700010135452	-3.68790005419535	-4.73170006953446	-0.540500007942891	-4.22350006206624	-4.16650006122859
-0.682300010026706	1.72270002531585	-6.2062000912029	-0.295900004348384	2.00370002944527	-5.56700008180957
-0.682300010026706	1.72270002531585	5.23380007691305	-1.34380001974775	1.30050001911143	5.36040007877349
-0.682300010026706	1.72270002531585	5.23380007691305	-0.295900004348384	2.00370002944527	5.87300008630638
-0.664000009757779	-4.38180006439252	3.180100046733	-0.427800006286714	-4.4620000655711	3.93330005780162
-0.61980000910824	2.43040003571582	0.607800008931895	-1.31700001935391	2.23320003281788	0.915000013446337
-0.619200009099423	-0.887400013040743	1.95500002872961	-0.907900013342	-1.18300001738472	2.72180003999808
-0.582000008552752	5.10400007500558	-3.48020005114311	-1.1893000174773	5.52810008123792	-3.28000004820108
-0.540500007942891	-4.22350006206624	-4.16650006122859	-1.10630001625758	-4.51230006631028	-3.64480005356198
-0.531700007813571	0.729000010712983	-0.773400011365461	-1.17140001721425	0.733000010771765	-0.318000004673153
-0.531700007813571	0.729000010712983	-0.773400011365461	-0.194000002850917	1.43610002110414	-0.738800010856999
-0.525600007723929	-1.00150001471749	5.18030007612684	-0.943800013869566	-1.66520002447086	5.34500007854718
-0.525600007723929	-1.00150001471749	5.18030007612684	0.159000002336577	-0.841400012364752	5.61630008253406
-0.523700007696008	-1.21500001785497	-0.896500013174471	-0.739100010861407	-1.6375000240638	-0.216900003187443
-0.521400007662208	3.16840004656107	0.323000004746631	-0.61980000910824	2.43040003571582	0.607800008931895
-0.521400007662208	3.16840004656107	0.323000004746631	-0.464100006820159	3.76290005529751	0.884900013004004
-0.516400007588731	1.76750002597421	4.45320006544178	-0.682300010026706	1.72270002531585	5.23380007691305
-0.514800007565218	-2.28540003358498	-6.01050008832701	-0.422600006210297	-2.32050003410079	-5.17270007601516
-0.514800007565218	-2.28540003358498	5.42950007978895	-0.422600006210297	-2.32050003410079	6.2673000921008
-0.512900007537297	-2.15770003170837	-1.98540002917635	-0.909400013364043	-1.56470002299397	-1.53600002257221
-0.512900007537297	-2.15770003170837	-1.98540002917635	-0.411500006047178	-2.80580004123249	-1.44840002128489
-0.505000007421203	-0.501400007368299	-3.2264000474134	-0.759700011164134	0.0579000008508666	-2.61260003839333
-0.476800007006791	3.30070004850527	-0.47920000704206	-0.521400007662208	3.16840004656107	0.323000004746631
-0.476000006995034	-0.515000007568157	3.88680005711828	-0.756300011114169	-0.496600007297761	4.6449000682589
-0.471500006928905	2.50280003677977	-3.47980005113723	-0.753300011070083	3.12830004597178	-2.98980004393646
-0.471500006928905	2.50280003677977	-3.47980005113723	0.115700001700264	2.03750002994198	-3.20460004709304
-0.470000006906862	4.69240006895693	3.92160005762968	-1.18280001738178	4.6485000683118	4.17220006131236
-0.470000006906862	4.69240006895693	3.92160005762968	0.0405000005951657	5.12170007526569	4.33340006368127
-0.464100006820159	3.76290005529751	0.884900013004004	-1.18680001744056	3.9849000585599	1.19050001749493
-0.464100006820159	3.76290005529751	0.884900013004004	0.299800004405696	4.02270005911539	1.03210001516717
-0.45730000672023	5.63500008280886	1.08270001591076	-0.822700012089947	5.21030007656771	1.66230002442825
-0.451400006633526	-3.47920005112841	4.8695000715595	-0.238300003501926	-2.7572000405183	4.90580007209294
-0.451400006633526	-3.47920005112841	4.8695000715595	-0.196200002883247	-3.83120005630121	5.47560008046641
-0.448000006583562	3.73620005490514	-3.27670004815258	-0.753300011070083	3.12830004597178	-2.98980004393646
-0.448000006583562	3.73620005490514	-3.27670004815258	0.278700004095622	3.72840005479052	-3.16300004648171
-0.446000006554171	2.60820003832867	-5.0271000738755	-0.83530001227511	2.50180003676508	-4.2535000625071
-0.435800006404277	-5.85490008604039	-5.30140007790646	-1.07730001583141	-5.33370007838112	-5.13620007547877
-0.435800006404277	-5.85490008604039	-5.30140007790646	0.143900002114675	-5.69840008374056	-4.79230007042501
-0.435800006404277	5.58500008207409	-5.30140007790646	-1.07730001583141	6.10630008973483	-5.13620007547877
-0.435800006404277	5.58500008207409	-5.30140007790646	0.143900002114675	5.74150008437393	-4.79230007042501
-0.434200006380765	-2.60280003824932	1.91520002814473	-1.18220001737296	-2.28760003361731	2.11090003102063
-0.427800006286714	-4.4620000655711	3.93330005780162	-0.82640001214432	-3.95360005809993	4.41360006485984
-0.427800006286714	-4.4620000655711	3.93330005780162	0.178900002629016	-4.98330007323184	4.11180006042475
-0.422600006210297	-2.32050003410079	-5.17270007601516	-0.825100012125216	-2.8895000424625	-4.74620006974755
-0.422600006210297	-2.32050003410079	-5.17270007601516	0.0938000013784333	-1.72890002540696	-4.89020007186369
-0.416300006117716	-2.96300004354262	3.23490004753831	0.125400001842809	-2.49480003666221	3.63170005336947
-0.411500006047178	-2.80580004123249	-1.44840002128489	-0.883900012989309	-3.48340005119013	-1.4047000206427
-0.411500006047178	-2.80580004123249	-1.44840002128489	0.201700002964072	-2.77170004073138	-0.885600013014291
-0.376400005531368	1.84580002712486	-1.38620002037083	-0.194000002850917	1.43610002110414	-0.738800010856999
-0.368400005413804	5.00170007350223	-5.83610008576412	-0.435800006404277	5.58500008207409	-5.30140007790646
-0.368400005413804	5.00170007350223	5.60380008235037	-0.946100013903366	4.43600006518902	5.71670008400948
-0.368400005413804	5.00170007350223	5.60380008235037	-0.435800006404277	5.58500008207409	6.13850009020802
-0.360200005293301	-3.59290005279928	0.999300014685164	-0.205800003024324	-3.35310004927532	1.74540002564944
-0.330600004858316	5.47280008042526	-1.06590001566388	-1.05060001543904	5.62880008271775	-0.792200011641736
-0.3208000047143	-3.7557000551917	2.91440004282842	-0.664000009757779	-4.38180006439252	3.180100046733
-0.3208000047143	-3.7557000551917	2.91440004282842	-0.416300006117716	-2.96300004354262	3.23490004753831
-0.295900004348384	2.00370002944527	-5.56700008180957	-0.446000006554171	2.60820003832867	-5.0271000738755
-0.295900004348384	2.00370002944527	-5.56700008180957	0.363200005337388	1.58900002335107	-5.41120007952002
-0.286000004202899	-2.19410003224329	-2.78190004088127	-0.512900007537297	-2.15770003170837	-1.98540002917635
-0.274000004026553	0.309400004546772	-2.04580003006395	-0.267600003932503	0.136100002000051	-1.24190001825028
-0.267600003932503	0.136100002000051	-1.24190001825028	-0.531700007813571	0.729000010712983	-0.773400011365461
-0.267600003932503	0.136100002000051	-1.24190001825028	0.00040000000587818	-0.583300008571856	-0.960900014120858
-0.250900003687089	4.3579000640413	3.22160004734286	-0.470000006906862	4.69240006895693	3.92160005762968
-0.247900003643002	0.434000006377825	-4.77490007016931	0.0195000002865613	-0.311500004577633	-4.52160006644695
-0.247900003643002	0.434000006377825	-4.77490007016931	0.266500003916338	1.12500001653238	-4.73800006962704
-0.238300003501926	-2.7572000405183	4.90580007209294	-0.514800007565218	-2.28540003358498	5.42950007978895
-0.22200000326239	3.39350004986901	-5.15250007571831	-0.790400011615284	3.99130005865395	-5.08930007478956
-0.22200000326239	3.39350004986901	-5.15250007571831	-0.446000006554171	2.60820003832867	-5.0271000738755
-0.205800003024324	-3.35310004927532	1.74540002564944	-0.434200006380765	-2.60280003824932	1.91520002814473
-0.205800003024324	-3.35310004927532	1.74540002564944	0.149800002201378	-3.78070005555909	2.3218000341199
-0.196300002884717	-3.83120005630121	5.47560008046641	0.559400008220635	-3.88550005709917	5.48150008055311
-0.196200002883247	-3.83120005630121	-5.96430008764808	-0.708500010411727	-4.07330005985898	-5.44810008006228
-0.196200002883247	-3.83120005630121	5.47560008046641	-0.708500010411727	-4.07330005985898	5.9918000880522
-0.194000002850917	1.43610002110414	-0.738800010856999	0.274000004026553	1.72140002529675	-0.151200002221952
-0.186300002737762	5.05640007430608	2.87720004228175	-0.250900003687089	4.3579000640413	3.22160004734286
-0.186300002737762	5.05640007430608	2.87720004228175	0.41540000610449	5.54330008146129	3.1266000459468
-0.177500002608442	-4.67480006869829	-1.69730002494259	0.0317000004658458	-5.27890007757581	-1.2159000178682
-0.173500002549661	3.57030005246717	3.06080004497983	-0.831800012223676	3.04630004476675	3.12670004594827
-0.173500002549661	3.57030005246717	3.06080004497983	-0.250900003687089	4.3579000640413	3.22160004734286
-0.0810000011903315	-1.96670002890154	0.0951000013975373	0.426000006260262	-1.59990002351125	0.572100008407267
-0.0742000010904024	1.30180001913054	2.62770003861524	-0.872300012818841	1.24070001823265	2.68070003939409
-0.0742000010904024	1.30180001913054	2.62770003861524	0.217300003193321	0.961500014129676	3.31880004877126
-0.0588000008640925	1.86310002737909	0.579500008516014	-0.61980000910824	2.43040003571582	0.607800008931895
-0.0588000008640925	1.86310002737909	0.579500008516014	0.132000001939799	1.40990002071912	1.22840001805189
0.00040000000587818	-0.583300008571856	-0.960900014120858	-0.523700007696008	-1.21500001785497	-0.896500013174471
0.00040000000587818	-0.583300008571856	-0.960900014120858	0.823700012104642	-0.55380000813834	-0.766900011269941
0.0195000002865613	-0.311500004577633	-4.52160006644695	0.187400002753927	-0.416100006114777	-3.71110005453629
0.0317000004658458	-5.27890007757581	-1.2159000178682	-0.330600004858316	-5.96710008768922	-1.06590001566388
0.0317000004658458	-5.27890007757581	-1.2159000178682	0.753400011071552	-5.18880007625175	-0.851200012508767
0.0317000004658458	6.16100009053867	-1.2159000178682	-0.330600004858316	5.47280008042526	-1.06590001566388
0.0405000005951657	5.12170007526569	4.33340006368127	0.223800003288842	4.92370007235599	5.03420007397984
0.0410000006025135	0.67040000985183	1.04710001538761	0.132000001939799	1.40990002071912	1.22840001805189
0.0785000011535929	-0.91000001337286	-5.03330007396661	0.0195000002865613	-0.311500004577633	-4.52160006644695
0.0785000011535929	-0.91000001337286	-5.03330007396661	0.0938000013784333	-1.72890002540696	-4.89020007186369
0.0938000013784333	-1.72890002540696	-4.89020007186369	0.720200010583663	-2.00770002950406	-4.51130006629559
0.0996000014636669	-2.71640003991872	-0.10330000151804	-0.0810000011903315	-1.96670002890154	0.0951000013975373
0.0996000014636669	-2.71640003991872	-0.10330000151804	0.195100002867082	-3.30350004854642	0.451500006634996
0.108200001590048	-0.891300013098055	1.6339000240109	-0.619200009099423	-0.887400013040743	1.95500002872961
0.115700001700264	2.03750002994198	-3.20460004709304	0.20880000306841	1.60360002356562	-2.52620003712365
0.124900001835462	1.43740002112324	4.01480005899929	-0.516400007588731	1.76760002597568	4.45320006544178
0.124900001835462	1.43740002112324	4.01480005899929	0.803200011803386	1.6260000238948	4.28590006298323
0.125400001842809	-2.49480003666221	3.63170005336947	0.304600004476234	-2.56490003769236	4.3763000643117
0.132000001939799	1.40990002071912	1.22840001805189	0.343700005050826	1.63500002402706	1.96910002893681
0.143900002114675	-5.69840008374056	-4.79230007042501	0.430700006329331	-6.16220009055631	-4.24710006241305
0.143900002114675	5.74150008437393	-4.79230007042501	0.430700006329331	5.27780007755965	-4.24710006241305
0.149800002201378	-3.78070005555909	2.3218000341199	-0.3208000047143	-3.7557000551917	2.91440004282842
0.149800002201378	-3.78070005555909	2.3218000341199	0.869400012776225	-4.17460006134763	2.33440003430506
0.152800002245465	-6.00350008822414	-3.51820005170153	0.666200009790109	-5.54960008155387	-3.05640004491518
0.152800002245465	5.43640007989035	-3.51820005170153	-0.582000008552752	5.10400007500558	-3.48020005114311
0.152800002245465	5.43640007989035	-3.51820005170153	0.666200009790109	5.89040008656208	-3.05640004491518
0.159000002336577	-0.841400012364752	-5.82370008558189	0.0785000011535929	-0.91000001337286	-5.03330007396661
0.159000002336577	-0.841400012364752	5.61630008253406	0.0785000011535929	-0.91000001337286	6.40670009414934
0.172800002539374	4.81130007070422	-1.23290001811802	-0.330600004858316	5.47280008042526	-1.06590001566388
0.172800002539374	4.81130007070422	-1.23290001811802	0.42430000623528	4.31960006347847	-0.595200008746732
0.178900002629016	-4.98330007323184	4.11180006042475	0.841600012367691	-4.74590006974314	4.53190006659831
0.185100002720128	-2.07280003046073	1.906100028011	-0.434200006380765	-2.60280003824932	1.91520002814473
0.185100002720128	-2.07280003046073	1.906100028011	0.742800010915781	-2.052200030158	2.49360003664458
0.186300002737762	2.06800003039019	-1.87500002755397	-0.376400005531368	1.84580002712486	-1.38620002037083
0.186300002737762	2.06800003039019	-1.87500002755397	0.610400008970103	2.71170003984965	-1.6585000243724
0.187400002753927	-0.416100006114777	-3.71110005453629	-0.505000007421203	-0.501400007368299	-3.22650004741487
0.187400002753927	-0.416100006114777	-3.71110005453629	0.998100014667529	-0.414500006091264	-3.44620005064346
0.195100002867082	-3.30350004854642	0.451500006634996	-0.360200005293301	-3.59290005279928	0.999300014685164
0.195100002867082	-3.30350004854642	0.451500006634996	0.95620001405179	-3.59360005280957	0.4551000066879
0.201400002959664	-4.48190006586354	-4.19080006158569	-0.540500007942891	-4.22350006206624	-4.16650006122859
0.201400002959664	-4.48190006586354	-4.19080006158569	0.633200009305159	-4.26800006272018	-3.56290005235842
0.201700002964072	-2.77170004073138	-0.885600013014291	0.0996000014636669	-2.71640003991872	-0.10330000151804
0.20880000306841	1.60360002356562	-2.52620003712365	0.186300002737762	2.06800003039019	-1.87500002755397
0.20880000306841	1.60360002356562	-2.52620003712365	0.314200004617311	0.827900012166363	-2.33340003429036
0.215700003169809	-5.7209000840712	3.88920005715355	0.178900002629016	-4.98330007323184	4.11180006042475
0.215700003169809	5.71900008404328	3.88920005715355	0.0405000005951657	5.12170007526569	4.33340006368127
0.215700003169809	5.71900008404328	3.88920005715355	0.178900002629016	6.45670009488411	4.11180006042475
0.217300003193321	0.961500014129676	3.31880004877126	0.124900001835462	1.43740002112324	4.01480005899929
0.217300003193321	0.961500014129676	3.31880004877126	0.580800008535118	0.216900003187443	3.35740004933851
0.223800003288842	4.92370007235599	5.03420007397984	-0.368400005413804	5.00170007350223	5.60380008235037
0.223800003288842	4.92370007235599	5.03420007397984	0.945600013896018	4.63090006805316	5.27190007747294
0.250000003673863	-1.56300002296899	1.35240001987413	0.108200001590048	-0.891300013098055	1.6339000240109
0.250000003673863	-1.56300002296899	1.35240001987413	0.185100002720128	-2.07280003046073	1.906100028011
0.251400003694436	3.54510005209684	-0.665600009781292	-0.476800007006791	3.30070004850527	-0.47920000704206
0.251400003694436	3.54510005209684	-0.665600009781292	0.42430000623528	4.31960006347847	-0.595200008746732
0.265200003897233	-0.46810000687894	3.62480005326807	-0.476000006995034	-0.515000007568157	3.88680005711828
0.265200003897233	-0.46810000687894	3.62480005326807	0.708200010407318	-1.18710001744497	3.63740005345323
0.266500003916338	1.12500001653238	-4.73800006962704	0.750500011028936	1.45840002143184	-4.1921000616048
0.274000004026553	1.72140002529675	-0.151200002221952	-0.0588000008640925	1.86310002737909	0.579500008516014
0.278700004095622	3.72840005479052	-3.16300004648171	0.579700008518953	3.87870005699924	-2.4111000354322
0.299800004405696	4.02270005911539	1.03210001516717	0.836900012298622	3.54830005214387	1.40000002057363
0.304600004476234	-2.56490003769236	4.3763000643117	-0.238300003501926	-2.7572000405183	4.90580007209294
0.304600004476234	-2.56490003769236	4.3763000643117	1.01410001490266	-2.44220003588923	4.67400006868654
0.311600004579102	-5.90000008670316	1.05200001545961	0.871300012804146	-5.28010007759345	1.32390001945531
0.311600004579102	5.53990008141133	1.05200001545961	-0.45730000672023	5.63500008280886	1.08270001591076
0.311600004579102	5.53990008141133	1.05200001545961	0.871300012804146	6.15990009052251	1.32390001945531
0.314200004617311	0.827900012166363	-2.33340003429036	-0.274000004026553	0.309400004546772	-2.04580003006395
0.343700005050826	1.63500002402706	1.96910002893681	-0.0742000010904024	1.30180001913054	2.62770003861524
0.363200005337388	1.58900002335107	-5.41120007952002	0.266500003916338	1.12500001653238	-4.73800006962704
0.41540000610449	5.54330008146129	3.1266000459468	0.215700003169809	5.71900008404328	3.88920005715355
0.42430000623528	4.31960006347847	-0.595200008746732	0.811500011925358	4.75270006984307	-0.0149000002189622
0.426000006260262	-2.40990003541457	-3.16450004650375	0.886900013033395	-2.98890004392323	-3.07920004525023
0.426000006260262	-1.59990002351125	0.572100008407267	0.250000003673863	-1.56300002296899	1.35240001987413
0.426100006261731	-2.40990003541457	-3.16450004650375	-0.286000004202899	-2.19410003224329	-2.78190004088127
0.430700006329331	5.27780007755965	-4.24710006241305	0.152800002245465	5.43640007989035	-3.51820005170153
0.467900006876001	-4.49100006599727	-2.14520003152468	-0.177500002608442	-4.67480006869829	-1.69730002494259
0.467900006876001	-4.49100006599727	-2.14520003152468	1.0294000151275	-4.03700005932553	-1.71210002516008
0.470200006909801	-4.96160007291295	-4.82470007090114	0.143900002114675	-5.69840008374056	-4.79230007042501
0.470200006909801	-4.96160007291295	-4.82470007090114	0.201400002959664	-4.48190006586354	-4.19080006158569
0.470500006914209	4.78960007038533	0.733600010780583	0.299800004405696	4.02270005911539	1.03210001516717
0.470500006914209	4.78960007038533	0.733600010780583	0.311600004579102	5.53990008141133	1.05200001545961
0.510700007504967	3.6851000541542	-5.28520007766839	-0.22200000326239	3.39350004986901	-5.15250007571831
0.510700007504967	3.6851000541542	-5.28520007766839	0.744600010942232	3.97080005835269	-4.53300006661448
0.531500007810632	-1.87630002757307	3.23970004760885	0.125400001842809	-2.49480003666221	3.63170005336947
0.531500007810632	-1.87630002757307	3.23970004760885	0.708200010407318	-1.18710001744497	3.63740005345323
0.559400008220635	-3.88550005709917	5.48150008055311	1.07130001574324	-3.34090004909603	5.61290008248409
0.572300008410206	4.56480006708179	-1.94960002865025	0.172800002539374	4.81130007070422	-1.23290001811802
0.575600008458701	-4.73330006955798	-2.90840004274025	0.467900006876001	-4.49100006599727	-2.14520003152468
0.579700008518953	3.87870005699924	-2.4111000354322	0.572300008410206	4.56480006708179	-1.94960002865025
0.579700008518953	3.87870005699924	-2.4111000354322	0.965300014185518	3.2530000478043	-2.04440003004338
0.580800008535118	0.216900003187443	3.35740004933851	0.265200003897233	-0.46810000687894	3.62480005326807
0.597400008779062	3.30070004850527	2.853400041932	-0.173500002549661	3.57030005246717	3.06080004497983
0.597400008779062	3.30070004850527	2.853400041932	1.26060001852508	3.30320004854201	3.37710004962801
0.610400008970103	2.71170003984965	-1.6585000243724	0.730200010730618	2.92180004293717	-0.924100013580066
0.633200009305159	-4.26800006272018	-3.56290005235842	0.575600008458701	-4.73330006955798	-2.90840004274025
0.633200009305159	-4.26800006272018	-3.56290005235842	1.10740001627374	-3.63190005337241	-3.55620005225996
0.655200009628459	0.184200002706902	0.943700013868097	0.0410000006025135	0.67040000985183	1.04710001538761
0.655200009628459	0.184200002706902	0.943700013868097	0.748900011005423	-0.395500005812051	1.50970002218572
0.666200009790109	-5.54960008155387	-3.05640004491518	0.575600008458701	-4.73330006955798	-2.90840004274025
0.666200009790109	-5.54960008155387	-3.05640004491518	1.25940001850745	-5.90780008681778	-2.76040004056532
0.666200009790109	5.89040008656208	-3.05640004491518	1.25940001850745	5.53220008129817	-2.76040004056532
0.698800010269181	2.11260003104561	-3.75030005511235	0.115700001700264	2.03750002994198	-3.20460004709304
0.698800010269181	2.11260003104561	-3.75030005511235	1.08950001601069	2.8478000418497	-3.71260005455833
0.708200010407318	-1.18710001744497	3.63740005345323	1.39600002051485	-1.26100001853096	4.10960006039242
0.719700010576316	3.52810005184702	-3.84230005646433	0.278700004095622	3.72840005479052	-3.16300004648171
0.719700010576316	3.52810005184702	-3.84230005646433	1.08950001601069	2.8478000418497	-3.71260005455833
0.720200010583663	-2.00770002950406	-4.51130006629559	0.867400012746834	-2.04710003008306	-3.72410005472733
0.730200010730618	2.92180004293717	-0.924100013580066	0.251400003694436	3.54510005209684	-0.665600009781292
0.730200010730618	2.92180004293717	-0.924100013580066	1.24570001830612	2.55620003756451	-0.484300007117007
0.742800010915781	-2.052200030158	2.49360003664458	0.531500007810632	-1.87630002757307	3.23970004760885
0.744600010942232	3.97080005835269	-4.53300006661448	0.719700010576316	3.52810005184702	-3.84230005646433
0.744600010942232	3.97080005835269	-4.53300006661448	0.954100014020929	4.71940006935371	-4.49580006606781
0.748900011005423	-0.395500005812051	1.50970002218572	0.108200001590048	-0.891300013098055	1.6339000240109
0.748900011005423	-0.395500005812051	1.50970002218572	1.47740002171106	-0.477800007021486	1.89110002779057
0.750500011028936	1.45840002143184	-4.1921000616048	0.698800010269181	2.11260003104561	-3.75030005511235
0.750500011028936	1.45840002143184	-4.1921000616048	1.38460002034732	1.01340001489237	-4.13590006077891
0.753400011071552	-5.18880007625175	-0.851200012508767	1.10640001625905	-4.62220006792531	-0.531200007806223
0.780500011469799	3.00800004420392	2.07480003049012	0.597400008779062	3.30070004850527	2.853400041932
0.803200011803386	1.6260000238948	4.28590006298323	1.08460001593869	1.24900001835462	4.91460007222226
0.811500011925358	4.75270006984307	-0.0149000002189622	0.470500006914209	4.78960007038533	0.733600010780583
0.812500011940053	-4.53800006668795	-6.11590008987591	0.995000014621973	-4.86370007147426	-5.4556000801725
0.812500011940053	-4.53800006668795	5.32410007824005	0.559400008220635	-3.88550005709917	5.48150008055311
0.812500011940053	-4.53800006668795	5.32410007824005	0.995000014621973	-4.86370007147426	5.98440008794345
0.823700012104642	-0.55380000813834	-0.766900011269941	1.06900001570944	-0.561500008251495	-0.0561000008244148
0.836900012298622	3.54830005214387	1.40000002057363	0.780500011469799	3.00800004420392	2.07480003049012
0.841600012367691	-4.74590006974314	4.53190006659831	0.812500011940053	-4.53800006668795	5.32410007824005
0.867400012746834	-2.04710003008306	-3.72410005472733	0.426100006261731	-2.40990003541457	-3.16450004650375
0.867400012746834	-2.04710003008306	-3.72410005472733	1.54520002270741	-1.70470002505133	-3.41300005015557
0.869400012776225	-4.17460006134763	2.33440003430506	1.52230002237088	-3.65920005377359	2.55860003759978
0.871300012804146	-5.28010007759345	1.32390001945531	0.931700013691751	-5.01980007376822	2.13130003132041
0.886900013033395	-2.98890004392323	-3.07920004525023	1.22310001797401	-2.88900004245516	-2.40130003528819
0.891600013102464	-0.653800009607886	5.50970008096752	0.159000002336577	-0.841400012364752	5.61630008253406
0.913800013428703	-2.81090004130744	-1.20660001773153	0.201700002964072	-2.77170004073138	-0.885600013014291
0.913800013428703	-2.81090004130744	-1.20660001773153	1.62170002383161	-2.4226000356012	-1.09380001607388
0.931700013691751	-5.01980007376822	2.13130003132041	0.869400012776225	-4.17460006134763	2.33440003430506
0.931700013691751	-5.01980007376822	2.13130003132041	1.05760001554191	-5.62370008264281	2.71210003985553
0.944800013884262	3.78210005557966	-6.01390008837697	0.510700007504967	3.6851000541542	-5.28520007766839
0.944800013884262	3.78210005557966	5.42600007973751	0.510700007504967	3.6851000541542	6.15470009044609
0.94520001389014	2.15670003169368	1.94810002862821	0.343700005050826	1.63500002402706	1.96910002893681
0.94520001389014	2.15670003169368	1.94810002862821	0.780500011469799	3.00800004420392	2.07480003049012
0.945600013896018	4.63090006805316	5.27190007747294	0.944800013884262	3.78210005557966	5.42600007973751
0.945600013896018	4.63090006805316	5.27190007747294	1.61720002376548	5.09980007494386	5.39170007923346
0.954100014020929	4.71940006935371	-4.49580006606781	0.430700006329331	5.27780007755965	-4.24710006241305
0.95620001405179	-3.59360005280957	0.4551000066879	1.56950002306451	-3.06640004506213	0.699900010285346
0.965300014185518	3.2530000478043	-2.04440003004338	0.610400008970103	2.71170003984965	-1.6585000243724
0.976400014348638	0.413900006082447	-2.37130003484732	0.314200004617311	0.827900012166363	-2.33340003429036
0.976400014348638	0.413900006082447	-2.37130003484732	1.37050002014011	0.225800003318233	-1.69800002495287
0.995000014621973	-4.86370007147426	-5.4556000801725	0.470200006909801	-4.96160007291295	-4.82470007090114
0.995000014621973	-4.86370007147426	-5.4556000801725	1.69270002487499	-5.1545000757477	-5.31110007804901
0.998100014667529	-0.414500006091264	-3.44620005064346	1.17660001729067	0.229900003378484	-3.05400004487991
1.01410001490266	-2.44220003588923	4.67400006868654	1.2369000181768	-1.68710002479269	4.71060006922439
1.01410001490266	-2.44220003588923	4.67400006868654	1.38100002029442	-3.05680004492105	4.91230007218846
1.0294000151275	-4.03700005932553	-1.71210002516008	1.52940002247522	-4.31580006342263	-1.16770001715988
1.04110001529943	1.82570002682948	-0.4088000060075	0.274000004026553	1.72140002529675	-0.151200002221952
1.0527000154699	5.1013000749659	-2.15120003161285	0.572300008410206	4.56480006708179	-1.94960002865025
1.0527000154699	5.1013000749659	-2.15120003161285	1.50480002211371	5.30960007802696	-1.54830002275297
1.05760001554191	-5.62370008264281	2.71210003985553	0.41540000610449	-5.89660008665319	3.1266000459468
1.05760001554191	-5.62370008264281	2.71210003985553	1.79430002636805	-5.90720008680896	2.84810004185411
1.05760001554191	5.81630008547315	2.71210003985553	0.41540000610449	5.54330008146129	3.1266000459468
1.05760001554191	5.81630008547315	2.71210003985553	1.79430002636805	5.53270008130552	2.84810004185411
1.06710001568152	-3.30920004863018	-1.80160002647532	0.913800013428703	-2.81090004130744	-1.20660001773153
1.06710001568152	-3.30920004863018	-1.80160002647532	1.0294000151275	-4.03700005932553	-1.71210002516008
1.06900001570944	-0.561500008251495	-0.0561000008244148	1.13720001671167	-1.25060001837813	0.302700004448313
1.06900001570944	-0.561500008251495	-0.0561000008244148	1.20520001771096	0.156200002295429	0.30560000449093
1.07050001573148	1.59050002337311	-5.84330008586993	0.363200005337388	1.58900002335107	-5.41120007952002
1.07050001573148	1.59050002337311	5.59660008224456	0.363200005337388	1.58900002335107	6.02870008859446
1.07050001573148	1.59050002337311	5.59660008224456	1.82160002676923	1.82670002684418	5.68500008354364
1.07130001574324	-3.34090004909603	-5.82710008563186	1.37390002019008	-3.00020004408929	-5.20870007654419
1.07130001574324	-3.34090004909603	5.61290008248409	1.37390002019008	-3.00020004408929	6.23130009157176
1.08460001593869	1.24900001835462	4.91460007222226	1.07050001573148	1.59050002337311	5.59660008224456
1.08460001593869	1.24900001835462	4.91460007222226	1.44220002119378	0.540600007944361	4.91910007228839
1.08950001601069	2.8478000418497	-3.71260005455833	1.8250000268192	3.00470004415542	-3.50580005151931
1.10640001625905	-4.62220006792531	-0.531200007806223	1.13240001664113	-4.36060006408098	0.222400003268268
1.10740001627374	-3.63190005337241	-3.55620005225996	0.886900013033395	-2.98890004392323	-3.07920004525023
1.13240001664113	-4.36060006408098	0.222400003268268	0.95620001405179	-3.59360005280957	0.4551000066879
1.13240001664113	-4.36060006408098	0.222400003268268	1.3768000202327	-4.92490007237362	0.777900011431591
1.13720001671167	-1.25060001837813	0.302700004448313	0.426000006260262	-1.59990002351125	0.572100008407267
1.13720001671167	-1.25060001837813	0.302700004448313	1.75120002573467	-1.68080002470011	0.482200007086146
1.17660001729067	0.229900003378484	-3.05400004487991	0.976400014348638	0.413900006082447	-2.37130003484732
1.20520001771096	0.156200002295429	0.30560000449093	0.655200009628459	0.184200002706902	0.943700013868097
1.21560001786379	-5.84850008594634	-0.88800001304956	0.753400011071552	-5.18880007625175	-0.851200012508767
1.21560001786379	5.59150008216961	-0.88800001304956	0.753400011071552	6.25110009186273	-0.851200012508767
1.21560001786379	5.59150008216961	-0.88800001304956	1.42850002099245	5.12910007537443	-0.23730000348723
1.22310001797401	-2.88900004245516	-2.40130003528819	1.06710001568152	-3.30920004863018	-1.80160002647532
1.22310001797401	-2.88900004245516	-2.40130003528819	1.74130002558919	-2.27940003349681	-2.33500003431388
1.2369000181768	-1.68710002479269	4.71060006922439	1.26370001857064	-1.33430001960814	5.40160007937895
1.24570001830612	2.55620003756451	-0.484300007117007	1.04110001529943	1.82570002682948	-0.4088000060075
1.24570001830612	2.55620003756451	-0.484300007117007	1.87890002761128	2.88670004242136	-0.173500002549661
1.24620001831347	-2.26770003332487	-5.0550000742855	0.720200010583663	-2.00770002950406	-4.51130006629559
1.25940001850745	5.53220008129817	-2.76040004056532	1.0527000154699	5.1013000749659	-2.15120003161285
1.26060001852508	3.30320004854201	3.37710004962801	1.28620001890129	2.97560004372778	4.10450006031748
1.26370001857064	-1.33430001960814	-6.03840008873701	1.63130002397269	-1.64580002418577	-5.43350007984773
1.26370001857064	-1.33430001960814	5.40160007937895	0.891600013102464	-0.653800009607886	5.50970008096752
1.26370001857064	-1.33430001960814	5.40160007937895	1.63130002397269	-1.64580002418577	6.00650008826822
1.28620001890129	2.97560004372778	4.10450006031748	1.33570001962871	3.31450004870807	4.87720007167265
1.31040001925692	0.0637000009361002	3.15880004641999	0.580800008535118	0.216900003187443	3.35740004933851
1.31040001925692	0.0637000009361002	3.15880004641999	1.78240002619317	-0.14060000206618	3.79200005572515
1.31990001939653	2.16670003184063	4.03860005934905	0.803200011803386	1.6260000238948	4.28590006298323
1.31990001939653	2.16670003184063	4.03860005934905	1.28620001890129	2.97560004372778	4.10450006031748
1.33570001962871	3.31450004870807	4.87720007167265	0.944800013884262	3.78210005557966	5.42600007973751
1.33570001962871	3.31450004870807	4.87720007167265	2.0476000300904	3.07480004518557	5.09350007485128
1.3410000197066	0.0232000003409344	-5.93670008724248	1.79230002633866	0.263900003878129	-5.30960007802696
1.3410000197066	0.0232000003409344	5.503200080872	0.891600013102464	-0.653800009607886	5.50970008096752
1.3410000197066	0.0232000003409344	5.503200080872	1.79230002633866	0.263900003878129	6.13040009008899
1.37050002014011	0.225800003318233	-1.69800002495287	1.40030002057804	-0.489400007191953	-1.35880001996818
1.37050002014011	0.225800003318233	-1.69800002495287	1.77970002615349	0.863300012686582	-1.32240001943326
1.37390002019008	-3.00020004408929	-5.20870007654419	1.24620001831347	-2.26770003332487	-5.0550000742855
1.37390002019008	-3.00020004408929	-5.20870007654419	1.84960002718071	-3.28760004831276	-4.7158000693008
1.3768000202327	-4.92490007237362	0.777800011430121	0.871300012804146	-5.28010007759345	1.32390001945531
1.38100002029442	-3.05680004492105	4.91230007218846	1.07130001574324	-3.34090004909603	5.61290008248409
1.38460002034732	1.01340001489237	-4.13590006077891	1.61360002371258	0.73410001078793	-3.46070005085655
1.39600002051485	-1.26100001853096	4.10960006039242	1.2369000181768	-1.68710002479269	4.71060006922439
1.40030002057804	-0.489400007191953	-1.35880001996818	0.823700012104642	-0.55380000813834	-0.766900011269941
1.42850002099245	5.12910007537443	-0.23730000348723	0.811500011925358	4.75270006984307	-0.0149000002189622
1.42850002099245	5.12910007537443	-0.23730000348723	2.17450003195526	5.20320007646337	-0.00320000004702544
1.44220002119378	0.540600007944361	4.91910007228839	1.3410000197066	0.0232000003409344	5.503200080872
1.47740002171106	-0.477800007021486	1.89110002779057	1.68710002479269	0.0597000008773184	2.47230003633156
1.48180002177572	-2.22380003267974	2.27890003348946	0.742800010915781	-2.052200030158	2.49360003664458
1.50070002205346	1.17810001731271	-0.575500008457232	1.04110001529943	1.82570002682948	-0.4088000060075
1.50070002205346	1.17810001731271	-0.575500008457232	1.6930000248794	0.798400011732848	0.144800002127901
1.50480002211371	5.30960007802696	-1.54830002275297	1.21560001786379	5.59150008216961	-0.88800001304956
1.52230002237088	-3.65920005377359	2.55860003759978	2.05070003013596	-3.78290005559142	3.19670004697695
1.52940002247522	-4.31580006342263	-1.16770001715988	1.10640001625905	-4.62220006792531	-0.531200007806223
1.54520002270741	-1.70470002505133	-3.41300005015557	2.10720003096625	-2.12190003118228	-2.94560004328692
1.56950002306451	-3.06640004506213	0.699900010285346	1.92630002830785	-3.11500004577633	1.37170002015775
1.57400002313064	-4.67630006872034	4.16710006123741	0.841600012367691	-4.74590006974314	4.53190006659831
1.58670002331727	3.50460005150168	1.18490001741264	0.836900012298622	3.54830005214387	1.40000002057363
1.58670002331727	3.50460005150168	1.18490001741264	2.00930002952757	3.92490005767817	1.71890002526001
1.5912000233834	-0.953400014010643	-3.57810005258179	0.998100014667529	-0.414500006091264	-3.44620005064346
1.5912000233834	-0.953400014010643	-3.57810005258179	1.54520002270741	-1.70470002505133	-3.41300005015557
1.61360002371258	0.73410001078793	-3.46070005085655	1.17660001729067	0.229900003378484	-3.05400004487991
1.61360002371258	0.73410001078793	-3.46070005085655	2.29920003378778	0.9056000133082	-3.12540004592916
1.61720002376548	5.09980007494386	-6.04830008888249	1.66230002442825	5.48520008060748	-5.33660007842374
1.61720002376548	5.09980007494386	5.39170007923346	1.66230002442825	5.48520008060748	6.10340008969221
1.62170002383161	-2.4226000356012	-1.09380001607388	2.07960003056066	-2.656400039037	-0.497500007310987
1.63130002397269	-1.64580002418577	-5.43350007984773	1.24620001831347	-2.26770003332487	-5.0550000742855
1.63130002397269	-1.64580002418577	-5.43350007984773	2.31520003402291	-1.42140002088811	-5.1312000754053
1.63250002399032	-2.99390004399671	2.09090003072672	1.48180002177572	-2.22380003267974	2.27890003348946
1.63250002399032	-2.99390004399671	2.09090003072672	1.52230002237088	-3.65920005377359	2.55860003759978
1.66210002442531	5.00900007360951	-4.68930006891138	0.954100014020929	4.71940006935371	-4.49580006606781
1.66210002442531	5.00900007360951	-4.68930006891138	2.23590003285756	4.77030007010171	-4.1793000614167
1.66230002442825	-5.95480008750847	-5.33660007842374	1.69270002487499	-5.1545000757477	-5.31110007804901
1.66230002442825	5.48520008060748	-5.33660007842374	1.66210002442531	5.00900007360951	-4.68930006891138
1.66230002442825	5.48520008060748	-5.33660007842374	1.69270002487499	6.28540009236678	-5.31110007804901
1.68710002479269	0.0597000008773184	2.47230003633156	1.31040001925692	0.0637000009361002	3.15880004641999
1.68710002479269	0.0597000008773184	2.47230003633156	2.24720003302362	0.611700008989207	2.47620003638887
1.69270002487499	-5.1545000757477	-5.31110007804901	2.34200003441675	-4.74140006967701	-5.13820007550816
1.6930000248794	0.798400011732848	0.144800002127901	1.20520001771096	0.156200002295429	0.30560000449093
1.6930000248794	0.798400011732848	0.144800002127901	2.32850003421836	1.18850001746554	0.566000008317625
1.72510002535112	1.79320002635188	1.78760002626959	0.94520001389014	2.15670003169368	1.94810002862821
1.72510002535112	1.79320002635188	1.78760002626959	2.07220003045191	1.39270002046635	2.38150003499722
1.73860002554951	0.90130001324501	-4.84040007113186	1.38460002034732	1.01340001489237	-4.13590006077891
1.74130002558919	-2.27940003349681	-2.33500003431388	1.77570002609471	-1.8877000277406	-1.63350002400502
1.75120002573467	-1.68080002470011	0.482200007086146	2.28690003360703	-1.32610001948764	0.955700014044442
1.76050002587134	-3.68050005408661	-4.02580005916094	1.10740001627374	-3.63190005337241	-3.55620005225996
1.76050002587134	-3.68050005408661	-4.02580005916094	2.4065000353646	-4.08280005999859	-3.96900005832624
1.77570002609471	-1.8877000277406	-1.63350002400502	1.62170002383161	-2.4226000356012	-1.09380001607388
1.77570002609471	-1.8877000277406	-1.63350002400502	1.95400002871491	-1.09260001605625	-1.54900002276325
1.77970002615349	0.863300012686582	-1.32240001943326	1.50070002205346	1.17810001731271	-0.575500008457232
1.78240002619317	-0.14060000206618	3.79200005572515	1.95360002870903	0.388400005707713	4.31970006347994
1.78240002619317	-0.14060000206618	3.79200005572515	2.05130003014478	-0.879600012926118	3.88680005711828
1.79230002633866	0.263900003878129	-5.30960007802696	1.73860002554951	0.90130001324501	-4.84040007113186
1.79230002633866	0.263900003878129	-5.30960007802696	2.39870003524998	-0.0919000013505119	-5.0409000740783
1.79430002636805	-5.90720008680896	2.84810004185411	2.29250003368932	-5.41280007954353	3.20730004713272
1.79430002636805	5.53270008130552	2.84810004185411	2.29250003368932	6.02720008857242	3.20730004713272
1.80050002645916	3.1650000465111	-2.04560003006101	0.965300014185518	3.2530000478043	-2.04440003004338
1.80050002645916	3.1650000465111	-2.04560003006101	2.34590003447406	3.37410004958392	-1.4451000212364
1.81050002660611	-2.45570003608762	0.21550000316687	1.56950002306451	-3.06640004506213	0.699900010285346
1.81050002660611	-2.45570003608762	0.21550000316687	1.75120002573467	-1.68080002470011	0.482200007086146
1.82160002676923	1.82670002684418	-5.75500008457232	2.13480003137185	1.49410002195647	-5.17480007604602
1.82160002676923	1.82670002684418	5.68500008354364	2.13480003137185	1.49410002195647	6.26510009206847
1.8250000268192	3.00470004415542	-3.50580005151931	2.03210002986262	2.81020004129716	-2.72620004006274
1.84960002718071	-3.28760004831276	-4.7158000693008	1.76050002587134	-3.68050005408661	-4.02580005916094
1.87890002761128	2.88670004242136	-0.173500002549661	1.88990002777293	3.0629000450107	0.596700008768775
1.87920002761569	-3.92010005760764	3.97510005841589	1.57400002313064	-4.67630006872034	4.16710006123741
1.87920002761569	-3.92010005760764	3.97510005841589	1.98810002921602	-3.43100005042009	4.59770006756527
1.88990002777293	3.0629000450107	0.596700008768775	1.58670002331727	3.50460005150168	1.18490001741264
1.88990002777293	3.0629000450107	0.596700008768775	2.35310003457986	2.61780003846975	1.0271000150937
1.92630002830785	-3.11500004577633	1.37170002015775	1.63250002399032	-2.99390004399671	2.09090003072672
1.92630002830785	-3.11500004577633	1.37170002015775	2.66550003917072	-3.29360004840094	1.40790002068972
1.92630002830785	3.66650005388087	3.05970004496367	1.26060001852508	3.30320004854201	3.37710004962801
1.92630002830785	3.66650005388087	3.05970004496367	2.35950003467392	4.26410006266287	3.23390004752362
1.95360002870903	0.388400005707713	4.31970006347994	1.44220002119378	0.540600007944361	4.91910007228839
1.95400002871491	-1.09260001605625	-1.54900002276325	1.40030002057804	-0.489400007191953	-1.35880001996818
1.95790002877222	-1.12940001659704	1.65910002438122	2.11300003105149	-1.68950002482796	2.1852000321125
1.95790002877222	-1.12930001659557	1.65910002438122	1.47740002171106	-0.477800007021486	1.89110002779057
1.98810002921602	-3.43100005042009	4.59770006756527	1.38100002029442	-3.05680004492105	4.91230007218846
1.98810002921602	-3.43100005042009	4.59770006756527	2.70700003978058	-3.30410004855524	4.97320007308342
2.00790002950699	1.87540002755985	3.69290005426883	1.31990001939653	2.16670003184063	4.03860005934905
2.00790002950699	1.87540002755985	3.69290005426883	2.5024000367739	1.54200002266038	4.22310006206036
2.00930002952757	3.92490005767817	1.71890002526001	2.26850003333663	3.4290000503907	2.35760003464599
2.00930002952757	3.92490005767817	1.71890002526001	2.28090003351885	4.63560006812223	1.87790002759659
2.03210002986262	2.81020004129716	-2.72620004006274	1.80050002645916	3.1650000465111	-2.04560003006101
2.0476000300904	3.07480004518557	5.09350007485128	2.216400032571	2.33060003424922	5.17210007600634
2.0476000300904	3.07480004518557	5.09350007485128	2.63070003865932	3.52070005173827	5.20650007651186
2.05070003013596	-3.78290005559142	3.19670004697695	1.87920002761569	-3.92010005760764	3.97510005841589
2.05130003014478	-0.879600012926118	3.88680005711828	1.39600002051485	-1.26100001853096	4.10960006039242
2.07220003045191	1.39270002046635	2.38150003499722	2.24720003302362	0.611700008989207	2.47620003638887
2.07220003045191	1.39270002046635	2.38150003499722	2.2998000337966	1.84840002716307	2.97960004378656
2.07960003056066	-2.656400039037	-0.497500007310987	1.81050002660611	-2.45570003608762	0.21550000316687
2.0890000306988	5.51320008101896	-2.93430004312086	1.25940001850745	5.53220008129817	-2.76040004056532
2.0890000306988	5.51320008101896	-2.93430004312086	2.47410003635801	5.66360008322915	-2.24550003299863
2.10720003096625	-2.12190003118228	-2.94560004328692	1.74130002558919	-2.27940003349681	-2.33500003431388
2.11300003105149	-1.68950002482796	2.1852000321125	1.48180002177572	-2.22380003267974	2.27890003348946
2.11300003105149	-1.68950002482796	2.1852000321125	2.78160004087687	-1.74030002557449	2.52950003717214
2.12580003123959	4.85040007127881	2.68830003950578	1.79430002636805	5.53270008130552	2.84810004185411
2.12580003123959	4.85040007127881	2.68830003950578	2.35950003467392	4.26410006266287	3.23390004752362
2.12750003126457	-5.22560007679255	3.95460005811463	1.57400002313064	-4.67630006872034	4.16710006123741
2.12750003126457	-5.22560007679255	3.95460005811463	2.5257000371163	-5.5646000817743	4.5129000663191
2.13480003137185	1.49410002195647	-5.17480007604602	1.73860002554951	0.90130001324501	-4.84040007113186
2.13480003137185	1.49410002195647	-5.17480007604602	2.81810004141325	1.60440002357738	-4.82700007093494
2.15670003169368	1.84800002715719	1.0747000157932	1.72510002535112	1.79320002635188	1.78760002626959
2.16050003174952	-5.12580007532594	0.737500010837895	1.3768000202327	-4.92490007237362	0.777900011431591
2.17450003195526	5.20320007646337	-0.00320000004702544	2.34910003452108	5.5193000811086	0.727100010685062
2.216400032571	2.33060003424922	5.17210007600634	1.82160002676923	1.82670002684418	5.68500008354364
2.23590003285756	4.77030007010171	-4.1793000614167	2.3313000342595	5.38220007909385	-3.6779000540484
2.24470003298688	5.19710007637373	-1.68690002478976	1.50480002211371	5.30960007802696	-1.54830002275297
2.24470003298688	5.19710007637373	-1.68690002478976	2.61860003848151	4.70700006917149	-1.27320001871025
2.24720003302362	0.611700008989207	2.47620003638887	3.03370004458159	0.423500006223523	2.61050003836247
2.25070003307505	5.26050007730542	4.96920007302463	1.61720002376548	5.09980007494386	5.39170007923346
2.25070003307505	5.26050007730542	4.96920007302463	2.79730004110758	4.73080006952124	4.98430007324653
2.26850003333663	3.4290000503907	2.35760003464599	1.92630002830785	3.66650005388087	3.05970004496367
2.28090003351885	4.63560006812223	1.87790002759659	2.12580003123959	4.85040007127881	2.68830003950578
2.28210003353649	-0.681100010009071	-3.92590005769287	1.5912000233834	-0.953400014010643	-3.57810005258179
2.28210003353649	-0.681100010009071	-3.92590005769287	2.8406000417439	-0.319400004693727	-3.45640005079336
2.28690003360703	-1.32610001948764	0.955700014044442	1.95790002877222	-1.12940001659704	1.65910002438122
2.29250003368932	-5.41280007954353	3.20730004713272	2.12750003126457	-5.22560007679255	3.95460005811463
2.29920003378778	0.9056000133082	-3.12540004592916	2.42580003564822	1.42610002095718	-2.52550003711336
2.2998000337966	1.84840002716307	2.97960004378656	2.00790002950699	1.87540002755985	3.69290005426883
2.30290003384215	-4.28340006294649	-1.24500001829584	1.52940002247522	-4.31580006342263	-1.16770001715988
2.30290003384215	-4.28340006294649	-1.24500001829584	2.70600003976589	-3.89350005721674	-0.62430000917437
2.31520003402291	-1.42140002088811	-5.1312000754053	2.33600003432857	-0.766700011267002	-4.70290006911123
2.32850003421836	1.18850001746554	0.566000008317625	2.15670003169368	1.84800002715719	1.0747000157932
2.3313000342595	5.38220007909385	-3.6779000540484	2.0890000306988	5.51320008101896	-2.93430004312086
2.33600003432857	-0.766700011267002	-4.70290006911123	2.28210003353649	-0.681100010009071	-3.92590005769287
2.34200003441675	-4.74140006967701	-5.13820007550816	2.49520003666809	-4.78690007034565	-4.35260006396342
2.34590003447406	3.37410004958392	-1.4451000212364	2.46240003618608	2.95630004344416	-0.712700010473448
2.34590003447406	3.37410004958392	-1.4451000212364	2.85820004200254	3.97580005842617	-1.4326000210527
2.34910003452108	-5.92070008700735	0.727100010685062	2.16050003174952	-5.12580007532594	0.737500010837895
2.34910003452108	5.5193000811086	0.727100010685062	2.16050003174952	6.31410009278854	0.737500010837895
2.34910003452108	5.5193000811086	0.727100010685062	2.67390003929417	5.13230007542146	1.37840002025621
2.35310003457986	2.61780003846975	1.0271000150937	2.15670003169368	1.84800002715719	1.0747000157932
2.35310003457986	2.61780003846975	1.0271000150937	2.96920004363373	2.94200004323402	1.47520002167873
2.35950003467392	4.26410006266287	3.23390004752362	2.94810004332366	4.21110006188401	3.8378000563982
2.39870003524998	-0.0919000013505119	-5.0409000740783	2.33600003432857	-0.766700011267002	-4.70290006911123
2.4065000353646	-4.08280005999859	-3.96900005832624	2.98450004385857	-3.72640005476113	-3.5334000519249
2.41060003542485	3.30360004854789	-3.93610005784276	1.8250000268192	3.00470004415542	-3.50580005151931
2.42580003564822	1.42610002095718	-2.52550003711336	2.47310003634332	1.1003000161694	-1.77950002615055
2.46240003618608	2.95630004344416	-0.712700010473448	1.87890002761128	2.88670004242136	-0.173500002549661
2.46240003618608	2.95630004344416	-0.712700010473448	3.20380004708128	2.61510003843007	-0.518600007621061
2.47310003634332	1.1003000161694	-1.77950002615055	1.77970002615349	0.863300012686582	-1.32240001943326
2.47310003634332	1.1003000161694	-1.77950002615055	3.25460004782781	0.959400014098815	-1.48740002185801
2.47410003635801	-5.7764000848868	-2.24550003299863	2.96580004358377	-5.31760007814453	-1.89740002788315
2.47410003635801	5.66360008322915	-2.24550003299863	2.24470003298688	5.19710007637373	-1.68690002478976
2.47410003635801	5.66360008322915	-2.24550003299863	2.96580004358377	6.12240008997143	-1.89740002788315
2.49520003666809	-4.78690007034565	-4.35260006396342	2.4065000353646	-4.08280005999859	-3.96900005832624
2.49520003666809	-4.78690007034565	-4.35260006396342	2.71630003991725	-5.48390008058838	-4.05890005964736
2.5001000367401	2.17760003200081	-2.78520004092977	2.03210002986262	2.81020004129716	-2.72620004006274
2.5001000367401	2.17760003200081	-2.78520004092977	2.42580003564822	1.42610002095718	-2.52550003711336
2.5024000367739	1.54200002266038	4.22310006206036	2.81660004139121	2.06390003032994	4.70130006908772
2.5257000371163	-5.5646000817743	4.5129000663191	2.25070003307505	-6.17950009081054	4.96920007302463
2.5257000371163	-5.5646000817743	4.5129000663191	3.2796000481952	-5.3653000788455	4.72710006946686
2.5257000371163	5.87540008634165	4.5129000663191	2.25070003307505	5.26050007730542	4.96920007302463
2.54810003744548	4.01820005904926	-4.31510006341234	2.23590003285756	4.77030007010171	-4.1793000614167
2.54810003744548	4.01820005904926	-4.31510006341234	2.41060003542485	3.30360004854789	-3.93610005784276
2.58530003799215	-3.07850004523994	-5.07280007454708	1.84960002718071	-3.28760004831276	-4.7158000693008
2.58530003799215	-3.07850004523994	-5.07280007454708	3.02300004442435	-2.50670003683709	-4.83970007112157
2.61180003838158	0.761100011184707	4.20970006186344	1.95360002870903	0.388400005707713	4.31970006347994
2.61180003838158	0.761100011184707	4.20970006186344	2.5024000367739	1.54200002266038	4.22310006206036
2.61860003848151	4.70700006917149	-1.27320001871025	2.75910004054622	5.05560007429432	-0.54520000801196
2.63070003865932	3.52070005173827	-6.23350009160409	3.02010004438173	3.37780004963829	-5.54290008145541
2.63070003865932	3.52070005173827	5.20650007651186	3.02010004438173	3.37780004963829	5.89710008666054
2.66550003917072	-3.29360004840094	1.40790002068972	3.16330004648612	-2.73250004015532	1.61700002376254
2.67390003929417	5.13230007542146	1.37840002025621	2.28090003351885	4.63560006812223	1.87790002759659
2.67390003929417	5.13230007542146	1.37840002025621	3.4474000506611	5.28470007766105	1.50730002215045
2.68080003939556	-4.4909000659958	0.678100009964985	2.16050003174952	-5.12580007532594	0.737500010837895
2.68080003939556	-4.4909000659958	0.678100009964985	2.82160004146468	-4.02880005920503	1.26060001852508
2.70600003976589	-3.89350005721674	-0.62430000917437	3.03560004460951	-4.38240006440134	-0.0346000005084626
2.70700003978058	-3.30410004855524	-6.46670009503107	2.72390004002894	-3.55330005221734	-5.70720008386987
2.70700003978058	-3.30410004855524	4.97320007308342	2.72390004002894	-3.55330005221734	5.73280008424608
2.71630003991725	-5.48390008058838	-4.05890005964736	2.3313000342595	-6.0578000890221	-3.6779000540484
2.71630003991725	5.95610008752757	-4.05890005964736	2.3313000342595	5.38220007909385	-3.6779000540484
2.72390004002894	-3.55330005221734	-5.70720008386987	2.58530003799215	-3.07850004523994	-5.07280007454708
2.72390004002894	-3.55330005221734	-5.70720008386987	2.86020004203193	-4.30350006324187	-5.55330008160825
2.74840004038898	-3.09660004550593	-0.679600009987028	2.07960003056066	-2.656400039037	-0.497500007310987
2.74840004038898	-3.09660004550593	-0.679600009987028	2.70600003976589	-3.89350005721674	-0.62430000917437
2.75910004054622	5.05560007429432	-0.54520000801196	2.17450003195526	5.20320007646337	-0.00320000004702544
2.75910004054622	5.05560007429432	-0.54520000801196	3.49430005135031	5.32310007822535	-0.430100006320513
2.77160004072991	2.84620004182619	2.23440003283551	2.26850003333663	3.4290000503907	2.35760003464599
2.77160004072991	2.84620004182619	2.23440003283551	2.94750004331484	2.31410003400674	2.78160004087687
2.78160004087687	-1.74030002557449	2.52950003717214	3.09320004545597	-1.18150001736267	2.98800004391001
2.79040004100619	4.07950005995009	4.65150006835589	2.63070003865932	3.52070005173827	5.20650007651186
2.79040004100619	4.07950005995009	4.65150006835589	2.79730004110758	4.73080006952124	4.98430007324653
2.79130004101941	-0.908800013355226	-1.66860002452083	1.95400002871491	-1.09260001605625	-1.54900002276325
2.79130004101941	-0.908800013355226	-1.66860002452083	3.28540004828043	-0.47690000700826	-1.15430001696296
2.79730004110758	4.73080006952124	4.98430007324653	3.37360004957657	5.01370007367858	5.3873000791688
2.81660004139121	2.06390003032994	4.70130006908772	2.216400032571	2.33060003424922	5.17210007600634
2.81810004141325	1.60440002357738	-4.82700007093494	3.06370004502245	2.33580003432563	-4.69410006898191
2.81810004141325	1.60440002357738	-4.82700007093494	3.17940004672272	0.89680001317888	-4.60650006769459
2.82160004146468	-4.02880005920503	1.26060001852508	2.66550003917072	-3.29360004840094	1.40790002068972
2.82160004146468	-4.02880005920503	1.26060001852508	3.18200004676092	-4.37590006430582	1.80120002646945
2.82180004146762	-4.56330006705975	-1.79560002638715	2.30290003384215	-4.28340006294649	-1.24500001829584
2.83760004169981	-1.08920001600628	3.75750005521816	2.05130003014478	-0.879600012926118	3.88680005711828
2.83760004169981	-1.08920001600628	3.75750005521816	3.41920005024668	-1.19600001757576	4.31730006344467
2.8406000417439	-0.319400004693727	-3.45640005079336	3.34410004914306	-0.702300010320615	-2.98790004390854
2.85820004200254	-3.80120005586035	2.99830004406137	2.05070003013596	-3.78290005559142	3.19670004697695
2.85820004200254	-3.80120005586035	2.99830004406137	3.43240005044066	-3.25580004784545	3.26640004800122
2.85820004200254	3.97580005842617	-1.4326000210527	2.61860003848151	4.70700006917149	-1.27320001871025
2.86020004203193	-4.30350006324187	-5.55330008160825	2.34200003441675	-4.74140006967701	-5.13820007550816
2.87040004218182	-2.33510003431535	-3.03130004454632	2.10720003096625	-2.12190003118228	-2.94560004328692
2.87040004218182	-2.33510003431535	-3.03130004454632	3.32910004892262	-1.94120002852681	-2.5106000368944
2.87200004220533	0.489400007191953	-3.48100005115486	2.29920003378778	0.9056000133082	-3.12540004592916
2.87200004220533	0.489400007191953	-3.48100005115486	2.8406000417439	-0.319400004693727	-3.45640005079336
2.91000004276376	-5.137100075492	2.83650004168365	2.29250003368932	-5.41280007954353	3.20730004713272
2.91280004280491	2.66740003919864	-3.9642000582557	2.41060003542485	3.30360004854789	-3.93610005784276
2.91280004280491	2.66740003919864	-3.9642000582557	3.14620004623483	2.42380003561883	-3.23760004757799
2.94750004331484	2.31410003400674	2.78160004087687	2.2998000337966	1.84840002716307	2.97960004378656
2.94750004331484	2.31410003400674	2.78160004087687	3.57140005248333	2.06320003031965	3.21190004720032
2.94810004332366	4.21110006188401	3.8378000563982	2.79040004100619	4.07950005995009	4.65150006835589
2.95670004345004	-1.82410002680597	-5.2461000770938	2.31520003402291	-1.42140002088811	-5.1312000754053
2.95670004345004	-1.82410002680597	-5.2461000770938	3.02300004442435	-2.50670003683709	-4.83970007112157
2.96580004358377	-5.31760007814453	-1.89740002788315	2.82180004146762	-4.56330006705975	-1.79560002638715
2.96580004358377	-5.31760007814453	-1.89740002788315	3.65810005375743	-5.36810007888665	-1.53710002258838
2.96920004363373	2.94200004323402	1.47520002167873	2.77160004072991	2.84620004182619	2.23440003283551
2.97540004372484	-4.40200006468937	2.55540003755275	2.85820004200254	-3.80120005586035	2.99830004406137
2.97540004372484	-4.40200006468937	2.55540003755275	2.91000004276376	-5.137100075492	2.83650004168365
2.98450004385857	-3.72640005476113	-3.5334000519249	3.42790005037453	-4.19820006169444	-3.07310004516059
3.02010004438173	3.37780004963829	-5.54290008145541	3.08840004538543	3.89740005727405	-4.94180007262198
3.02010004438173	3.37780004963829	-5.54290008145541	3.41940005024962	2.71690003992607	-5.30230007791969
3.02300004442435	-2.50670003683709	-4.83970007112157	3.50000005143408	-2.56230003765415	-4.20520006179731
3.02730004448754	-1.23300001811949	0.685000010066384	2.28690003360703	-1.32610001948764	0.955700014044442
3.03370004458159	0.423500006223523	2.61050003836247	3.42360005031134	0.746700010973093	3.28020004820402
3.03560004460951	-4.38240006440134	-0.0346000005084626	2.68080003939556	-4.4909000659958	0.678100009964985
3.06370004502245	2.33580003432563	-4.69410006898191	2.91280004280491	2.66740003919864	-3.9642000582557
3.08840004538543	3.89740005727405	-4.94180007262198	2.54810003744548	4.01820005904926	-4.31510006341234
3.09320004545597	-1.18150001736267	2.98800004391001	2.83760004169981	-1.08920001600628	3.75750005521816
3.12230004588361	-2.87800004229351	-3.57830005258473	2.87040004218182	-2.33510003431535	-3.03130004454632
3.12230004588361	-2.87800004229351	-3.57830005258473	2.98450004385857	-3.72640005476113	-3.5334000519249
3.13030004600117	0.929500013659421	0.489300007190484	2.32850003421836	1.18850001746554	0.566000008317625
3.13030004600117	0.929500013659421	0.489300007190484	3.39800004993514	0.180700002655468	0.764600011236141
3.14620004623483	2.42380003561883	-3.23760004757799	2.5001000367401	2.17760003200081	-2.78520004092977
3.14620004623483	2.42380003561883	-3.23760004757799	3.83360005633648	2.4226000356012	-3.03310004457277
3.14820004626422	-1.1765000172892	-2.38120003499281	2.79130004101941	-0.908800013355226	-1.66860002452083
3.16330004648612	-2.73250004015532	1.61700002376254	3.17030004658899	-2.35210003456517	2.34000003438735
3.17030004658899	-2.35210003456517	2.34000003438735	2.78160004087687	-1.74030002557449	2.52950003717214
3.17030004658899	-2.35210003456517	2.34000003438735	3.74530005503887	-2.68230003941761	2.74210004029639
3.17940004672272	0.89680001317888	-4.60650006769459	3.43880005053472	0.891700013103933	-3.88750005712856
3.18200004676092	-4.37590006430582	1.80120002646945	2.97540004372484	-4.40200006468937	2.55540003755275
3.18250004676827	0.257800003788487	-5.06450007442511	2.39870003524998	-0.0919000013505119	-5.0409000740783
3.18250004676827	0.257800003788487	-5.06450007442511	3.17940004672272	0.89680001317888	-4.60650006769459
3.20380004708128	2.61510003843007	-0.518600007621061	3.7452000550374	3.16980004658164	-0.23310000342551
3.25460004782781	0.959400014098815	-1.48740002185801	3.75030005511235	1.52500002241056	-1.18080001735239
3.2796000481952	-5.3653000788455	4.72710006946686	3.58000005260971	-4.67730006873503	4.85460007134053
3.2796000481952	-5.3653000788455	4.72710006946686	3.72790005478317	-5.99890008815654	4.85720007137874
3.2796000481952	6.07460008926898	4.72710006946686	3.72790005478317	5.44110007995942	4.85720007137874
3.28540004828043	-0.47690000700826	-1.15430001696296	3.53050005188229	-0.684000010051688	-0.400500005885528
3.31190004866986	-0.524700007710703	0.377700005550472	3.02730004448754	-1.23300001811949	0.685000010066384
3.31190004866986	-0.524700007710703	0.377700005550472	3.39800004993514	0.180700002655468	0.764600011236141
3.31970004878449	0.495600007283065	4.04620005946073	2.61180003838158	0.761100011184707	4.20970006186344
3.31970004878449	0.495600007283065	4.04620005946073	3.81400005604845	0.0483000007097903	4.54510006679229
3.32690004889029	-4.1819000614549	-2.29170003367756	2.82180004146762	-4.56330006705975	-1.79560002638715
3.32690004889029	-4.1819000614549	-2.29170003367756	3.89680005726523	-3.69960005436729	-2.01930002967452
3.32910004892262	-1.94120002852681	-2.5106000368944	3.14820004626422	-1.1765000172892	-2.38120003499281
3.32910004892262	-1.94120002852681	-2.5106000368944	3.94030005790448	-2.28150003352767	-2.13750003141153
3.34410004914306	-0.702300010320615	-2.98790004390854	3.14820004626422	-1.1765000172892	-2.38120003499281
3.3640000494355	-2.98730004389972	4.63020006804287	2.70700003978058	-3.30410004855524	4.97320007308342
3.3640000494355	-2.98730004389972	4.63020006804287	3.78250005558554	-2.37910003496195	4.83170007100401
3.37360004957657	5.01370007367858	-6.05260008894568	3.63890005347527	5.00130007349636	-5.30330007793438
3.37360004957657	5.01370007367858	5.3873000791688	3.63890005347527	5.00130007349636	6.13670009018157
3.39800004993514	0.180700002655468	0.764600011236141	3.7961000557854	0.174700002567295	1.48020002175221
3.41920005024668	-1.19600001757576	4.31730006344467	3.54440005208655	-1.6769000246428	4.90140007202828
3.41940005024962	2.71690003992607	-5.30230007791969	3.06370004502245	2.33580003432563	-4.69410006898191
3.42360005031134	0.746700010973093	3.28020004820402	3.31970004878449	0.495600007283065	4.04620005946073
3.42790005037453	-4.19820006169444	-3.07310004516059	3.32690004889029	-4.1819000614549	-2.29170003367756
3.43240005044066	-3.25580004784545	3.26640004800122	3.55530005224674	-3.43270005044507	4.03530005930055
3.43880005053472	0.891700013103933	-3.88750005712856	2.87200004220533	0.489400007191953	-3.48100005115486
3.43880005053472	0.891700013103933	-3.88750005712856	4.10000006025135	1.1929000175302	-3.56670005241426
3.4474000506611	-6.15530009045491	1.50730002215045	3.62650005329305	-5.47950008052372	1.84270002707931
3.4474000506611	5.28470007766105	1.50730002215045	3.62650005329305	5.96050008759223	1.84270002707931
3.45110005071547	-5.57430008191685	-4.21940006200598	2.71630003991725	-5.48390008058838	-4.05890005964736
3.45110005071547	-5.57430008191685	-4.21940006200598	3.981300058507	-5.47580008046935	-3.66710005388969
3.46630005093884	-1.4671000215597	-5.76290008468841	2.95670004345004	-1.82410002680597	-5.2461000770938
3.46630005093884	-1.4671000215597	-5.76290008468841	3.86830005684641	-0.896600013175941	-5.37730007902185
3.46630005093884	-1.4671000215597	5.67710008342754	2.95670004345004	-1.82410002680597	6.19390009102215
3.46630005093884	-1.4671000215597	5.67710008342754	3.86830005684641	-0.896600013175941	6.06260008909264
3.49430005135031	5.32310007822535	-0.430100006320513	4.09000006010439	4.90980007215172	-0.0938000013784333
3.4950000513606	-2.88840004244634	-0.944900013885731	2.74840004038898	-3.09660004550593	-0.679600009987028
3.4950000513606	-2.88840004244634	-0.944900013885731	4.0985000602293	-2.610400038361	-0.501600007371238
3.50000005143408	-2.56230003765415	-4.20520006179731	3.12230004588361	-2.87800004229351	-3.57830005258473
3.50970005157662	-0.0176000002586399	2.21460003254454	3.03370004458159	0.423500006223523	2.61050003836247
3.50970005157662	-0.0176000002586399	2.21460003254454	3.71590005460682	-0.657700009665198	2.67880003936617
3.5160000516692	-4.67070006863804	-5.80590008532032	2.86020004203193	-4.30350006324187	-5.55330008160825
3.5160000516692	-4.67070006863804	-5.80590008532032	4.02090005908894	-5.04510007414002	-5.28750007770219
3.5160000516692	-4.67070006863804	5.63400008279417	2.86020004203193	-4.30350006324187	5.88670008650771
3.5160000516692	-4.67070006863804	5.63400008279417	4.02090005908894	-5.04510007414002	6.15250009041376
3.53000005187494	1.8785000276054	-0.549100008069272	3.20380004708128	2.61510003843007	-0.518600007621061
3.53000005187494	1.8785000276054	-0.549100008069272	3.70860005449955	1.42070002087783	0.104500001535675
3.53050005188229	-0.684000010051688	-0.400500005885528	3.31190004866986	-0.524700007710703	0.377700005550472
3.53050005188229	-0.684000010051688	-0.400500005885528	4.17710006138437	-1.21370001783587	-0.34060000500527
3.53850005199985	0.206300003031671	-1.5344000225487	3.25460004782781	0.959400014098815	-1.48740002185801
3.53850005199985	0.206300003031671	-1.5344000225487	3.28540004828043	-0.47690000700826	-1.15430001696296
3.54440005208655	-1.6769000246428	4.90140007202828	3.46630005093884	-1.4671000215597	5.67710008342754
3.55530005224674	-3.43270005044507	4.03530005930055	3.3640000494355	-2.98730004389972	4.63020006804287
3.55530005224674	-3.43270005044507	4.03530005930055	3.89250005720204	-4.1550000610596	4.27830006287155
3.57140005248333	2.06320003031965	3.21190004720032	3.88420005708007	2.4876000365564	3.82770005624978
3.58000005260971	-4.67730006873503	4.85460007134053	3.5160000516692	-4.67070006863804	5.63400008279417
3.58020005261265	-5.35000007862066	2.60970003835072	2.91000004276376	-5.137100075492	2.83650004168365
3.58020005261265	-5.35000007862066	2.60970003835072	4.23780006227638	-5.40530007943332	2.99780004405402
3.61300005309466	-1.88930002776411	0.65930000968871	3.02730004448754	-1.23300001811949	0.685000010066384
3.61300005309466	-1.88930002776411	0.65930000968871	3.78340005559877	-2.37610003491786	1.26670001861473
3.62390005325484	3.76860005538127	-1.53790002260013	2.85820004200254	3.97580005842617	-1.4326000210527
3.62390005325484	3.76860005538127	-1.53790002260013	3.95460005811463	3.75910005524167	-0.778300011437469
3.62650005329305	-5.47950008052372	1.84270002707931	3.58020005261265	-5.35000007862066	2.60970003835072
3.62960005333861	3.32570004887266	1.23590001816211	2.96920004363373	2.94200004323402	1.47520002167873
3.62960005333861	3.32570004887266	1.23590001816211	3.98110005850406	3.97860005846732	1.66130002441355
3.63220005337682	2.19300003222712	4.57740006726695	2.81660004139121	2.06390003032994	4.70130006908772
3.63220005337682	2.19300003222712	4.57740006726695	4.15540006106547	1.99130002926305	5.1834000761724
3.63500005341796	-5.37670007901303	-0.728200010701227	3.49430005135031	-6.11680008988913	-0.430100006320513
3.63500005341796	-5.37670007901303	-0.728200010701227	3.72620005475819	-4.73930006964615	-0.257500003784079
3.63500005341796	6.06330008910292	-0.728200010701227	3.49430005135031	5.32310007822535	-0.430100006320513
3.63890005347527	5.00130007349636	-5.30330007793438	3.70050005438051	5.71530008398891	-4.94330007264402
3.63890005347527	5.00130007349636	-5.30330007793438	3.79120005571339	4.29860006316986	-4.98830007330532
3.65810005375743	-5.36810007888665	-1.53710002258838	3.63500005341796	-5.37670007901303	-0.728200010701227
3.70050005438051	-5.72470008412705	-4.94330007264402	3.45110005071547	-5.57430008191685	-4.21940006200598
3.70050005438051	5.71530008398891	-4.94330007264402	3.45110005071547	5.8657000861991	-4.21940006200598
3.70700005447604	-0.12750000187367	-5.52170008114387	3.86830005684641	-0.896600013175941	-5.37730007902185
3.70700005447604	-0.1274000018722	-5.52170008114387	3.18250004676827	0.257800003788487	-5.06450007442511
3.70860005449955	1.42070002087783	0.104500001535675	3.13030004600117	0.929500013659421	0.489300007190484
3.70860005449955	1.42070002087783	0.104500001535675	4.52730006653071	1.50350002209461	0.294900004333688
3.71590005460682	-0.657700009665198	2.67880003936617	3.09320004545597	-1.18150001736267	2.98800004391001
3.71590005460682	-0.657700009665198	2.67880003936617	4.51820006639699	-0.68150001001495	2.81470004136328
3.72620005475819	-4.73930006964615	-0.257500003784079	3.03560004460951	-4.38240006440134	-0.0346000005084626
3.72620005475819	-4.73930006964615	-0.257500003784079	4.43670006519931	-4.39380006456887	0.0208000003056654
3.72790005478317	5.44110007995942	4.85720007137874	3.37360004957657	5.01370007367858	5.3873000791688
3.7452000550374	3.16980004658164	-0.23310000342551	4.00510005885675	3.10480004562643	0.567400008338199
3.74530005503887	-2.68230003941761	2.74210004029639	3.43240005044066	-3.25580004784545	3.26640004800122
3.75030005511235	1.52500002241056	-1.18080001735239	3.53000005187494	1.8785000276054	-0.549100008069272
3.76350005530633	4.30370006324481	3.6165000531461	2.94810004332366	4.21110006188401	3.8378000563982
3.76350005530633	4.30370006324481	3.6165000531461	4.23240006219702	4.97420007309811	3.79390005575307
3.77120005541948	-2.94710004330896	-1.69670002493377	3.4950000513606	-2.88840004244634	-0.944900013885731
3.78250005558554	-2.37910003496195	4.83170007100401	3.54440005208655	-1.6769000246428	4.90140007202828
3.78250005558554	-2.37910003496195	4.83170007100401	4.54330006676584	-2.40480003533962	5.01490007369621
3.78340005559877	-2.37610003491786	1.26670001861473	3.16330004648612	-2.73250004015532	1.61700002376254
3.78340005559877	-2.37610003491786	1.26670001861473	4.36920006420736	-2.6715000392589	1.71970002527177
3.79120005571339	4.29860006316986	-4.98830007330532	3.08840004538543	3.89740005727405	-4.94180007262198
3.79120005571339	4.29860006316986	-4.98830007330532	4.48580006592085	3.99520005871126	-4.75960006994447
3.7961000557854	0.174700002567295	1.48020002175221	3.50970005157662	-0.0176000002586399	2.21460003254454
3.7961000557854	0.174700002567295	1.48020002175221	4.56580006709649	0.383200005631297	1.56860002305128
3.81400005604845	0.0483000007097903	4.54510006679229	4.08930006009411	0.200900002952316	5.28300007763607
3.83360005633648	2.4226000356012	-3.03310004457277	4.17110006129619	2.78690004095475	-2.41740003552478
3.85140005659806	-4.78680007034418	1.64960002424162	3.18200004676092	-4.37590006430582	1.80120002646945
3.85140005659806	-4.78680007034418	1.64960002424162	3.62650005329305	-5.47950008052372	1.84270002707931
3.86830005684641	-0.896600013175941	-5.37730007902185	4.34490006385026	-1.27760001877491	-4.92700007240448
3.88270005705803	1.33570001962871	3.05490004489313	3.42360005031134	0.746700010973093	3.28020004820402
3.88270005705803	1.33570001962871	3.05490004489313	3.57140005248333	2.06320003031965	3.21190004720032
3.88420005708007	2.4876000365564	3.82770005624978	3.63220005337682	2.19300003222712	4.57740006726695
3.89250005720204	-4.1550000610596	4.27830006287155	3.58000005260971	-4.67730006873503	4.85460007134053
3.89680005726523	-3.69960005436729	-2.01930002967452	3.77120005541948	-2.94710004330896	-1.69670002493377
3.93880005788244	4.73020006951242	1.27460001873082	3.4474000506611	5.28470007766105	1.50730002215045
3.93880005788244	4.73020006951242	1.27460001873082	3.98110005850406	3.97860005846732	1.66130002441355
3.94030005790448	-2.28150003352767	-2.13750003141153	3.77120005541948	-2.94710004330896	-1.69670002493377
3.95460005811463	3.75910005524167	-0.778300011437469	3.7452000550374	3.16980004658164	-0.23310000342551
3.95460005811463	3.75910005524167	-0.778300011437469	4.40500006473346	4.38250006440281	-0.631000009272829
3.96780005830861	-1.95250002869287	-0.0752000011050979	3.61300005309466	-1.88930002776411	0.65930000968871
3.98110005850406	3.97860005846732	1.66120002441208	4.37830006434109	3.86740005683319	2.40890003539987
3.981300058507	-5.47580008046935	-3.66710005388969	4.01450005899489	-4.68130006879381	-3.48790005125626
3.981300058507	-5.47580008046935	-3.66710005388969	4.42100006496859	-6.08530008942622	-3.3827000497103
3.981300058507	5.96420008764661	-3.66710005388969	4.42100006496859	5.35460007868826	-3.3827000497103
4.00510005885675	3.10480004562643	0.567400008338199	3.62960005333861	3.32570004887266	1.23590001816211
4.00510005885675	3.10480004562643	0.567400008338199	4.67620006871887	2.80580004123249	0.743900010931946
4.01450005899489	-4.68130006879381	-3.48790005125626	3.42790005037453	-4.19820006169444	-3.07310004516059
4.02090005908894	-5.04510007414002	-5.28750007770219	3.70050005438051	-5.72470008412705	-4.94330007264402
4.02090005908894	-5.04510007414002	-5.28750007770219	4.74820006977694	-4.77450007016343	-5.12420007530243
4.02090005908894	6.39490009397594	-5.28750007770219	3.70050005438051	5.71530008398891	-4.94330007264402
4.03980005936668	-0.656500009647563	4.28390006295384	3.41920005024668	-1.19600001757576	4.31730006344467
4.03980005936668	-0.656500009647563	4.28390006295384	3.81400005604845	0.0483000007097903	4.54510006679229
4.05070005952686	3.5876000527214	-2.22650003271942	3.62390005325484	3.76860005538127	-1.53790002260013
4.08930006009411	0.200900002952316	-6.15700009047989	3.70700005447604	-0.1274000018722	-5.52170008114387
4.08930006009411	0.200900002952316	5.28300007763607	3.70700005447604	-0.1274000018722	5.91830008697208
4.08930006009411	0.200900002952316	5.28300007763607	4.71440006928023	0.637100009362471	5.43120007981393
4.09000006010439	4.90980007215172	-0.0938000013784333	4.39540006459238	4.92790007241771	0.616000009052397
4.0985000602293	-2.610400038361	-0.501600007371238	3.96780005830861	-1.95250002869287	-0.0752000011050979
4.10000006025135	1.1929000175302	-3.56670005241426	4.28580006298176	1.97010002895151	-3.50340005148404
4.10000006025135	1.1929000175302	-3.56670005241426	4.60350006765051	0.657700009665198	-3.29860004847441
4.10210006028221	2.44420003591862	-5.58900008213287	3.41940005024962	2.71690003992607	-5.30230007791969
4.10210006028221	2.44420003591862	-5.58900008213287	4.71340006926554	2.66490003916191	-5.15430007574476
4.11200006042769	-0.586200008614473	-3.14320004619074	3.34410004914306	-0.702300010320615	-2.98790004390854
4.11200006042769	-0.586200008614473	-3.14320004619074	4.31240006337266	0.0996000014636669	-2.83490004166013
4.15540006106547	1.99130002926305	-6.25660009194356	4.10210006028221	2.44420003591862	-5.58900008213287
4.15540006106547	1.99130002926305	5.1834000761724	4.10210006028221	2.44420003591862	5.85090008598161
4.17110006129619	2.78690004095475	-2.41740003552478	4.05070005952686	3.5876000527214	-2.22650003271942
4.17110006129619	2.78690004095475	-2.41740003552478	4.65480006840438	2.30750003390975	-1.99950002938355
4.17440006134469	3.73080005482579	3.19600004696666	3.76350005530633	4.30370006324481	3.6165000531461
4.17440006134469	3.73080005482579	3.19600004696666	4.38530006444396	3.07580004520027	3.61510005312552
4.17710006138437	-1.21370001783587	-0.34060000500527	3.96780005830861	-1.95250002869287	-0.0752000011050979
4.18720006153279	0.0970000014254587	-2.05500003019915	3.53850005199985	0.206300003031671	-1.5344000225487
4.18720006153279	0.0970000014254587	-2.05500003019915	4.88290007175642	-0.0517000007597548	-1.70340002503223
4.23240006219702	4.97420007309811	3.79390005575307	4.36780006418679	5.24450007707029	4.53610006666003
4.23780006227638	-5.40530007943332	2.99780004405402	4.57240006719348	-6.05310008895303	3.20780004714007
4.23780006227638	-5.40530007943332	2.99780004405402	4.60330006764757	-4.71710006931991	3.18680004683146
4.23780006227638	6.03470008868263	2.99780004405402	4.57240006719348	5.38690007916292	3.20780004714007
4.26740006271137	-2.30080003381129	-4.22220006204713	3.50000005143408	-2.56230003765415	-4.20520006179731
4.28580006298176	1.97010002895151	-3.50340005148404	3.83360005633648	2.4226000356012	-3.03310004457277
4.31240006337266	0.0996000014636669	-2.83490004166013	4.18720006153279	0.0970000014254587	-2.05500003019915
4.34490006385026	-1.27760001877491	-4.92700007240448	4.41380006486278	-1.46450002152149	-4.22780006212943
4.35920006406041	-5.38410007912178	-1.74680002567001	3.65810005375743	-5.36810007888665	-1.53710002258838
4.35920006406041	-5.38410007912178	-1.74680002567001	4.69530006899955	-4.64380006824273	-1.6316000239771
4.36780006418679	5.24450007707029	4.53610006666003	3.72790005478317	5.44110007995942	4.85720007137874
4.36780006418679	5.24450007707029	4.53610006666003	5.10470007501587	5.30050007789324	4.89000007186075
4.36920006420736	-2.6715000392589	1.71970002527177	4.37000006421912	-2.35380003459015	2.44770003597005
4.36920006420736	-2.6715000392589	1.71970002527177	4.93530007252646	-3.16610004652727	1.7961000263945
4.37000006421912	-2.35380003459015	2.44770003597005	3.74530005503887	-2.68230003941761	2.74210004029639
4.37000006421912	-2.35380003459015	2.44770003597005	4.96830007301141	-1.82670002684418	2.644900038868
4.37830006434109	3.86740005683319	2.40890003539987	4.17440006134469	3.73080005482579	3.19600004696666
4.38530006444396	3.07580004520027	3.61510005312552	3.88420005708007	2.4876000365564	3.82770005624978
4.38530006444396	3.07580004520027	3.61510005312552	5.1660000759167	2.97310004369104	3.86510005679939
4.39540006459238	4.92790007241771	0.616000009052397	3.93880005788244	4.73020006951242	1.27460001873082
4.39540006459238	4.92790007241771	0.616000009052397	5.15070007569186	5.12420007530243	0.651100009568208
4.40500006473346	4.38250006440281	-0.631000009272829	4.09000006010439	4.90980007215172	-0.0938000013784333
4.40890006479077	4.12720006065106	-2.7158000399099	4.05070005952686	3.5876000527214	-2.22650003271942
4.40890006479077	4.12720006065106	-2.7158000399099	4.48960006597669	4.96910007302316	-2.66860003921628
4.41380006486278	-1.46450002152149	-4.22780006212943	4.26740006271137	-2.30080003381129	-4.22220006204713
4.41380006486278	-1.46450002152149	-4.22780006212943	4.59150006747416	-1.0944000160827	-3.52900005186024
4.42100006496859	5.35460007868826	-3.3827000497103	4.48960006597669	4.96910007302316	-2.66860003921628
4.43670006519931	-4.39380006456887	0.0208000003056654	4.76220006998267	-4.57740006726695	0.735100010802626
4.47050006569601	-4.45310006544031	1.40720002067944	3.85140005659806	-4.78680007034418	1.64960002424162
4.47050006569601	-4.45310006544031	1.40720002067944	4.79730007049848	-3.97650005843646	1.92110002823143
4.47660006578565	1.69920002497051	-1.51790002230622	3.75030005511235	1.52500002241056	-1.18080001735239
4.47660006578565	1.69920002497051	-1.51790002230622	5.13210007541852	1.17600001728185	-1.35420001990058
4.48580006592085	3.99520005871126	-4.75960006994447	4.75500006987687	4.25900006258792	-4.0532000595636
4.48960006597669	4.96910007302316	-2.66860003921628	4.68150006879675	5.37650007901009	-2.00890002952169
4.51820006639699	-0.68150001001495	2.81470004136328	4.93920007258377	-0.331100004865664	3.37200004955306
4.52730006653071	1.50350002209461	0.294900004333688	4.73660006960647	1.99440002930861	0.826300012142851
4.54330006676584	-2.40480003533962	-6.42500009441827	4.87090007158007	-2.32140003411402	-5.70930008390074
4.54330006676584	-2.40480003533962	5.01490007369621	4.87090007158007	-2.32140003411402	5.73060008421375
4.56220006704358	1.18860001746701	2.72170003999661	3.88270005705803	1.33570001962871	3.05490004489313
4.56220006704358	1.18860001746701	2.72170003999661	5.10510007502174	1.04500001535675	3.26840004803061
4.56580006709649	0.383200005631297	1.56860002305128	4.74310006970199	1.14420001681453	1.9409000285224
4.57240006719348	5.38690007916292	3.20780004714007	4.23240006219702	4.97420007309811	3.79390005575307
4.57870006728606	-4.04290005941224	-2.10880003098977	3.89680005726523	-3.69960005436729	-2.01930002967452
4.57870006728606	-4.04290005941224	-2.10880003098977	4.69530006899955	-4.64380006824273	-1.6316000239771
4.58730006741244	-4.39710006461736	3.93870005788097	3.89250005720204	-4.1550000610596	4.27830006287155
4.58730006741244	-4.39710006461736	3.93870005788097	5.31410007809309	-4.36330006412066	4.28150006291857
4.59150006747416	-1.0944000160827	-3.52900005186024	4.11200006042769	-0.586200008614473	-3.14320004619074
4.59150006747416	-1.0944000160827	-3.52900005186024	5.2829000776346	-1.29450001902326	-3.20400004708422
4.60330006764757	-4.71710006931991	3.18680004683146	4.58730006741244	-4.39710006461736	3.93870005788097
4.60350006765051	0.657700009665198	-3.29860004847441	4.31240006337266	0.0996000014636669	-2.83490004166013
4.65480006840438	2.30750003390975	-1.99950002938355	4.47660006578565	1.69920002497051	-1.51790002230622
4.67330006867625	-1.92870002834312	-2.24510003299276	3.94030005790448	-2.28150003352767	-2.13750003141153
4.67330006867625	-1.92870002834312	-2.24510003299276	5.09410007486009	-1.44920002129665	-1.7521000257479
4.67620006871887	2.80580004123249	0.743900010931946	4.73660006960647	1.99440002930861	0.826300012142851
4.67620006871887	2.80580004123249	0.743900010931946	5.33910007846048	3.24290004765588	0.888200013052499
4.68150006879675	-6.06340008910439	-2.00890002952169	4.35920006406041	-5.38410007912178	-1.74680002567001
4.68150006879675	5.37650007901009	-2.00890002952169	4.35920006406041	6.05580008899271	-1.74680002567001
4.68150006879675	5.37650007901009	-2.00890002952169	5.22850007683516	5.17260007601369	-1.48790002186536
4.68900006890697	1.3712000201504	5.09730007490712	4.15540006106547	1.99130002926305	5.1834000761724
4.68900006890697	1.3712000201504	5.09730007490712	4.71440006928023	0.637100009362471	5.43120007981393
4.69530006899955	-4.64380006824273	-1.6316000239771	5.15050007568892	-4.37570006430288	-1.05310001547578
4.71120006923321	-4.38190006439399	-3.79300005573984	4.01450005899489	-4.68130006879381	-3.48790005125626
4.71120006923321	-4.38190006439399	-3.79300005573984	5.28910007772571	-4.36670006417062	-3.22570004740311
4.71340006926554	2.66490003916191	-5.15430007574476	5.10840007507024	2.16720003184798	-4.67090006864098
4.71440006928023	0.637100009362471	-6.00880008830202	5.41360007955529	0.425000006245566	-5.56180008173316
4.71440006928023	0.637100009362471	5.43120007981393	5.41360007955529	0.425000006245566	5.8782000863828
4.73660006960647	1.99440002930861	0.826300012142851	5.06300007440307	1.72630002536876	1.50510002211812
4.74310006970199	1.14420001681453	1.9409000285224	4.56220006704358	1.18860001746701	2.72170003999661
4.74820006977694	-4.77450007016343	-5.12420007530243	4.83120007099666	-4.1458000609244	-4.60480006766961
4.75500006987687	4.25900006258792	-4.0532000595636	4.8836000717667	3.89630005725788	-3.3850000497441
4.75500006987687	4.25900006258792	-4.0532000595636	4.96630007298202	4.95840007286592	-3.84120005644816
4.76220006998267	-4.57740006726695	0.735100010802626	4.47050006569601	-4.45310006544031	1.40720002067944
4.76220006998267	-4.57740006726695	0.735100010802626	5.46750008034738	-4.94790007271162	0.753600011074492
4.79530007046909	-3.89800005728287	-0.47910000704059	4.43670006519931	-4.39380006456887	0.0208000003056654
4.79730007049848	-3.97650005843646	1.92110002823143	5.01910007375794	-4.34820006389876	2.61900003848739
4.81780007079974	-0.773000011359583	4.00250005881854	4.03980005936668	-0.656500009647563	4.28390006295384
4.81780007079974	-0.773000011359583	4.00250005881854	5.48290008057369	-1.23900001820766	4.15760006109781
4.83120007099666	-4.1458000609244	-4.60480006766961	4.71120006923321	-4.38190006439399	-3.79300005573984
4.84660007122297	-3.06380004502392	-0.548300008057516	4.0985000602293	-2.610400038361	-0.501600007371238
4.84660007122297	-3.06380004502392	-0.548300008057516	4.79530007046909	-3.89800005728287	-0.47910000704059
4.87090007158007	-2.32140003411402	-5.70930008390074	4.96060007289825	-1.64970002424308	-5.26290007734069
4.87090007158007	-2.32140003411402	-5.70930008390074	5.19930007640606	-3.00120004410399	-5.44240007997852
4.87330007161534	-0.903900013283218	-0.543800007991386	4.17710006138437	-1.21370001783587	-0.34060000500527
4.87330007161534	-0.903900013283218	-0.543800007991386	5.41020007950533	-0.751900011049509	0.0226000003321172
4.88290007175642	-0.0517000007597548	-1.70340002503223	4.94970007273807	-0.781800011488903	-1.34240001972717
4.8836000717667	3.89630005725788	-3.3850000497441	4.40890006479077	4.12720006065106	-2.7158000399099
4.90970007215025	3.4454000506317	-5.20650007651186	4.48580006592085	3.99520005871126	-4.75960006994447
4.90970007215025	3.4454000506317	-5.20650007651186	4.71340006926554	2.66490003916191	-5.15430007574476
4.91730007226194	-2.79130004101941	-4.26030006260703	4.26740006271137	-2.30080003381129	-4.22220006204713
4.91730007226194	-2.79130004101941	-4.26030006260703	5.53340008131581	-2.70470003974678	-3.81740005609841
4.9299000724471	2.25980003320878	-3.89370005721968	4.28580006298176	1.97010002895151	-3.50340005148404
4.9299000724471	2.25980003320878	-3.89370005721968	5.37950007905418	2.64650003889151	-3.39160004984109
4.93530007252646	-3.16610004652727	1.7961000263945	4.79730007049848	-3.97650005843646	1.92110002823143
4.93530007252646	-3.16610004652727	1.7961000263945	5.70310008380962	-3.01350004428474	1.82290002678834
4.93920007258377	-0.331100004865664	3.37200004955306	4.81780007079974	-0.773000011359583	4.00250005881854
4.94970007273807	-0.781800011488903	-1.34240001972717	4.87330007161534	-0.903900013283218	-0.543800007991386
4.96060007289825	-1.64970002424308	-5.26290007734069	4.34490006385026	-1.27770001877638	-4.92700007240448
4.96060007289825	-1.64970002424308	-5.26290007734069	5.75030008450325	-1.46680002155529	-5.21140007658387
4.96630007298202	4.95840007286592	-3.84120005644816	4.42100006496859	5.35460007868826	-3.3827000497103
4.96830007301141	-1.82670002684418	2.644900038868	5.5157000810557	-2.08310003061209	3.19400004693727
4.98190007321127	-3.38450004973675	-4.81150007070716	4.83120007099666	-4.1458000609244	-4.60480006766961
4.98190007321127	-3.38450004973675	-4.81150007070716	4.91730007226194	-2.79130004101941	-4.26030006260703
5.01910007375794	-4.34820006389876	2.61900003848739	4.60330006764757	-4.71710006931991	3.18680004683146
5.01910007375794	-4.34820006389876	2.61900003848739	5.77620008488386	-4.37140006423969	2.79990004114579
5.06300007440307	1.72630002536876	1.50510002211812	4.74310006970199	1.14420001681453	1.9409000285224
5.06300007440307	1.72630002536876	1.50510002211812	5.73180008423138	2.15970003173776	1.56170002294989
5.07870007463378	-1.09320001606507	2.39350003517356	4.51820006639699	-0.68150001001495	2.81470004136328
5.07870007463378	-1.09320001606507	2.39350003517356	4.96830007301141	-1.82670002684418	2.644900038868
5.09410007486009	-1.44920002129665	-1.7521000257479	4.94970007273807	-0.781800011488903	-1.34240001972717
5.09410007486009	-1.44920002129665	-1.7521000257479	5.81560008546286	-1.76700002596686	-1.72360002532908
5.10470007501587	-6.13950009022272	4.89000007186075	5.37950007905418	-5.39370007926285	5.16490007590053
5.10470007501587	5.30050007789324	4.89000007186075	5.37950007905418	6.0463000888531	5.16490007590053
5.10470007501587	5.30050007789324	4.89000007186075	5.55160008158326	4.66470006854987	4.95630007283506
5.10510007502174	1.04500001535675	3.26840004803061	5.34300007851779	1.5807000232291	3.81080005600142
5.10510007502174	1.04500001535675	3.26840004803061	5.40670007945389	0.315500004636415	3.27840004817757
5.10840007507024	2.16720003184798	-4.67090006864098	4.9299000724471	2.25980003320878	-3.89370005721968
5.12240007527598	4.51100006629118	-1.01480001491294	4.40500006473346	4.38250006440281	-0.631000009272829
5.12240007527598	4.51100006629118	-1.01480001491294	5.69980008376113	3.99900005876711	-0.922000013549205
5.13210007541852	1.17600001728185	-1.35420001990058	5.55170008158473	1.32140001941857	-0.686600010089896
5.14880007566394	-1.98610002918663	-2.86410004208924	4.67330006867625	-1.92870002834312	-2.24510003299276
5.15050007568892	-4.37570006430288	-1.05310001547578	4.79530007046909	-3.89800005728287	-0.47910000704059
5.15050007568892	-4.37570006430288	-1.05310001547578	5.90720008680896	-4.53170006659537	-0.962100014138493
5.15070007569186	5.12420007530243	0.651100009568208	5.58550008208144	4.56620006710237	0.926400013613865
5.15880007581089	-3.86140005674501	-2.61700003845799	4.57870006728606	-4.04290005941224	-2.10880003098977
5.15880007581089	-3.86140005674501	-2.61700003845799	5.5794000819918	-3.20740004713419	-2.52610003712218
5.16350007587996	3.93310005779868	2.30970003394208	4.37830006434109	3.86740005683319	2.40890003539987
5.1660000759167	2.97310004369104	3.86510005679939	5.54660008150979	3.47820005111372	4.36190006410009
5.17150007599752	-0.148700002185213	1.31740001935979	4.56580006709649	0.383200005631297	1.56860002305128
5.17150007599752	-0.148700002185213	1.31740001935979	5.54620008150391	-0.578700008504257	1.90570002800512
5.18540007620179	-2.50760003685031	4.5303000665748	4.54330006676584	-2.40480003533962	5.01490007369621
5.18540007620179	-2.50760003685031	4.5303000665748	5.58350008205205	-3.16250004647436	4.73250006954622
5.19560007635168	1.15780001701439	0.0144000002116145	4.52730006653071	1.50350002209461	0.294900004333688
5.19560007635168	1.15780001701439	0.0144000002116145	5.58810008211965	0.598600008796697	0.4528000066541
5.19930007640606	-3.00120004410399	-5.44240007997852	4.98190007321127	-3.38450004973675	-4.81150007070716
5.22850007683516	5.17260007601369	-1.48790002186536	5.12240007527598	4.51100006629118	-1.01480001491294
5.22850007683516	5.17260007601369	-1.48790002186536	5.84550008590226	5.6940000836759	-1.48410002180952
5.26100007731277	5.10030007495121	2.90550004269763	4.57240006719348	5.38690007916292	3.20780004714007
5.26100007731277	5.10030007495121	2.90550004269763	5.90550008678398	5.24630007709674	3.37310004956922
5.2829000776346	-1.29450001902326	-3.20400004708422	5.14880007566394	-1.98610002918663	-2.86410004208924
5.2829000776346	-1.29450001902326	-3.20400004708422	6.01920008845486	-0.910400013378738	-3.19000004687849
5.28910007772571	-4.36670006417062	-3.22570004740311	5.15880007581089	-3.86140005674501	-2.61700003845799
5.31370007808722	1.45040002131428	4.60620006769018	4.68900006890697	1.3712000201504	5.09730007490712
5.31370007808722	1.45040002131428	4.60620006769018	6.03790008872966	1.40640002066768	4.96830007301141
5.31410007809309	-4.36330006412066	4.28150006291857	5.64190008291026	-4.96160007291295	4.58460006737276
5.33910007846048	3.24290004765588	0.888200013052499	5.62040008259431	2.95890004348237	1.58940002335695
5.34300007851779	1.5807000232291	3.81080005600142	5.31370007808722	1.45040002131428	4.60620006769018
5.34610007856335	0.570700008386694	-1.80310002649737	4.88290007175642	-0.0517000007597548	-1.70340002503223
5.34610007856335	0.570700008386694	-1.80310002649737	5.13210007541852	1.17600001728185	-1.35420001990058
5.35110007863682	-5.1939000763267	-5.47330008043261	4.74820006977694	-4.77450007016343	-5.12420007530243
5.35110007863682	-5.1939000763267	-5.47330008043261	5.92060008700588	-5.43100007981099	-4.94550007267635
5.36000007876761	0.715000010507247	-3.51200005161042	4.60350006765051	0.657700009665198	-3.29860004847441
5.36000007876761	0.715000010507247	-3.51200005161042	5.875900086349	1.05650001552574	-2.96390004355585
5.36750007887783	-0.163300002399767	0.575600008458701	5.17150007599752	-0.148700002185213	1.31740001935979
5.37790007903066	-2.00860002951728	3.97780005845556	5.18540007620179	-2.50760003685031	4.5303000665748
5.37790007903066	-2.00860002951728	3.97780005845556	5.48290008057369	-1.23900001820766	4.15760006109781
5.37950007905418	-5.39370007926285	-6.27500009221395	5.35110007863682	-5.1939000763267	-5.47330008043261
5.37950007905418	-5.39370007926285	5.16490007590053	5.35110007863682	-5.1939000763267	5.96660008768187
5.37950007905418	2.64650003889151	-3.39160004984109	5.70660008386106	2.27980003350269	-2.84200004176447
5.40670007945389	0.315500004636415	3.27840004817757	4.93920007258377	-0.331100004865664	3.37210004955453
5.41020007950533	-0.751900011049509	0.0226000003321172	5.36750007887783	-0.163300002399767	0.575600008458701
5.41020007950533	-0.751900011049509	0.0226000003321172	6.08330008939683	-1.19460001755519	0.0985000014475019
5.41360007955529	0.425000006245566	-5.56180008173316	5.58390008205793	0.814500011969444	-4.86100007143459
5.44960008008433	2.45020003600679	-2.13950003144092	4.65480006840438	2.30750003390975	-1.99950002938355
5.44960008008433	2.45020003600679	-2.13950003144092	5.93780008725865	2.76020004056238	-1.60280002355387
5.45650008018573	-2.68980003952782	-3.0872000453678	5.14880007566394	-1.98610002918663	-2.86410004208924
5.45650008018573	-2.68980003952782	-3.0872000453678	5.5794000819918	-3.20740004713419	-2.52610003712218
5.46200008026655	4.67590006871446	2.27170003338366	5.16350007587996	3.93310005779868	2.30970003394208
5.46200008026655	4.67590006871446	2.27170003338366	5.26100007731277	5.10030007495121	2.90550004269763
5.46750008034738	-4.94790007271162	0.753600011074492	6.18130009083699	-4.7191000693493	1.03800001525388
5.48070008054136	3.67430005399549	-5.72170008408296	4.90970007215025	3.4454000506317	-5.20650007651186
5.48070008054136	3.67430005399549	5.71830008403299	4.90970007215025	3.4454000506317	6.23350009160409
5.48290008057369	-1.23900001820766	4.15760006109781	6.24350009175105	-1.09890001614883	4.41720006491274
5.49610008076767	3.3804000496765	-3.41370005016586	4.8836000717667	3.89630005725788	-3.3850000497441
5.49610008076767	3.3804000496765	-3.41370005016586	5.37950007905418	2.64650003889151	-3.39160004984109
5.5157000810557	-2.08310003061209	3.19400004693727	5.37790007903066	-2.00860002951728	3.97780005845556
5.53340008131581	-2.70470003974678	-3.81740005609841	5.45650008018573	-2.68980003952782	-3.0872000453678
5.54310008145835	-5.65370008308367	0.449000006598257	5.15070007569186	-6.31580009281353	0.651100009568208
5.54310008145835	-5.65370008308367	0.449000006598257	5.46750008034738	-4.94790007271162	0.753600011074492
5.54310008145835	5.78630008503228	0.449000006598257	5.15070007569186	5.12420007530243	0.651100009568208
5.54620008150391	-0.578700008504257	1.90570002800512	5.07870007463378	-1.09320001606507	2.39350003517356
5.54620008150391	-0.578700008504257	1.90570002800512	6.36730009357034	-0.37590000552402	1.94480002857971
5.54660008150979	3.47820005111372	4.36190006410009	5.80940008537175	3.2379000475824	5.1069000750482
5.55160008158326	4.66470006854987	4.95630007283506	5.79530008516454	4.37380006427496	5.65190008305722
5.55170008158473	1.32140001941857	-0.686600010089896	5.19560007635168	1.15780001701439	0.0144000002116145
5.5794000819918	-3.20740004713419	-2.52610003712218	6.02190008849453	-3.11090004571608	-1.91110002808448
5.58350008205205	-3.16250004647436	4.73250006954622	5.81140008540114	-3.13220004602909	5.48610008062071
5.58390008205793	0.814500011969444	-4.86100007143459	5.762600084684	0.525100007716581	-4.14240006087443
5.58550008208144	4.56620006710237	0.926400013613865	5.91190008687803	4.73530006958737	1.60650002360824
5.58810008211965	0.598600008796697	0.4528000066541	5.36750007887783	-0.163300002399767	0.575600008458701
5.58810008211965	0.598600008796697	0.4528000066541	6.2906000924432	0.783600011515355	0.818400012026757
5.59160008217108	-2.70020003968066	-0.701900010314737	4.84660007122297	-3.06380004502392	-0.548300008057516
5.59160008217108	-2.70020003968066	-0.701900010314737	6.18130009083699	-2.50310003678418	-0.290000004261681
5.62040008259431	2.95890004348237	1.58940002335695	5.7406000843607	3.43620005049651	2.19430003224623
5.63430008279858	1.61580002374491	-4.9184000722781	5.10840007507024	2.16720003184798	-4.67090006864098
5.63430008279858	1.61580002374491	-4.9184000722781	5.58390008205793	0.814500011969444	-4.86100007143459
5.64190008291026	-4.96160007291295	4.58460006737276	5.37950007905418	-5.39370007926285	5.16490007590053
5.64320008292937	5.16340007587849	-4.02570005915948	4.96630007298202	4.95840007286592	-3.84120005644816
5.64320008292937	5.16340007587849	-4.02570005915948	6.12240008997143	5.30050007789324	-3.36830004949869
5.65080008304105	2.31330003399499	3.66480005385589	5.1660000759167	2.97310004369104	3.86510005679939
5.65080008304105	2.31330003399499	3.66480005385589	5.34300007851779	1.5807000232291	3.81080005600142
5.65940008316743	3.84820005655103	0.495800007286004	5.33910007846048	3.24290004765588	0.888200013052499
5.65940008316743	3.84820005655103	0.495800007286004	5.58550008208144	4.56620006710237	0.926400013613865
5.69980008376113	3.99900005876711	-0.922000013549205	6.02150008848865	3.9734000583909	-0.190200002795075
5.70310008380962	-3.01350004428474	1.82290002678834	5.97140008775241	-3.0481000447932	2.56220003765268
5.70660008386106	2.27980003350269	-2.84200004176447	5.44960008008433	2.45020003600679	-2.13950003144092
5.71520008398744	-3.69030005423062	4.27650006284509	5.31410007809309	-4.36330006412066	4.28150006291857
5.71520008398744	-3.69030005423062	4.27650006284509	5.58350008205205	-3.16250004647436	4.73250006954622
5.73180008423138	2.15970003173776	1.56170002294989	5.62040008259431	2.95890004348237	1.58940002335695
5.7406000843607	3.43620005049651	2.19430003224623	5.16350007587996	3.93310005779868	2.30970003394208
5.762600084684	0.525100007716581	-4.14240006087443	5.36000007876761	0.715000010507247	-3.51200005161042
5.79100008510135	4.245600062391	4.29530006312137	5.54660008150979	3.47820005111372	4.36190006410009
5.79100008510135	4.245600062391	4.29530006312137	5.55160008158326	4.66470006854987	4.95630007283506
5.79530008516454	4.37380006427496	5.65190008305722	5.48070008054136	3.67430005399549	5.71830008403299
5.80280008527476	-2.49290003663429	-1.44320002120847	5.59160008217108	-2.70020003968066	-0.701900010314737
5.80940008537175	3.2379000475824	5.1069000750482	5.48070008054136	3.67430005399549	5.71830008403299
5.81140008540114	-3.13220004602909	-5.95380008749377	5.19930007640606	-3.00120004410399	-5.44240007997852
5.91190008687803	4.73530006958737	1.60650002360824	5.46200008026655	4.67590006871446	2.27170003338366
5.91940008698825	-4.85310007131849	-3.30950004863459	5.28910007772571	-4.36670006417062	-3.22570004740311
5.94150008731302	5.25050007715846	-4.76110006996651	5.64320008292937	5.16350007587996	-4.02570005915948
5.94790008740707	0.561500008251495	-2.34040003439323	5.34610007856335	0.570700008386694	-1.80310002649737
5.98550008795962	3.55720005227466	-1.49300002194031	5.69980008376113	3.99900005876711	-0.922000013549205
6.02150008848865	3.9734000583909	-0.190200002795075	5.65940008316743	3.84820005655103	0.495800007286004
6.05390008896479	-0.101800001495997	-5.72140008407855	5.41360007955529	0.425000006245566	-5.56180008173316
6.11610008987885	-5.63010008273686	-0.124400001828114	5.54310008145835	-5.65370008308367	0.449000006598257
6.18330009086638	-2.40430003533227	2.97090004365871	5.5157000810557	-2.08310003061209	3.19400004693727
6.18580009090312	-2.5963000381538	-4.29330006309198	5.53340008131581	-2.70470003974678	-3.81740005609841
6.18870009094573	0.200900002952316	3.19190004690641	5.40670007945389	0.315500004636415	3.27840004817757
6.22700009150857	1.79290002634747	-3.05010004482259	5.70660008386106	2.27980003350269	-2.84200004176447
6.24050009170696	-2.86970004217153	1.37020002013571	5.70310008380962	-3.01350004428474	1.82290002678834
6.24230009173341	3.57110005247892	-3.44250005058909	5.49610008076767	3.3804000496765	-3.41370005016586
6.29840009255783	-3.60560005298592	3.70610005446281	5.71520008398744	-3.69030005423062	4.27650006284509
6.29870009256223	1.77850002613586	-5.26950007743768	5.63430008279858	1.61580002374491	-4.9184000722781
6.30880009271066	1.61990002380516	-0.78250001149919	5.55170008158473	1.32140001941857	-0.686600010089896
6.33070009303249	-5.15170007570655	4.22730006212208	5.64190008291026	-4.96160007291295	4.58460006737276
6.40940009418902	2.39300003516621	3.41240005014676	5.65080008304105	2.31330003399499	3.66480005385589
