-0.016029822733517 4.7862278607153 3.3224329311316 -0.024121089587189 4.0113438447967 3.2111630405418
2.1042067189839 2.0638325705303 1.2150820791469 1.7347518667851 2.3201337443663 1.8723449383393
-0.36375559264493 3.7752094262654 2.5291034726013 -0.96711867974499 3.2794518705656 2.5851501403661
5.6138588698472 -1.9484838935521 -0.43256512610541 5.6565130522088 -2.6255414536022 -0.025293289741673
-4.3019623374831 -4.5784137878956 0.71988389039868 -3.772491956554 -5.2519297804817 0.71008047319674
5.4097391757175 -3.7931401098394 0.86231566421497 4.9687702766342 -3.6791247473999 0.24639765187139
0.98058008597317 1.7174821538908 -0.74301343215412 1.0175732430873 1.7812508111275 0.037576768630134
2.734570073735 2.6010725421099 0.041150051947679 2.0970943794903 2.3980293698298 0.48984946015133
2.6556279225364 1.7421538989546 2.9800539081958 2.1282415112765 2.3170577935198 2.6296849818902
3.3843388740225 0.37346078023043 4.9922204722703 3.1641732978288 -0.028400399709565 5.6837018678074
3.0276239255171 -2.673907110266 -3.8153248393959 2.2538970751082 -2.7656981246493 -3.786494118384
5.4623480703657 -1.5069840506808 -4.674288726453 5.5756161828401 -2.2174736865784 -5.0795608754839
-5.4946026744043 1.6203637141368 3.507266165248 -5.1679975451848 1.8142875618861 2.7734555324515
-5.149002600139 -2.1288125084609 3.985537741938 -4.762342715072 -1.4173628522709 3.8943918400367
5.7094435589382 -2.8497340831287 2.9570465806829 5.0843320617386 -2.2967950523888 2.9938708428761
-0.98927677317395 -0.14968235503973 0.10941068050538 -1.1495607280602 -0.71873123624762 -0.36780947332673
-3.4182230404175 0.68048846486286 1.0237110602216 -3.0517728148324 0.45403992883486 0.28475072428793
-2.4889898478802 1.5097530419976 -1.5829316833734 -2.7273925805345 1.4387940777107 -2.3676616786165
-1.3375245182433 -4.9912818235037 4.6378931271507 -1.8893387026128 -4.8130343195477 4.1156667518297
-1.8629526457273 -4.0141848138074 2.5443049218804 -1.3108659673926 -4.2936579250763 2.0840528604068
-1.006495981997 -5.0400935001954 3.2863762964719 -1.7003607257159 -4.8158744030818 3.415028807079
-3.6118253930074 -2.033196079391 -2.9275193916224 -3.6050463514638 -2.030627757212 -3.711503716833
-0.78763119486209 -2.9477076680807 -1.9983125634138 -1.2562268800248 -2.4730001009833 -2.422056032377
-4.6468998334988 -3.2370935716463 -1.9774894110373 -4.7630769847214 -3.2727053789036 -2.7461559470759
-1.4059012309954 -1.0826909887452 5.7043458090744 -1.2168337977547 -0.38146396379718 5.3977623042175
3.3240966636025 -0.44459531982967 2.0530582156274 3.4569665225861 0.24576746684539 2.3772208729658
-2.0524126213877 2.5256997000909 1.2272431624604 -1.6348350277737 3.1683984882404 1.3672308221136
0.35587628421645 -0.31866210024891 0.54238442441325 0.7782389948874 -0.67814734330184 0.0027654358432372
-0.3034732463561 -1.7168930877741 -0.52012303829867 0.14131727358753 -1.7360332762206 0.15675523061645
1.5928889062705 0.93565097429356 -4.050295285336 0.77691221895821 0.82785511114144 -3.9592806327268
-5.0497434345964 -1.8424725292547 4.3808625312515 -5.6347459852468 -1.6583573919023 4.9508194201044
-4.4525891947122 -1.2571947977259 4.5948818844499 -5.0497434345964 -1.8424725292547 4.3808625312515
-4.4525891947122 -1.2571947977259 4.5948818844499 -4.6156017388927 -0.43210359378107 4.3328939682734
-0.93289439509536 4.6286720195007 -4.5996980050181 -0.83757596772745 5.0062467127351 -3.8779929823619
-0.83757596772745 5.0062467127351 -3.8779929823619 -1.1043551954236 4.6761864858414 -3.1963344988921
-0.40490784655675 4.6408186410043 4.9339390659029 -0.50783990586716 5.2015230577693 5.4549137865373
2.5000069490678 2.9044759707161 4.6525542374605 3.2752098543394 2.5841103633288 4.6107807983622
5.0579653289007 1.6022254658606 3.4778008597769 4.2879070888307 2.0804857973521 3.423187029833
3.9600057470549 2.0340626434005 2.6504477988935 4.2879070888307 2.0804857973521 3.423187029833
1.6038095755895 -4.2761465232192 1.8788449604235 2.2667904671328 -4.6233314382576 2.3045900918456
1.218368921163 -4.0280796292683 1.1484228730834 1.6038095755895 -4.2761465232192 1.8788449604235
0.90629192541609 5.3362391693379 4.7182688863935 0.84767843180503 6.186127974357 4.9725852361449
-1.0394557435173 1.3595810083373 -5.1012889594421 -0.83608650388467 0.54286571523824 -5.064146569955
-0.56311335266364 1.6461077241087 -5.6732265338003 -1.0394557435173 1.3595810083373 -5.1012889594421
-1.0394557435173 1.3595810083373 -5.1012889594421 -1.6639669100374 1.9271045496179 -4.7774623886979
5.6749184788072 5.7013642841341 -2.8897927862371 6.2595705251583 5.6113045350546 -2.3076676316488
-1.8566435553126 -4.6185153993693 1.5590678380284 -2.4515296736447 -4.8385688478791 1.0549683731466
-2.4617881780528 -4.9382894524477 -1.5066419685081 -2.1630996498462 -5.1841544164582 -2.178578951632
0.42980002365466 -4.2041939358696 0.92211148328415 0.019023542887492 -3.53464511701 1.1119763616404
-2.3580079397391 -4.0309273194063 1.4788062116216 -2.2878893342272 -3.27437531276 1.2078103080803
-1.3474747243313 -3.4093601116888 0.084217879987967 -1.2556260893379 -4.1677636118839 -0.048673649630068
0.84469158179178 3.1845751113446 1.0669070873999 0.9974587367459 3.3288478659754 0.19233296510496
1.560244352448 3.9452512793832 0.09726892927092 2.3102012051548 3.8783258508457 -0.32705086627876
1.560244352448 3.9452512793832 0.09726892927092 0.9974587367459 3.3288478659754 0.19233296510496
-2.3174539202859 5.2426802088095 -2.4368199906509 -1.6826136373436 5.6399988332207 -2.1804355657657
-0.9357310355406 -5.5389199518327 -1.9197930946616 -1.6826136373436 -5.8000011667793 -2.1804355657657
-1.6476803063704 -4.7189306451229 -1.4744052419992 -1.458266914755 -4.2431403193649 -2.1299876950301
0.74021461866113 5.1312397589858 -4.9288009079562 1.214458865212 5.3626211243267 -5.5297890023014
0.74021461866113 5.1312397589858 -4.9288009079562 0.84684416000486 4.3493268751679 -4.8964496711531
1.9814539144683 -5.2521530705711 4.9933976928602 2.6040402910487 -5.4699377863657 4.535092323986
-3.4894430963799 2.4386433998552 1.8774855756786 -3.4100417302838 1.610112872693 1.890111059509
-0.50332147361157 1.7378701111429 0.8148275601113 0.22572701364536 1.688216573984 1.1133011275469
1.3461151095557 2.4648517838575 0.13175828428006 0.70832650880148 2.8441287128125 -0.23742833379421
-0.58478645747199 2.670395208992 -5.3140049051616 0.0083212710757837 2.2039649972535 -5.506093063186
3.7380599185239 1.9418954462711 -3.2283633416169 3.5397622119773 1.23250635822 -2.8569034568017
0.34735024971294 0.19109667015733 -4.1715556309111 0.35857483929561 -0.48856480326209 -3.8325916637374
-1.1495607280602 -0.71873123624762 -0.36780947332673 -0.54966146356477 -0.97433693945625 -0.76233190410066
-0.87007706056028 -2.4633849609017 2.3424170900283 -1.3067978628783 -3.0016641936185 2.1076455901488
-2.5265047693885 -0.23239682767686 3.41423599206 -2.2069943977886 0.59840152450374 3.4322236981792
-1.6788268367131 0.98000318420326 5.693101263508 -2.3098274337691 0.75542409945031 5.1659087421831
-3.0748649902655 -0.81712071496257 -5.4458128248084 -3.7590395469363 -1.1884582773819 -5.5994437576926
-0.40892194486489 0.63140993034236 4.7878698020738 -0.95979080306392 0.10566652620806 4.8413784959391
0.95772973712772 -1.8987421091384 3.3948592135778 1.2683613457379 -2.0840670953441 4.0940752745087
3.8730405602429 -3.1413100224784 -5.5016359437682 4.0574409430331 -2.4003407903603 -5.8080151181308
1.4344829884133 -3.947828738239 4.8282593647493 1.9114087165165 -3.3210010745461 5.0837345946508
-1.8068218856747 4.3824262611511 -3.1853821618233 -1.1043551954236 4.6761864858414 -3.1963344988921
-3.1523424698698 0.80116717845106 5.2317355971732 -2.3098274337691 0.75542409945031 5.1659087421831
-3.1654822380377 4.5160230943217 -4.1533663973946 -3.9027319834834 4.1760126557722 -4.2634723143203
1.9504660000677 -2.3353079760604 -2.6415797833998 2.4304629139969 -2.221752290091 -2.0401076275384
3.6685296886699 -0.046389816903839 -1.6247114342139 3.4194738240585 -0.75324552819979 -1.2883825765186
3.9528239775712 -3.0352052623346 -0.15381771853314 4.5026142192752 -2.9330533465725 -0.74780362901106
5.594188564663 -0.38660814808866 -5.3708219992334 5.6481592589339 -0.7680537711373 -6.0912131824001
-5.0322123273701 -0.40855522693638 -4.3465292481157 -5.6095839743795 -0.95171400566481 -4.151906519291
-5.1836627694301 0.34039067552695 -4.4515104213771 -5.0897194513184 0.71463698901545 -3.660249529364
5.6070768054645 5.0170171803438 -1.3533333021947 4.7862923155143 4.8874841611204 -1.400505037287
5.5838535431138 -2.8216507658375 -2.2392903599378 4.933144848721 -3.1673398461725 -2.2844610844573
-5.3390032456676 -5.2676879388325 -0.96495626312166 -5.4393299853534 -5.8006867958411 -1.5756435935923
-2.0192137121447 0.60166790292448 4.4456082693059 -2.4073105584315 1.0476783531226 4.0376761192239
-2.1545881648547 -2.0795422133418 4.7444601905352 -1.456231472487 -2.2886446307865 4.31735965827
-2.0192137121447 0.60166790292448 4.4456082693059 -2.3098274337691 0.75542409945031 5.1659087421831
2.3439769544379 4.3797566871052 -1.0100215796285 2.3102012051548 3.8783258508457 -0.32705086627876
-4.7034089991181 3.6399119091691 -3.2247762845352 -5.4931428738347 3.8041307762466 -3.3296306243464
-1.5396160111828 -1.1267360173046 -2.3635344814319 -1.6095707996041 -1.8682787754059 -2.0844090005827
-0.68269914357403 -0.18126140501057 -1.8353151617274 -0.93634598540818 0.57077641065337 -1.9000768751604
0.58587623916369 0.16030236495298 1.0824066918135 0.14742272321152 0.016577026888089 1.720736065699
-3.7277279025452 4.7371655463713 -0.71756201929857 -4.2947052790265 5.0718424814319 -0.32375802529643
-3.3943149961754 2.8341120296085 1.1690790081444 -3.7527843253981 3.5133746440976 0.77092113897046
-5.1804294748417 5.6113045350546 -2.3076676316488 -5.4393299853534 5.6393132041589 -1.5756435935923
-1.3701435112389 -2.6577646475936 -3.1725520801517 -1.2562268800248 -2.4730001009833 -2.422056032377
-2.118659160019 -0.79204291821442 -2.7444190038004 -2.7681618462918 -0.45896197031258 -2.5565354466045
-2.7273925805345 1.4387940777107 -2.3676616786165 -3.1842466894466 0.80498719645693 -2.5984536074136
0.3019756789996 -3.155246940955 3.2976910579905 0.85693027563015 -2.5931053068284 2.890313554217
0.54165503554669 -3.2222158429236 4.0697356213675 0.68927485293331 -3.8343582206893 4.5950557995051
2.0689235582063 -2.7813750045748 4.474730997344 2.0205360388113 -1.9784908812885 4.4118124989188
-2.0524191689683 -2.761598225128 3.1491937681613 -2.6661312302907 -2.6447880783441 3.5372776949091
-0.45569738105607 -1.1955744596727 2.0805188132321 0.16396931625212 -0.675381412459 2.0865660109557
-0.097534018195486 -5.2251447024723 -5.3277878526116 -0.23303571231925 -4.9767186878582 -6.0948803843082
4.5224261619192 4.9305195980849 -0.69381500056631 4.7862923155143 4.8874841611204 -1.400505037287
-4.4194748857837 2.879991627253 -0.61520705221949 -4.8115821070381 3.0709424146483 -1.3373316488132
-5.4393299853534 5.6393132041589 -1.5756435935923 -5.8329231945355 5.0170171803438 -1.3533333021947
-1.710101363938 1.4252516923512 4.9635264656503 -2.0771942779767 1.7079601865174 4.2428326760377
-1.0204807929676 0.67883871067961 1.6267688484966 -0.35226672976618 0.52939934968601 1.9871640597581
-2.9740713937042 0.94195483012057 3.5202414671451 -3.744086715168 0.75764553531511 3.7987292055642
-5.1318821309382 1.0665187044529 2.3754823873482 -5.9359316451242 0.85127045200801 2.1896193470597
5.2391165279614 0.32159947113216 2.7375118956063 5.1970433798333 0.78806454397441 3.4483074474602
-5.1318821309382 1.0665187044529 2.3754823873482 -4.4136560343159 0.66467325426013 2.2894951059125
-5.1384576577775 -1.2717591646332 -2.2534689654842 -5.4923509554936 -1.3878137612747 -2.9611035556177
-5.3237392604272 -2.7029078398651 -2.8286741925764 -4.7630769847214 -3.2727053789036 -2.7461559470759
-5.4686463143647 -0.54432166348212 -0.89901559953852 -6.0583231971821 0.050838315581664 -1.3050585400391
5.594188564663 -0.38660814808866 -5.3708219992334 5.184592567863 -0.75251708483416 -4.7989621355361
1.5908637933644 1.0388762411906 -2.3891786322828 1.1704402446626 1.6910331880607 -2.4952692174844
-0.10097575951942 2.2767963375004 -1.6891077513611 -0.16031523925755 1.6803632848628 -2.3099722757939
1.0854898669546 -5.2612908369851 -5.6496794176882 1.8337367577718 -5.5882649438828 -5.6366325704315
1.6993152273653 4.7249412241869 5.3407165566659 2.0269735204346 4.4370179870641 4.6868491097486
1.8337367577718 -5.5882649438828 -5.6366325704315 2.1731426065722 -4.9231457778441 -5.9649306983376
-3.306064293258 -4.243991222452 -0.13403401581534 -2.7112689628808 -3.8003009612927 0.14517172193249
5.4167881373051 4.9977129275082 -3.2421110311629 5.7798380818221 4.5429724129221 -3.725827524496
4.2972257368334 -4.3645169627101 -2.0877890832587 4.7610451486504 -3.7636819609579 -1.7734131889908
1.4193641848704 2.4274067570685 -2.2795118034027 1.1704402446626 1.6910331880607 -2.4952692174844
2.1093975684567 0.52308442258629 -3.547087139114 1.7462887261164 0.3950117075542 -2.8896940781402
0.2708696285856 -2.0767040793493 -2.1381728000087 0.32316072998785 -1.3119165152999 -2.2181435577066
2.403287963487 2.368429587878 -1.345478894006 1.5576845577483 2.7043683494272 -1.4832174454405
1.9706523325219 0.77023597396865 0.92362117391462 2.3328923904407 0.2786580314004 0.40917627523604
2.7674490950251 -0.63964523889259 1.4626265345328 2.8381443506763 -0.32853431421761 0.66201873740356
5.0512046944996 -3.602171689184 -0.97787460652946 4.7610451486504 -3.7636819609579 -1.7734131889908
3.9283907949527 -5.4533296507746 3.1048951281684 3.4256360469853 -6.0339321820833 3.0902156999135
5.0512046944996 -3.602171689184 -0.97787460652946 4.5026142192752 -2.9330533465725 -0.74780362901106
-1.3375245182433 -4.9912818235037 4.6378931271507 -1.1659347417724 -4.6338657683486 5.3032613087258
-0.8973918371495 -5.6345643951072 4.5857661829002 -1.3375245182433 -4.9912818235037 4.6378931271507
-1.1170115695367 4.5323597513647 4.782216273783 -0.92636316776423 5.1050014803197 4.2564773562091
0.56402484753946 -4.8661610630963 -3.7883645443175 0.7193974746209 -4.4785118835875 -4.491971223981
3.5108206178753 -1.960293868067 -2.7339577100948 3.382297852905 -2.0340955267679 -3.4991704188838
3.6178333701354 -1.8430422225006 -0.79400176713148 4.265528243174 -2.1924208250562 -1.1232422093583
-2.654978729149 1.119715713377 0.33847313372198 -1.9618252109604 0.95227467252275 0.63787685258471
-2.654978729149 1.119715713377 0.33847313372198 -3.0517728148324 0.45403992883486 0.28475072428793
-1.4072109702998 0.8051241644067 -1.2903019923635 -1.2586873265528 1.0679440398421 -0.56277290181496
5.0512046944996 -3.602171689184 -0.97787460652946 5.7387911315256 -4.1236129017185 -0.61564610496974
2.4572559847802 -0.54001704727054 -1.7999763796461 2.9506645250379 -1.0709118840514 -1.7792302747435
5.3803678099334 5.3747890759264 0.77729240533289 5.1801841549741 5.9521074472297 0.16566523589836
-5.6601619181779 4.5429724129221 -3.725827524496 -5.4931428738347 3.8041307762466 -3.3296306243464
4.6015082131762 4.267513316354 -2.4737231777277 4.7228073521415 4.6443694547944 -3.1378407039324
4.483511784 2.0544233876827 -3.5548808276117 5.1400712193192 2.4589257222675 -3.147583102189
-1.6644626236735 3.3105440866347 2.2026964786316 -2.3034235781016 3.4180589451963 2.7093436820834
-0.84236370524698 2.6727885554451 3.0475053715005 -0.80726891863955 2.0848750230024 2.6171772747464
-0.80726891863955 2.0848750230024 2.6171772747464 -0.18743692385155 1.6604111292518 2.3712620288653
3.6815318418963 0.76371562723668 1.7847321376269 3.4569665225861 0.24576746684539 2.3772208729658
-2.3763564847259 1.4881977653034 -4.9754894492316 -3.1716075827184 1.3093526044608 -4.5588683255221
0.86481144380644 2.1507966217349 -5.5301813814662 1.3931549938521 2.1197957843193 -4.8074363066143
2.9460457047306 -3.6968627935905 -0.75632433584672 3.2913524284037 -3.0383017665312 -0.55507415939525
1.8766165265007 -3.7676852931923 -0.073463128296241 1.4663691268954 -3.6181990319011 -0.7553516854054
2.447550881803 -2.6014341826235 -1.3402138533678 2.4304629139969 -2.221752290091 -2.0401076275384
0.4621499445098 1.6130511653536 -2.8155061564992 1.1704402446626 1.6910331880607 -2.4952692174844
0.83017693194762 -1.4525731888973 0.25305096118588 0.7782389948874 -0.67814734330184 0.0027654358432371
1.9131825216049 1.0152643301775 -1.6837775025523 2.6997489925962 0.85817057491147 -1.7922896531195
3.1137877469493 -1.3151882855349 5.3260301425102 2.8609511952267 -0.83292663949293 5.8794754474246
3.2100354177493 1.1295601419287 4.7975955088974 2.9031290692792 1.5871557878431 5.2897991696906
2.7038006008653 -1.455438359202 4.5980284981448 3.1137877469493 -1.3151882855349 5.3260301425102
-1.5981155789897 1.976187128609 1.5985566969079 -2.0524126213877 2.5256997000909 1.2272431624604
-0.36375559264493 3.7752094262654 2.5291034726013 -0.024121089587189 4.0113438447967 3.2111630405418
-4.5624818454404 -0.76140387729065 5.0753243875797 -4.4038154823855 0.010472361773093 5.3390018938498
-4.5624818454404 -0.76140387729065 5.0753243875797 -4.2471196405481 -1.0816275864026 4.4245613637479
-2.1421551411671 0.36533667337761 -5.5116787455051 -2.7805277861029 -0.071841457257138 -5.3017914609045
1.5908637933644 1.0388762411906 -2.3891786322828 1.9131825216049 1.0152643301775 -1.6837775025523
5.1389483714793 0.61080403698135 5.110588082018 4.8575018766896 1.3387295981894 5.2685987839937
3.0340651460472 2.8512291937315 -4.1002079776061 2.2374672300845 3.0825525379306 -4.2844746552937
-0.50975422802498 -5.0305208571358 -1.3075116705125 -0.02423119613388 -5.6599115975473 -0.9545988663078
-0.02423119613388 -5.6599115975473 -0.9545988663078 -0.29964223339169 -6.4080930980321 -0.92429004537498
0.78418893336617 5.7094841520681 -0.83493666319376 -0.024231196133879 5.7800884024527 -0.9545988663078
4.2814290541406 -3.7498197627153 5.5963131833415 4.9296136491281 -4.0266150247115 5.9291100054037
5.1864165727461 -3.7350451515295 3.9255205625118 4.5656218165874 -3.6342430647508 4.4381716382064
4.6970687084684 -2.4957314637484 5.2176424207847 4.0574409430331 -2.4003407903603 5.6319848818692
3.0773659505127 -3.4974439385511 2.6438446874817 2.9474944569373 -3.0339400379466 3.3501139141687
0.54165503554669 -3.2222158429236 4.0697356213675 0.3019756789996 -3.155246940955 3.2976910579905
4.2637581757774 0.93795455671483 1.2130793621227 3.6815318418963 0.76371562723668 1.7847321376269
4.2637581757774 0.93795455671483 1.2130793621227 4.015130845875 0.90943914661024 0.37610204657759
3.3060381749706 0.37166803361307 3.2344760267354 3.0831537742808 1.181917272696 3.4354438849689
3.0831537742808 1.181917272696 3.4354438849689 2.6556279225364 1.7421538989546 2.9800539081958
-0.14721051049033 4.0295384249514 1.8001093299244 0.53498564200894 3.8736537569503 1.3913315445248
1.1496438372288 0.70936827892953 0.93263222864991 0.58587623916369 0.16030236495298 1.0824066918135
2.734570073735 2.6010725421099 0.041150051947679 3.1813004841318 1.9922779381334 -0.26501953656281
1.421642001103 1.0931399614694 -1.0333980041579 1.9131825216049 1.0152643301775 -1.6837775025523
-0.87286595326751 -0.75151486244597 -2.2829820987619 -0.26090191103126 -0.94615941421702 -2.666152179128
0.98483887396178 -0.23717688914771 -0.63891138462317 0.59193232227049 -0.50139552632581 -1.2605440115865
-0.68269914357403 -0.18126140501057 -1.8353151617274 -0.87286595326751 -0.75151486244597 -2.2829820987619
-1.184643701582 2.3025895877713 -5.7029082726486 -0.58478645747199 2.670395208992 -5.3140049051616
-1.2327164346509 0.13612218612065 4.6221381833825 -0.65039848612638 0.29270583984963 5.3220069626584
-1.184643701582 2.3025895877713 -5.7029082726486 -1.6142112764786 1.6740599652145 -5.4594088593538
3.9451884548957 1.6489771132681 -0.040376045369622 3.1813004841318 1.9922779381334 -0.26501953656281
4.581299450997 2.0686130352932 -0.29761193825722 5.1576951123232 2.5955875441583 -0.024802047417578
4.9250601616241 3.562402627435 -2.3824387812188 4.8915560566154 3.2094281712381 -1.6606521637286
5.5851795572786 4.9312283458595 1.4755325823795 5.1130602941363 4.8068133206626 2.1333155307551
3.9687241048139 -3.1775016828307 0.64468518954301 3.896449870011 -2.9218446203159 1.4936122586105
-5.6291129638897 5.4664936183882 4.5633412132326 -5.1632853103324 4.7808424912769 4.4773257879742
-3.7860913910195 -1.3356341617883 -2.6448250392403 -4.4193095854118 -1.4508873436887 -2.2313652662362
-5.4686463143647 -0.54432166348212 -0.89901559953852 -4.9222493714894 -0.92310663989622 -0.22854709285918
5.6026402289668 2.4475996977041 1.3160632425738 5.8676490986429 2.7411050809558 2.0366844927465
3.2286281023402 1.6941240889657 2.4741514439383 2.6556279225364 1.7421538989546 2.9800539081958
0.53498564200894 3.8736537569503 1.3913315445248 1.0234936421877 4.4993182520072 1.2710887915635
4.9493326192656 3.2476160568275 -0.42576470805317 4.3869283312333 3.759992574061 -0.34536434206295
5.3586923718385 3.3856419685523 -1.080184045588 4.8915560566154 3.2094281712381 -1.6606521637286
0.52008069209023 -4.9492881951385 -2.0909266437421 0.9374759658192 -4.6784182295647 -2.6965605262827
1.5923098026179 -3.2446520303819 -4.9272612443718 1.8588743485554 -2.5820000744296 -4.5007608331322
0.56402484753946 -4.8661610630963 -3.7883645443175 -0.18178567633583 -5.114863928696 -3.4624019556041
-4.4827146298202 -1.9750716501704 -0.89867368123594 -5.1143863257798 -1.6292140127316 -0.50825038197584
5.5838535431138 -2.8216507658375 -2.2392903599378 5.7240365135224 -2.5567109345696 -1.5046487751839
5.5838535431138 -2.8216507658375 -2.2392903599378 6.1162607395728 -2.7029078398651 -2.8286741925764
-5.370972341324 -2.0522170238325 -3.3496677270054 -5.2876598292125 -1.8156025119541 -4.1862761079063
-4.4193095854118 -1.4508873436887 -2.2313652662362 -5.1384576577775 -1.2717591646332 -2.2534689654842
-5.370972341324 -2.0522170238325 -3.3496677270054 -5.3237392604272 -2.7029078398651 -2.8286741925764
4.7111821141418 -1.2533192804285 -4.7996190452288 5.4623480703657 -1.5069840506808 -4.674288726453
4.7111821141418 -1.2533192804285 -4.7996190452288 4.4810502732918 -1.1525925840995 -5.6020288466882
-3.7368897448878 2.9183272109444 -3.8578988756328 -4.1303788662593 3.5900004524386 -3.7897857243494
-3.7368897448878 2.9183272109444 -3.8578988756328 -2.9629616153051 2.8420767497882 -3.8457170407893
-2.9629616153051 2.8420767497882 -3.8457170407893 -2.6408531692436 2.6477953007639 -3.1693536914335
1.5654873741323 -3.521479276126 0.63485253687238 1.8766165265007 -3.7676852931923 -0.073463128296241
2.2836465780481 -3.6642670255619 -1.8732303109665 2.0003592045131 -3.2655102134946 -1.2612629301531
-0.91810709529073 -5.261647218677 -4.535383833079 -1.3013525506671 -5.6866785340541 -5.0809517174932
-0.18178567633583 -5.114863928696 -3.4624019556041 -0.61686753461369 -5.6343096868328 -3.9094914924847
-1.8412795170389 -3.7529047949001 -4.912682767872 -1.3182778847913 -3.9890977488913 -4.3112993178543
0.68343264793091 -3.8142821524519 -0.93332886038501 0.37339521511553 -4.5413078012904 -0.97253230449109
3.0725131659446 -1.0394339384756 -4.3160949577438 2.506671517635 -1.2179136010761 -4.8731596906954
1.3729384980375 -1.8599612691146 -2.8634789159342 0.71292492076334 -2.2805145148964 -2.7124520464322
-1.1043551954236 4.6761864858414 -3.1963344988921 -0.78159906414017 4.6226915867277 -2.504342969607
-3.4225184012463 4.1739659145767 -0.32191508153574 -3.7277279025452 4.7371655463713 -0.71756201929857
4.5224261619192 4.9305195980849 -0.69381500056631 4.7447924318735 4.4352275545348 -0.19196591230453
1.4834347847656 0.39433377546793 -0.68797531440662 0.98483887396178 -0.23717688914771 -0.63891138462317
0.83017693194762 -1.4525731888973 0.25305096118588 1.157418141269 -2.0980363120698 0.58910340429886
-2.8255592173631 -1.1819340029144 0.34626407747653 -3.6036145334398 -1.4081422289946 0.32162134154197
-4.4105768347284 -1.3742552543587 0.39208606740302 -3.6036145334398 -1.4081422289946 0.32162134154197
-3.9161765688902 -2.348036873802 -0.51519936581889 -4.4827146298202 -1.9750716501704 -0.89867368123594
3.7089567171943 5.6598044435311 5.3805688633697 3.1685505542858 5.1985907757612 5.7695450937045
-3.2389920988755 -5.0527810194515 4.4446619472484 -2.6330849710433 -4.6497258959797 4.2309046783055
-0.68057132447337 5.157507632695 3.52665765453 -0.92636316776423 5.1050014803197 4.2564773562091
2.6040402910487 -5.4699377863657 4.535092323986 2.0296740930784 -5.7194077239925 4.0222193737791
-0.5724475784313 -4.5286833154896 0.031380492685994 -0.35542888114819 -4.6836528221423 -0.64526597359536
-0.58005669369907 -4.3354950613925 4.9473033255103 -1.0796081267782 -3.6519966913598 4.9871417859359
-2.006391956212 -2.3890583251249 -3.5706303803212 -2.5583435275236 -3.0301212875692 -3.5675338452724
-4.3276034994113 -5.3259961517406 -5.5477416558966 -4.393472500802 -5.641515630089 -4.8496826248631
-2.6299828098958 -5.4379907240409 -4.591296129156 -2.7703590992437 -5.64058494761 -3.8620155982657
-3.8114757372756 -1.4834879427016 5.0972900352483 -4.4525891947122 -1.2571947977259 4.5948818844499
-5.6409579805704 -3.5818606563353 2.5080994043953 -5.9881876621362 -4.1564885810161 2.0163714999367
5.5465577649984 -3.8104742033772 5.526524650057 4.9296136491281 -4.0266150247115 5.9291100054037
-0.77807155440563 1.1322317757218 -2.5026031798378 -1.1604697071019 1.2629835706668 -3.3007894064567
1.5928889062705 0.93565097429356 -4.050295285336 2.1093975684567 0.52308442258629 -3.547087139114
-1.0667030754047 1.4390888362724 1.3195954196334 -1.0204807929676 0.67883871067961 1.6267688484966
-3.9331192076565 4.7444998833143 -2.088692657119 -3.7855794722211 3.9568986076022 -2.2653523455498
-4.4194748857837 2.879991627253 -0.61520705221949 -3.5795277195467 2.8352766832117 -0.62110799944527
-4.898043577194 2.8856614022071 0.12258246248098 -4.4194748857837 2.879991627253 -0.61520705221949
0.64676105075965 5.2096838663937 3.2155723845523 0.71418629337767 5.3295759399947 2.3971011357628
1.5919521972686 4.7247805251675 4.0372704063142 1.1318279531826 5.4134653310719 3.9097585338865
-1.152955171982 3.9303732196711 -5.4580799088743 -1.0829950439614 3.193650794347 -5.055880763136
-0.042896887707556 -3.6204832657836 1.9133035944574 0.019023542887492 -3.53464511701 1.1119763616404
0.66952166798876 -1.1787974761167 3.1879149112578 0.95772973712772 -1.8987421091384 3.3948592135778
-4.1105953066839 -2.4283632918451 -4.0857747337483 -4.5190920366439 -1.8452604206801 -4.4334946834795
-5.6095839743795 -0.95171400566481 -4.151906519291 -5.9776519296343 -1.5069840506808 -4.674288726453
-5.2876598292125 -1.8156025119541 -4.1862761079063 -4.5190920366439 -1.8452604206801 -4.4334946834795
-1.0030116532564 4.7189840902737 -5.4711733061526 -1.1930138376431 5.3785097746984 -5.0350621868585
0.25787606101555 -5.4925623650146 4.88443243106 0.18771362661914 -6.2804337421283 5.1628395738873
5.6370875737044 -1.7516852110461 -1.3210079255075 5.7240365135224 -2.5567109345696 -1.5046487751839
5.5381148107759 -3.0938817049257 1.1931636950179 5.4097391757175 -3.7931401098394 0.86231566421497
5.4097391757175 -3.7931401098394 0.86231566421497 5.7903231207241 -4.1454248561761 1.3353974250102
2.1898914354115 0.48526360877628 -0.36849796640985 1.4834347847656 0.39433377546793 -0.68797531440662
0.31522882847428 0.39727562075637 4.4910191933035 0.099350970513388 -0.011098312294458 3.8257342889962
-0.86988132209765 1.2531002173561 5.1206533330619 -1.710101363938 1.4252516923512 4.9635264656503
-0.86988132209765 1.2531002173561 5.1206533330619 -0.56311335266364 1.6461077241087 5.7667734661997
3.4024605997398 -4.5153973110268 5.0963352578744 3.2680610768699 -5.2645253041102 4.9762387623285
2.6040402910487 -5.4699377863657 4.535092323986 3.2680610768699 -5.2645253041102 4.9762387623285
4.8065049209886 3.5546421938655 -5.3585351996835 4.2190444361056 3.0772169036816 -5.7226277914193
5.0139004361361 1.9679975768556 1.6357746938512 4.4814213657782 2.3773626624508 2.134059003903
3.4194738240585 -0.75324552819979 -1.2883825765186 3.4993465846575 -1.0785366152751 -0.55094062002557
2.7674490950251 -0.63964523889259 1.4626265345328 3.3240966636025 -0.44459531982967 2.0530582156274
-5.2876598292125 -1.8156025119541 -4.1862761079063 -5.736559992882 -1.4676784084485 -4.8086814145775
-5.3271468497319 0.24646828935761 -5.2957470416241 -5.1103446129298 0.39160548721012 -6.1002943192912
4.860901278687 0.39706069214874 -4.1433508895263 4.5775810440207 -0.22612430756956 -4.5538244391103
-0.32875474531605 -4.0884150319192 -5.2022230691218 -0.83356782345161 -4.4775029623172 -4.6851580167857
-1.097925012911 -3.8560156835966 -3.5151368137847 -1.3182778847913 -3.9890977488913 -4.3112993178543
-0.23913373071252 -2.5018213250468 -1.6197514601994 -0.78763119486209 -2.9477076680807 -1.9983125634138
-1.8120633626112 -1.8554007672994 -0.76712941726848 -1.6132837322454 -2.4975216263319 -0.33673363664771
-0.65310323692089 -1.0447833997649 1.0315153546534 -0.41980931473716 -0.47663156819737 0.54510396312363
-0.98927677317395 -0.14968235503973 0.10941068050538 -0.41980931473716 -0.47663156819737 0.54510396312363
-3.1579983838233 -3.4262943620993 -4.0707110917483 -3.9311758755764 -3.1764365677211 -3.8680033200694
-3.9311758755764 -3.1764365677211 -3.8680033200694 -4.1105953066839 -2.4283632918451 -4.0857747337483
-3.6050463514638 -2.030627757212 -3.711503716833 -4.1105953066839 -2.4283632918451 -4.0857747337483
-4.5624818454404 -0.76140387729065 5.0753243875797 -5.1449490524948 -1.1916978747307 5.4637020693329
2.9031290692792 1.5871557878431 5.2897991696906 2.2201914199457 1.3371612348917 5.6059891966607
-0.93634598540818 0.57077641065337 -1.9000768751604 -0.77807155440563 1.1322317757218 -2.5026031798378
-5.0897194513184 0.71463698901545 -3.660249529364 -5.7464037683085 0.70665229987614 -3.1675898711054
3.7380599185239 1.9418954462711 -3.2283633416169 3.2322127262689 2.5599945883063 -3.304592830669
-4.291342246795 -0.60358397290026 -4.4684635897882 -5.0322123273701 -0.40855522693638 -4.3465292481157
0.37425727723474 -5.1527304288353 4.7905189106034 -0.24211893767059 -5.6535186257273 4.9956110813604
-0.83356782345161 -4.4775029623172 -4.6851580167857 -0.91810709529073 -5.261647218677 -4.535383833079
-3.3133199126725 -0.85101442886845 -3.7163934299368 -3.1042572853287 -1.5602966006264 -4.1080185394837
-5.5723509013571 2.7411050809558 2.0366844927465 -6.0679904154012 3.2089932549885 2.4678177834258
5.5936430750576 3.6650922898084 3.1184669889072 5.3720095845988 3.2089932549885 2.4678177834258
5.0139004361361 1.9679975768556 1.6357746938512 4.9358754297238 1.1761369126709 1.6489755304306
3.9757413982578 2.5447797015457 -5.439826680344 3.4204207856929 2.2456917490382 -6.0838708093508
0.57581994803187 -4.9563564854701 -5.1149120878716 -0.097534018195486 -5.2251447024723 -5.3277878526116
1.2737167007109 4.0854752371144 -4.3134555752182 0.84684416000486 4.3493268751679 -4.8964496711531
-5.5275465976327 -1.7818362161557 -5.5486446109024 -5.1449490524948 -1.1916978747307 -5.9762979306671
-2.6811076445293 -1.8588237053326 -4.7821506972373 -2.4005835695839 -2.4714880688475 -5.1723967491243
-1.458266914755 -4.2431403193649 -2.1299876950301 -2.144647532106 -4.0496306908967 -2.5882904446036
-3.2737539219841 -0.85803302532753 -2.9172184796887 -3.7860913910195 -1.3356341617883 -2.6448250392403
-2.1965971464133 0.81404738937643 -1.3796646365389 -1.4072109702998 0.8051241644067 -1.2903019923635
-2.7681618462918 -0.45896197031258 -2.5565354466045 -2.9294591562045 0.17543040040829 -2.1225811401141
-5.5427703475663 -4.0484032264145 4.940169362798 -5.1176400922188 -4.6689188851987 4.9958351369593
5.3809480696029 -3.8717477876741 3.1724487539424 5.3791885725268 -4.6037557555591 2.8934479865211
3.6669822281178 -4.8536654809163 2.6038417368767 4.249192934906 -4.9734809493061 2.0875728048798
-1.8893387026128 -4.8130343195477 4.1156667518297 -1.7003607257159 -4.8158744030818 3.415028807079
-0.016029822733517 4.7862278607153 3.3224329311316 -0.68057132447337 5.157507632695 3.52665765453
-4.6189400017874 -4.6299027246251 5.6188685181344 -4.3903178658875 -3.9021747832833 5.9953018997031
-0.56991310290579 4.8003641588738 5.2878963189331 -1.0030116532564 4.7189840902737 5.9688266938474
0.27097316283426 3.5264166244555 3.8056299124374 1.0221961261202 3.4657347223036 3.9955623643927
-1.7432129773315 3.9802430867935 4.4006674698391 -1.0050546447501 4.155804893037 4.6658733241519
3.3554296244203 -3.3630421742558 -4.9699491096826 2.771777715893 -3.7036681478816 -5.425458654692
4.933144848721 -3.1673398461725 -2.2844610844573 4.5761418555748 -2.7971775840134 -2.8260491533597
-5.6683117147908 -2.9648156974713 -4.7408477423406 -6.1590966952993 -3.3543036394902 -4.1481644034268
-2.7609623912592 2.4337546318182 0.84633448294326 -3.3943149961754 2.8341120296085 1.1690790081444
-3.5336565185058 5.163949391032 2.8986542760383 -3.8865763313033 5.4607794171512 3.6447154826498
-1.4759749733208 5.3634007982936 2.3836502305387 -2.3392942892717 5.33738540741 2.4363863367197
-1.449658715996 2.5854771576673 5.0354229236824 -1.919218525315 3.2307465058255 5.0045200910547
-2.3984928435794 1.8965649761028 4.1501160844577 -1.6592616758937 1.5890084683141 4.194682451209
-2.1049275995731 1.7611512571544 -4.8630034722815 -1.6142112764786 1.6740599652145 -5.4594088593538
-2.3580079397391 -4.0309273194063 1.4788062116216 -1.8566435553126 -4.6185153993693 1.5590678380284
-1.3108659673926 -4.2936579250763 2.0840528604068 -1.8566435553126 -4.6185153993693 1.5590678380284
-5.0964529337294 4.5746409741826 1.4475422811335 -4.4828626067594 4.6306585761116 1.9958473362869
4.5761418555748 -2.7971775840134 -2.8260491533597 4.6920918105238 -3.2141615644287 -3.5636554988719
5.1801841549741 -5.4878925527703 0.16566523589836 5.5930019678022 -4.9383686951799 -0.3951597495081
4.9687702766342 -3.6791247473999 0.24639765187139 4.194971823248 -3.8923038182328 0.41986944577481
-3.821744139372 0.90583370852306 1.7212890420593 -3.4100417302838 1.610112872693 1.890111059509
-2.247499480441 1.251286688903 1.3889581587938 -1.9618252109604 0.95227467252275 0.63787685258471
-2.5050157859363 -0.71302659954221 -0.21836025697336 -2.8146281336271 0.019688749949875 -0.44046950556831
-0.50332147361157 1.7378701111429 0.8148275601113 -0.56711369652309 2.1070359832244 0.097721586186475
-1.1747437845611 3.5867049071651 0.81238524931391 -0.69029066199267 3.3747751167739 0.13967827597417
-2.0440565703674 4.0611893724257 -1.0995535098069 -1.8162299963634 4.8052952370381 -0.89278533711325
2.1898914354115 0.48526360877628 -0.36849796640985 2.3328923904407 0.2786580314004 0.40917627523604
-1.6266220629686 2.2660580185152 -0.90524153144812 -1.0993805567012 1.8097024629139 -0.45026819370909
-3.8865763313033 5.4607794171512 3.6447154826498 -3.7479512728719 6.2828304795193 3.8127930618136
-3.2526781727244 -3.1239526403484 2.1142896048128 -3.408461007507 -3.2570865349148 2.86600988488
0.36333711793087 1.4388535905544 -3.6208715893046 0.77691221895821 0.82785511114144 -3.9592806327268
3.1146189274258 -1.0792770940935 3.9783046415514 3.4085874266521 -0.25000731520218 3.8715845110211
4.5656218165874 -3.6342430647508 4.4381716382064 4.4836048594114 -2.8944129857713 4.5555096189748
1.4705371539066 -3.5259522071774 3.6018184771935 2.2032300083758 -3.1194460903918 3.7833447044539
2.7821126124973 -4.3658753593211 5.5518282390408 2.1731426065722 -4.9231457778441 5.4750693016624
1.0854898669546 -5.2612908369851 -5.6496794176882 0.57581994803187 -4.9563564854701 -5.1149120878716
2.9429041181703 -3.9890382585273 -1.5279256990452 2.9460457047306 -3.6968627935905 -0.75632433584672
2.2836465780481 -3.6642670255619 -1.8732303109665 2.9429041181703 -3.9890382585273 -1.5279256990452
0.68343264793091 -3.8142821524519 -0.93332886038501 1.4663691268954 -3.6181990319011 -0.7553516854054
-3.2737539219841 -0.85803302532753 -2.9172184796887 -3.3133199126725 -0.85101442886845 -3.7163934299368
4.5280733859014 -0.16722297338148 -3.0683578578663 3.9277864861965 0.042632073319216 -2.5071111571134
-3.1716075827184 1.3093526044608 -4.5588683255221 -3.4607091482695 0.60352781620992 -4.0693541470263
-5.4274337776526 3.4344687999866 5.3135800452453 -6.1244653743199 3.1147494358568 5.7383784015318
3.8122493507688 3.347155047176 5.1334445715546 4.2190444361056 3.0772169036816 5.7173722085807
-3.5132075890862 -1.9134023154736 3.3070623634183 -3.4177403583626 -1.1675090087464 2.9398128680913
-3.4885396518146 -1.1010637894026 4.2097622195579 -4.2471196405481 -1.0816275864026 4.4245613637479
-1.0095011511349 -3.0557556218745 2.913387174928 -1.3067978628783 -3.0016641936185 2.1076455901488
-2.4005835695839 -2.4714880688475 -5.1723967491243 -2.891116149462 -2.6002027293766 -5.8201968792473
-2.0343517526215 -1.5409178194279 5.4510246885571 -2.1545881648547 -2.0795422133418 4.7444601905352
-1.765779606295 -2.9734065305762 -5.1442223564036 -1.8412795170389 -3.7529047949001 -4.912682767872
0.88253950380368 5.0693081524129 -0.26345504735041 1.1305082142105 4.5791943062374 0.41866472661976
1.1305082142105 4.5791943062374 0.41866472661976 1.0234936421877 4.4993182520072 1.2710887915635
0.9974587367459 3.3288478659754 0.19233296510496 0.80375495858772 3.1548652349374 -0.64767452661891
1.8602381529641 -2.6263573991266 1.6314263503261 1.5331379920077 -2.7811952355646 0.90981600470178
-4.3456219015122 5.4603611565492 -2.2845775402961 -3.9331192076565 4.7444998833143 -2.088692657119
-4.898043577194 2.8856614022071 0.12258246248098 -4.5636442746248 3.4876495920219 0.57652724421734
0.64676105075965 5.2096838663937 3.2155723845523 -0.016029822733517 4.7862278607153 3.3224329311316
-0.73413718179112 4.50231413016 1.5325678582166 -0.14721051049033 4.0295384249514 1.8001093299244
1.8082324253063 -3.5484093893937 -2.5171704286377 1.1315148535629 -3.9166111662693 -2.5922107173112
-1.3067978628783 -3.0016641936185 2.1076455901488 -1.4168781913653 -2.6332203419142 1.3107517478538
-2.7778385419262 0.71234422214829 1.5459090598743 -2.247499480441 1.251286688903 1.3889581587938
-3.124085820247 -4.2672309099597 1.7232023174328 -3.5298640669687 -4.8906520923607 1.2851167688423
-2.9025250554945 -4.8848965793599 2.6449342393259 -3.5969492137284 -4.4868546390721 2.9206517951022
-0.70847987661869 -2.929580530347 -0.0932452186236 -0.2759060248396 -2.8744018836641 0.61797527373224
2.4159215791566 4.7746671271817 -3.1241379667072 3.1448473820648 4.9734267650532 -2.8602731340902
3.5832548368611 5.1678861228546 -3.52483641892 3.1448473820648 4.9734267650532 -2.8602731340902
2.3439769544379 4.3797566871052 -1.0100215796285 3.001350646821 4.9482666157748 -1.2876004487561
-0.24211893767059 -5.6535186257273 4.9956110813604 -0.8973918371495 -5.6345643951072 4.5857661829002
-0.54906476384423 -4.3638585184643 3.5154867711828 -1.006495981997 -5.0400935001954 3.2863762964719
4.3882934878686 2.6783144171951 -1.349959391166 4.5709885539112 1.9575822647127 -1.083586766563
2.9188677849399 3.3365886548959 -0.21886972893119 3.6521137684425 3.4379045859307 -0.51496260243881
3.6521137684425 3.4379045859307 -0.51496260243881 4.3869283312333 3.759992574061 -0.34536434206295
-2.1335066118341 -2.3014605213727 0.97024325431708 -2.3205708447921 -1.4826879543263 0.9617102440106
0.98483887396178 -0.23717688914771 -0.63891138462317 0.7782389948874 -0.67814734330184 0.0027654358432372
-1.3013525506671 -5.6866785340541 -5.0809517174932 -0.85072047519442 -6.2963052342123 -5.2490335881891
-0.4242835468007 -2.4302604165295 -4.9776337528196 -0.12584780656079 -2.9575891607569 -4.4882045704585
-3.7479512728719 -5.1571695204807 3.8127930618136 -3.2389920988755 -5.0527810194515 4.4446619472484
-0.73413718179112 4.50231413016 1.5325678582166 -0.89936284383574 5.1816678704918 1.8438748190262
-5.0960216524068 -2.677747663083 3.4470902159563 -5.7305564410618 -2.8497340831287 2.9570465806829
3.0344829928436 -4.3148348590191 2.5163380071527 3.6669822281178 -4.8536654809163 2.6038417368767
2.6918528491408 -1.7489753117652 2.1431720695364 2.5964989757429 -2.5173450847885 1.8960558711835
-0.35326849363738 -5.5459890611153 0.78043174898225 -0.34041670382048 -5.77990800744 1.5505443581337
-0.93375430083646 -5.011558165628 -1.0611029337453 -0.7812950360218 -5.766079890452 -1.1900254017199
-0.54376829362871 5.1151696010467 -0.59128604910586 -0.7812950360218 5.673920109548 -1.1900254017199
4.3069098176374 4.5792781966148 2.0866151433648 3.8545348598701 5.2511657116992 1.9161572832415
-4.0340316069483 5.0246727949719 5.0301627793152 -3.8772888933128 5.7436855475107 5.3811327190725
-5.0964529337294 4.5746409741826 1.4475422811335 -4.9864351792668 4.1378860555695 0.79577821159164
-2.3205708447921 -1.4826879543263 0.9617102440106 -2.8255592173631 -1.1819340029144 0.34626407747653
-0.56711369652309 2.1070359832244 0.097721586186475 -0.1294987493277 2.7993855037014 0.0069646410743697
-3.2737539219841 -0.85803302532753 -2.9172184796887 -2.7681618462918 -0.45896197031258 -2.5565354466045
-0.65039848612638 0.29270583984963 5.3220069626584 -1.0740038933522 0.58441784571318 5.9601436989563
-2.5802052444529 2.0379620879373 3.3399496297945 -2.3984928435794 1.8965649761028 4.1501160844577
-2.6385535360986 1.3918907340954 2.1179552358164 -3.4100417302838 1.610112872693 1.890111059509
4.015130845875 0.90943914661024 0.37610204657759 3.9451884548957 1.6489771132681 -0.040376045369622
4.0453155832071 -5.2348852259995 0.71428741675049 4.4032761493035 -5.5696062501565 0.1312475354425
-5.6083180882312 -4.4868240180675 -3.6062624614264 -6.0580619359008 -4.139947394399 -4.2022518855118
5.3683624060363 -4.9791556627469 -3.0853918708662 5.8316819117688 -4.4868240180675 -3.6062624614264
4.2108573203107 4.2309670992365 -4.3892990910083 3.6579081091267 3.7868500258052 -4.6967747568182
-4.370312516373 -1.9843016635435 -1.6702217620732 -4.189400295448 -2.6479885940937 -2.0003148638803
-3.5136054477757 -2.5702389017907 -2.3631309189809 -4.189400295448 -2.6479885940937 -2.0003148638803
-5.497419341573 -3.1506100622689 -0.98547271457903 -4.754809384632 -3.3944583600699 -1.1929363834903
-0.9932243358011 -1.3487381228975 -5.0680143886245 -1.2922336047051 -1.3233913822271 -4.3363090559053
-1.8342097921903 -1.5747235408018 -3.7984601517058 -1.2922336047051 -1.3233913822271 -4.3363090559053
3.4163079822324 0.49001585894236 -3.0234015155961 3.9277864861965 0.042632073319216 -2.5071111571134
3.5707738729328 2.9817088554833 -4.7481039005341 3.6579081091267 3.7868500258052 -4.6967747568182
3.9757413982578 2.5447797015457 -5.439826680344 3.5707738729328 2.9817088554833 -4.7481039005341
3.1720314611213 3.8493484177706 5.202573734816 2.5011817637606 3.7217696450975 4.7780053028118
-2.9025250554945 -4.8848965793599 2.6449342393259 -2.1786640223995 -4.5960394800939 2.8858112262634
0.37425727723474 -5.1527304288353 4.7905189106034 1.1410881713082 -5.3371501032597 4.4514553654624
2.0137976857721 -2.9820648452412 -3.0531158189744 1.8082324253063 -3.5484093893937 -2.5171704286377
2.0137976857721 -2.9820648452412 -3.0531158189744 1.9504660000677 -2.3353079760604 -2.6415797833998
2.2538970751082 -2.7656981246493 -3.786494118384 2.0137976857721 -2.9820648452412 -3.0531158189744
1.7462887261164 0.3950117075542 -2.8896940781402 1.5842761637688 -0.39328512135378 -2.7639738168666
0.71292492076334 -2.2805145148964 -2.7124520464322 0.2708696285856 -2.0767040793493 -2.1381728000087
1.5842761637688 -0.39328512135378 -2.7639738168666 1.6759691697915 -0.61898224409213 -2.0644310660493
4.3069098176374 4.5792781966148 2.0866151433648 4.1010167205713 3.7928424808723 2.3495646106038
3.197898860805 4.8983035407867 3.6734055148095 2.3696961964167 4.7226025603302 3.6944448650224
2.5011817637606 3.7217696450975 4.7780053028118 2.5000069490678 2.9044759707161 4.6525542374605
2.974544821834 -1.7428676876601 -2.1885966151532 2.4304629139969 -2.221752290091 -2.0401076275384
4.0310328144128 -5.0910641635082 -4.0931834708999 4.2084946909078 -4.4744780614246 -3.5662493158226
5.5936430750576 3.6650922898084 3.1184669889072 6.0090482603324 4.2506107109421 2.8455607376944
-1.5691848084713 -0.41600301257855 3.0632343256369 -1.068140224468 0.057404048772086 3.4429860654357
-4.5636442746248 3.4876495920219 0.57652724421734 -4.9864351792668 4.1378860555695 0.79577821159164
-1.0270805804783 -1.6547728998674 3.6664736722307 -0.29146722351476 -1.4907769202045 3.9315681364972
-1.2413449182471 -2.508949749332 3.5294007938498 -1.0270805804783 -1.6547728998674 3.6664736722307
-4.393472500802 -5.641515630089 -4.8496826248631 -3.986079724179 -5.1331009031915 -4.3825399142833
-3.0628770474559 -3.3556156458735 5.4791218153712 -2.891116149462 -2.6002027293766 5.6198031207527
-4.456355099345 -3.045594446039 3.3189648024373 -3.7648984094737 -2.6714340821068 3.1888803437996
4.7610451486504 -3.7636819609579 -1.7734131889908 4.933144848721 -3.1673398461725 -2.2844610844573
1.3267896059097 -1.0659658390424 -3.1867818238022 0.9691905091736 -0.95901798443733 -3.8899988039211
4.8094466079146 -2.1582049150071 3.7448338877741 5.2616522815651 -1.6982691270471 4.2855090201102
-5.4898187531259 -3.2112658601242 -5.7004629941485 -5.8934422350016 -3.8104742033772 -5.913475349943
-5.5390818274925 -2.4375207593591 5.4011239897053 -5.5275465976327 -1.7818362161557 5.8913553890976
2.3635908292225 4.3619038066269 -4.9386927301917 2.0340182072823 5.0036354867206 -5.4202358799497
1.2737167007109 4.0854752371144 -4.3134555752182 1.9835288465535 3.8392631290154 -4.4979608263778
3.087075150256 4.1711392589904 -5.0219388032895 2.3635908292225 4.3619038066269 -4.9386927301917
0.78418893336617 5.7094841520681 -0.83493666319376 0.62849606275061 6.2888899643078 -1.3358999555696
-0.64344463870157 -4.2480157765862 -2.1228278873104 -0.046131801007288 -3.7184043360042 -1.9792108866986
-0.12584780656079 -2.9575891607569 -4.4882045704585 -0.15365103243072 -2.9669368940808 -3.6957287830734
-2.8497151873973 -2.8809648228518 -0.82919544429918 -2.35405337724 -2.7523123317892 -0.18902804691101
-1.6132837322454 -2.4975216263319 -0.33673363664771 -2.35405337724 -2.7523123317892 -0.18902804691101
-2.6799640685088 -2.6450735687381 0.52926205796045 -2.35405337724 -2.7523123317892 -0.18902804691101
-0.20487968478534 -0.51186393752855 -1.3138549105647 -0.68269914357403 -0.18126140501057 -1.8353151617274
0.2708696285856 -2.0767040793493 -2.1381728000087 -0.23913373071252 -2.5018213250468 -1.6197514601994
3.9948184088621 0.923642910719 -1.6509695011625 4.6681354619893 1.2730707430865 -1.4770753448326
-1.4249743861965 2.7291517179808 -4.4279909212988 -1.3988870073176 3.1312707706379 -3.6526386727383
-2.6273437695135 -0.82001859819064 2.8213977479596 -2.5265047693885 -0.23239682767686 3.41423599206
-2.0673249372802 3.6457446514446 -4.5999206444534 -2.5575784121152 4.2721278503505 -4.6172698913158
2.0689235582063 -2.7813750045748 4.474730997344 1.9114087165165 -3.3210010745461 5.0837345946508
2.2667904671328 -4.6233314382576 2.3045900918456 2.1536636764389 -5.3466195387937 2.6577410500781
3.9687241048139 -3.1775016828307 0.64468518954301 4.194971823248 -3.8923038182328 0.41986944577481
4.015130845875 0.90943914661024 0.37610204657759 3.6925874431913 0.28374019180022 -0.1196371151154
3.3060381749706 0.37166803361307 3.2344760267354 3.4085874266521 -0.25000731520218 3.8715845110211
2.0970943794903 2.3980293698298 0.48984946015133 2.1042067189839 2.0638325705303 1.2150820791469
-4.8498762139143 -4.2519729475174 -0.34911369701024 -5.7012088684743 -4.1236129017185 -0.61564610496974
-5.3434255847343 4.5114793565533 0.25175773021954 -4.9878517904427 4.6957056484736 -0.35126642975563
1.9429213369161 4.8380823073457 2.4038185855116 2.2891639157352 4.3385178543809 2.9608376743896
2.6006819736797 3.6077110430062 2.9732775505893 3.4559496948272 3.6124545590954 2.8879786176515
-4.9762169696968 -4.9283898239467 3.6942338968164 -5.2283042440463 -5.2226239802297 4.4327944742132
-1.7434789554055 -2.7959451009719 4.1385733739006 -2.3480045893434 -2.3272258378344 4.148774994882
-1.7434789554055 -2.7959451009719 4.1385733739006 -1.8021466553757 -3.406795724622 4.6857168353091
-1.7434789554055 -2.7959451009719 4.1385733739006 -1.2413449182471 -2.508949749332 3.5294007938498
3.4175416991523 1.5040216643577 4.1407528395406 3.9262868477591 2.1355182557751 4.4943827867302
4.8651473960239 -0.67653340991961 5.2584597935 5.6171249726102 -0.87074061797574 5.0088939132793
4.3153320214812 1.8703705423882 5.1307716748621 4.1011103464988 2.2467896079443 5.8551881833945
-0.86112803981611 -3.1299037926374 -3.4633666913151 -1.3701435112389 -2.6577646475936 -3.1725520801517
-1.6095707996041 -1.8682787754059 -2.0844090005827 -1.2562268800248 -2.4730001009833 -2.422056032377
-2.118659160019 -0.79204291821442 -2.7444190038004 -1.5396160111828 -1.1267360173046 -2.3635344814319
0.2182056230189 0.22440496003686 5.5052235526917 0.2138448607781 -0.31759187131964 6.0902722724541
0.2182056230189 0.22440496003686 5.5052235526917 -0.65039848612638 0.29270583984963 5.3220069626584
0.86481144380644 2.1507966217349 -5.5301813814662 0.0083212710757837 2.2039649972535 -5.506093063186
-1.6170340638847 -0.57153933013399 4.3459325826453 -2.21805884358 -1.0417854412448 4.4549273125765
-3.5132075890862 -1.9134023154736 3.3070623634183 -3.7648984094737 -2.6714340821068 3.1888803437996
-1.3569966452139 -0.0051810967300613 1.7726397071762 -1.2825309361022 -0.69917894241968 1.4291798367647
-2.5265047693885 -0.23239682767686 3.41423599206 -2.782566270789 -0.72693648399211 4.0406346154655
-1.0095011511349 -3.0557556218745 2.913387174928 -1.2413449182471 -2.508949749332 3.5294007938498
-2.1041451555962 1.1521942200678 -5.715034597481 -2.1421551411671 0.36533667337761 -5.5116787455051
-2.1041451555962 1.1521942200678 -5.715034597481 -2.3763564847259 1.4881977653034 -4.9754894492316
4.0650640400449 5.4873488904628 -0.48378999179153 3.4141048737957 5.605770672104 -0.9487667313996
4.6015082131762 4.267513316354 -2.4737231777277 4.2244819485547 4.6985282354323 -1.9745998468339
0.91462592658772 -0.82987210616729 -1.8734048463508 1.6759691697915 -0.61898224409213 -2.0644310660493
0.4621499445098 1.6130511653536 -2.8155061564992 -0.16031523925755 1.6803632848628 -2.3099722757939
0.63042053960966 3.3748917245523 -3.6721128829066 0.87589623200031 4.0887167911299 -3.6749498935333
-0.68928532972099 2.8059896931562 -1.7924627959949 -0.59567918112542 3.2410217826135 -2.4696669554013
-2.4889898478802 1.5097530419976 -1.5829316833734 -2.4102030280709 2.0446650542836 -0.98887905647095
3.001350646821 4.9482666157748 -1.2876004487561 3.4141048737957 5.605770672104 -0.9487667313996
4.9685568761515 5.4506939032478 4.7724694144294 5.8108870361103 5.4664936183882 4.5633412132326
-3.8772888933128 -5.6963144524893 5.3811327190725 -4.3276034994113 -5.3259961517406 5.8922583441034
-2.9268481770411 -5.1520801943798 -3.2682238031454 -3.6950840488208 -5.1131743496615 -3.1249018724435
0.25787606101555 -5.4925623650146 4.88443243106 0.84432610904382 -5.1840492859449 4.2888456934489
4.2108573203107 4.2309670992365 -4.3892990910083 4.1780245353612 4.6682278169125 -3.6926766067429
-0.78767592377458 3.7765687282518 -0.53497974937227 -1.4101042051745 3.5986603276194 -0.96705008995598
-3.3780409312396 -2.9028820290059 3.4409113569317 -3.7931560934237 -3.1425705573559 2.778889777529
-2.9022063366163 -3.9512089301575 4.1376129506384 -3.3666406443441 -3.8518515294374 3.4679803151687
-4.9762169696968 -4.9283898239467 3.6942338968164 -4.2531550923091 -4.408560560545 3.4958242319593
-3.9357584726977 -3.0488342940925 1.7196565970542 -4.0975256716126 -3.7211431124169 1.4141404548737
-4.6429419979853 -4.0030363580068 1.7865843078586 -4.0975256716126 -3.7211431124169 1.4141404548737
4.1213775767587 3.9264352427411 3.9243635448076 3.9332506502252 4.6781112547611 3.9653001003935
5.56997066119 0.37358764590848 4.0392299639475 5.1970433798333 0.78806454397441 3.4483074474602
4.1213775767587 3.9264352427411 3.9243635448076 4.6609864643791 3.5094877730775 4.134370981326
4.6609864643791 3.5094877730775 4.134370981326 5.4368294398208 3.6865220896181 3.9449119112621
5.6026402289668 2.4475996977041 1.3160632425738 5.0139004361361 1.9679975768556 1.6357746938512
3.9262868477591 2.1355182557751 4.4943827867302 4.1751424468617 2.9715272951356 4.5121937874446
3.4204207856929 2.2456917490382 5.3561291906492 2.9031290692792 1.5871557878431 5.2897991696906
4.6042023099044 -0.024903201433582 4.9192292184071 3.8767350836422 -0.021269100296068 4.5243256533948
-2.4806911699834 4.0750769273168 3.1082519333803 -2.3034235781016 3.4180589451963 2.7093436820834
-3.5708718099104 2.8582358583128 2.5304987165261 -3.4894430963799 2.4386433998552 1.8774855756786
-2.8175403938688 2.7643165696126 2.8805038013347 -2.3034235781016 3.4180589451963 2.7093436820834
-0.73413718179112 4.50231413016 1.5325678582166 -1.1255932729088 4.32945078047 0.9353082330831
-2.7973201860068 4.8033348588062 2.8500063794483 -2.3392942892717 5.33738540741 2.4363863367197
-4.762342715072 -1.4173628522709 3.8943918400367 -4.2471196405481 -1.0816275864026 4.4245613637479
5.56997066119 0.37358764590848 4.0392299639475 6.1135727631796 0.71608222031724 4.5646214307111
-3.7749480572525 0.48080991463559 5.586834395608 -4.4038154823855 0.010472361773093 5.3390018938498
-3.9033750604545 4.347639371771 5.4190034634485 -4.37160202445 4.0037732407938 5.9289338546158
-1.9443114012194 3.1587569795183 5.3552740080743 -2.458102746468 2.4978877840659 5.4883758841999
-3.3020025109863 3.9000218893698 5.4236794523379 -2.6037415060081 4.2042544308033 5.6074929709287
3.2702642894526 -1.6562366122842 3.4584975837997 3.4789305733131 -2.4201467443579 3.6085101417858
-0.35542888114819 -4.6836528221423 -0.64526597359536 0.37339521511553 -4.5413078012904 -0.97253230449109
0.37425727723474 -5.1527304288353 4.7905189106034 0.19895184497428 -4.3824161132206 4.9557658629591
-1.1930138376431 5.3785097746984 -5.0350621868585 -0.42585944623979 5.6654602081063 -4.8593418988121
-1.0829950439614 3.193650794347 -5.055880763136 -0.58478645747199 2.670395208992 -5.3140049051616
-1.1255932729088 4.32945078047 0.9353082330831 -1.358331197996 4.9516909975904 0.51784679293332
-3.4894430963799 2.4386433998552 1.8774855756786 -3.3943149961754 2.8341120296085 1.1690790081444
-0.23913373071252 -2.5018213250468 -1.6197514601994 -0.39936285456208 -2.468068291382 -0.78691409258757
-1.2922336047051 -1.3233913822271 -4.3363090559053 -0.8823832890433 -0.78677073250908 -3.9773195875615
-5.4794570894482 -2.7523507959042 0.65965801273265 -5.7834869477912 -2.6255414536022 -0.025293289741673
-3.4503554922999 -2.7738790724297 0.46784265647455 -3.6340251379791 -2.1343100764874 0.095358887792985
-5.414800370002 -1.1057824295756 -1.529599586934 -5.8029124262956 -1.7516852110461 -1.3210079255075
-1.9443114012194 3.1587569795183 5.3552740080743 -1.1435364774248 3.2987240845467 5.4720523878256
-0.61686753461369 -5.6343096868328 -3.9094914924847 -0.91810709529073 -5.261647218677 -4.535383833079
2.6006819736797 3.6077110430062 2.9732775505893 2.2891639157352 4.3385178543809 2.9608376743896
3.9600057470549 2.0340626434005 2.6504477988935 3.2286281023402 1.6941240889657 2.4741514439383
3.7675713354046 3.3962566203686 3.5579035600162 4.1213775767587 3.9264352427411 3.9243635448076
2.1731426065722 -4.9231457778441 5.4750693016624 1.633515397266 -4.7692536444986 4.85914522235
1.3931549938521 2.1197957843193 -4.8074363066143 1.8042460214971 1.448297508719 -4.6351851027364
4.1011103464988 2.2467896079443 -5.5848118166055 3.905719571819 1.7144826015225 -4.95962836696
3.5707738729328 2.9817088554833 -4.7481039005341 3.0340651460472 2.8512291937315 -4.1002079776061
1.5331379920077 -2.7811952355646 0.90981600470178 1.157418141269 -2.0980363120698 0.58910340429886
0.59981731278429 -1.9258474965039 1.1476883664383 1.157418141269 -2.0980363120698 0.58910340429886
3.6815318418963 0.76371562723668 1.7847321376269 3.0893023208661 1.2653694903855 1.8213828688002
3.4024605997398 -4.5153973110268 5.0963352578744 2.7821126124973 -4.3658753593211 5.5518282390408
4.2972257368334 -4.3645169627101 -2.0877890832587 4.6181594283935 -4.6251840320652 -2.8447510882818
4.6920918105238 -3.2141615644287 -3.5636554988719 5.2809033047007 -3.3543036394902 -4.1481644034268
3.5900731213836 -4.4899827941172 -1.5812544080174 2.9429041181703 -3.9890382585273 -1.5279256990452
5.635248013341 -3.2027696184149 2.681409403563 5.2478721188308 -2.9547106908966 1.9296679889706
-4.72294317575 -2.6156420103959 0.77649829397431 -5.4794570894482 -2.7523507959042 0.65965801273265
-4.1618940550772 -3.1501348468552 0.51234072428715 -4.72294317575 -2.6156420103959 0.77649829397431
2.879215780661 0.22857906322627 -3.5856781573033 3.1850420854348 -0.29912448610352 -4.1182220147055
3.1850420854348 -0.29912448610352 -4.1182220147055 3.0725131659446 -1.0394339384756 -4.3160949577438
3.7659796057347 -0.066998283796166 -4.5923382667664 4.5775810440207 -0.22612430756956 -4.5538244391103
4.213937448611 -2.1518784053593 -2.4632014328051 4.4198474844914 -1.7444530772028 -1.7832653479162
4.265528243174 -2.1924208250562 -1.1232422093583 4.5026142192752 -2.9330533465725 -0.74780362901106
4.5889296317411 -0.30840473969195 -1.3347002817946 4.6635136993879 -1.1330343604553 -1.3714626399289
0.0017226556690273 -3.5680999384448 -1.1826946438326 -0.6203628679545 -3.4275790745943 -0.70595826216657
-0.5724475784313 -4.5286833154896 0.031380492685994 -1.2556260893379 -4.1677636118839 -0.048673649630068
0.62849606275061 -5.1511100356922 -1.3358999555696 0.37339521511553 -4.5413078012904 -0.97253230449109
3.4085874266521 -0.25000731520218 3.8715845110211 3.8767350836422 -0.021269100296068 4.5243256533948
-3.7590395469363 -1.1884582773819 -5.5994437576926 -4.1829683628822 -1.2299528446825 -4.9073230254647
-5.4309517396676 4.2506107109421 2.8455607376944 -4.6951325900389 4.0231717227383 2.5192838283888
5.3506552250343 5.6296764158476 3.1772082261804 5.5464273944197 4.9307327423278 2.8066177419162
0.9374759658192 -4.6784182295647 -2.6965605262827 1.1315148535629 -3.9166111662693 -2.5922107173112
-0.54376829362871 5.1151696010467 -0.59128604910586 -0.68785331390923 5.3510963772378 0.21762860246528
-0.12613364531151 -4.7664127675697 0.60861299049244 -0.35326849363738 -5.5459890611153 0.78043174898225
-4.0411795989117 2.7464624101528 5.6810003896175 -3.3666173302539 3.1169699636804 5.2535059672712
-4.3957249576391 1.1370299733812 -3.4068253791589 -5.0897194513184 0.71463698901545 -3.660249529364
-4.0218816154684 2.2372330991808 -3.9211163298316 -3.7368897448878 2.9183272109444 -3.8578988756328
-2.8135683904225 1.9430252450843 0.20590880904731 -2.654978729149 1.119715713377 0.33847313372198
0.88487862620766 4.4126084499936 -2.474326783193 1.5787696494971 4.2400426531667 -2.2058829049386
-1.2629139513867 2.8863370964241 -1.2342182725744 -1.4101042051745 3.5986603276194 -0.96705008995598
-0.26821043725099 -1.6494863280424 -5.0634094617888 0.37078910968799 -1.1108462023946 -5.0461438519804
-2.1782094403444 1.253493007127 -4.179559407838 -2.1049275995731 1.7611512571544 -4.8630034722815
-5.1143863257798 -1.6292140127316 -0.50825038197584 -4.9222493714894 -0.92310663989622 -0.22854709285918
-5.4686463143647 -0.54432166348212 -0.89901559953852 -5.414800370002 -1.1057824295756 -1.529599586934
-0.85072047519442 5.1436947657877 -5.2490335881891 -0.50783990586716 5.2015230577693 -5.9850862134627
-0.68408961464161 3.1177975272338 -3.2775659521405 -0.59567918112542 3.2410217826135 -2.4696669554013
-3.1654822380377 4.5160230943217 -4.1533663973946 -2.7963750199876 5.0558049710036 -3.7262302736824
-5.6295242941401 2.6020240170277 0.49297891867011 -5.8373597710332 2.4475996977041 1.3160632425738
2.9188677849399 3.3365886548959 -0.21886972893119 2.734570073735 2.6010725421099 0.041150051947679
0.39672555754637 3.8987852479716 -1.2056779795843 -0.24113406257613 4.3281304904469 -0.78764577426857
-2.7805277861029 -0.071841457257138 -5.3017914609045 -3.0748649902655 -0.81712071496257 -5.4458128248084
-5.4309517396676 4.2506107109421 2.8455607376944 -5.8935726055803 4.9307327423278 2.8066177419162
1.4988580092887 -4.7674788028546 4.5546493865643 0.84432610904382 -5.1840492859449 4.2888456934489
0.38427727782377 4.7101931237216 4.9027628714801 0.90629192541609 5.3362391693379 4.7182688863935
1.7539228957228 -5.423963087002 3.3432061073336 2.1536636764389 -5.3466195387937 2.6577410500781
2.2374672300845 3.0825525379306 -4.2844746552937 1.9835288465535 3.8392631290154 -4.4979608263778
-1.4599913767865 3.8757511004186 5.2231644456855 -1.1170115695367 4.5323597513647 4.782216273783
3.6579081091267 3.7868500258052 -4.6967747568182 3.087075150256 4.1711392589904 -5.0219388032895
-3.8865763313033 5.4607794171512 3.6447154826498 -4.3570356098621 5.0843073870057 4.3095917781143
-0.095825498362142 2.606538482996 -4.41347053941 -0.17121147109922 1.8066289816463 -4.0851750982356
-3.64753091617 -0.23259055262052 -4.1032116102428 -3.4607091482695 0.60352781620992 -4.0693541470263
4.581299450997 2.0686130352932 -0.29761193825722 3.9451884548957 1.6489771132681 -0.040376045369622
5.6070768054645 5.0170171803438 -1.3533333021947 6.0554106099196 4.4526192819651 -0.97313775620655
5.3414760294706 4.7660395484155 0.28675829922193 4.7447924318735 4.4352275545348 -0.19196591230453
0.91462592658772 -0.82987210616729 -1.8734048463508 0.59193232227049 -0.50139552632581 -1.2605440115865
1.3267896059097 -1.0659658390424 -3.1867818238022 1.5842761637688 -0.39328512135378 -2.7639738168666
-0.54966146356477 -0.97433693945625 -0.76233190410066 -0.20487968478534 -0.51186393752855 -1.3138549105647
4.1751424468617 2.9715272951356 4.5121937874446 4.6609864643791 3.5094877730775 4.134370981326
5.1130602941363 4.8068133206626 2.1333155307551 4.3069098176374 4.5792781966148 2.0866151433648
-5.5124930148691 3.9458289488196 4.5872515054741 -5.1632853103324 4.7808424912769 4.4773257879742
5.3683624060363 -4.9791556627469 -3.0853918708662 4.6181594283935 -4.6251840320652 -2.8447510882818
4.7714919964344 5.6224476962371 -5.1757610485847 4.5835988363262 6.3062116739617 -4.7171625029207
-1.8068218856747 4.3824262611511 -3.1853821618233 -1.9212009893441 3.6033792370506 -3.1946079920578
0.78123895868001 4.0711853205745 5.16895410893 0.52362639684203 3.8332353076591 5.9977288488862
-3.9161765688902 -2.348036873802 -0.51519936581889 -3.6340251379791 -2.1343100764874 0.095358887792985
-5.1384576577775 -1.2717591646332 -2.2534689654842 -5.414800370002 -1.1057824295756 -1.529599586934
-3.6340251379791 -2.1343100764874 0.095358887792985 -3.6036145334398 -1.4081422289946 0.32162134154197
-0.29146722351476 -1.4907769202045 3.9315681364972 0.17457470611644 -0.83712291518202 3.6774147950979
-1.068140224468 0.057404048772086 3.4429860654357 -1.3738594241311 0.22623184986003 4.197095414079
-0.45569738105607 -1.1955744596727 2.0805188132321 -0.24759142343283 -1.8349443814016 1.6085908066789
5.6370875737044 -1.7516852110461 -1.3210079255075 5.1028530596065 -1.5299253616881 -0.8457104786882
4.5889296317411 -0.30840473969195 -1.3347002817946 3.8378146730144 0.16249034413487 -1.4332552845016
5.2755485861933 0.81781130282192 -1.7732425462749 5.5749071477676 1.1811096979494 -2.5214953208574
1.4551639627442 1.253497992243 5.3010369764511 1.3550383009956 2.0544129731099 5.2231028685976
4.4413638766174 1.6615485799929 -4.2880292094793 4.9307662564331 1.0701190644608 -4.4661216221851
-1.3013525506671 -5.6866785340541 -5.0809517174932 -2.010458720753 -5.430677131928 -5.361611042634
-1.1659347417724 -4.6338657683486 5.3032613087258 -0.42337172944526 -4.3196295729874 5.4843592486788
-4.4633791486538 1.8938850503347 -3.3370331661988 -4.9327466120552 2.2411285724129 -2.7584732495224
-4.4633791486538 1.8938850503347 -3.3370331661988 -4.3957249576391 1.1370299733812 -3.4068253791589
4.6181594283935 -4.6251840320652 -2.8447510882818 4.2084946909078 -4.4744780614246 -3.5662493158226
-2.7498456932032 3.7465548191022 -1.3676172482703 -3.2504713493486 3.5562732818828 -0.77335566633085
1.0175732430873 1.7812508111275 0.037576768630134 1.3461151095557 2.4648517838575 0.13175828428006
-3.2504713493486 3.5562732818828 -0.77335566633085 -3.4225184012463 4.1739659145767 -0.32191508153574
-4.1275272060979 1.9864645473498 -5.2952474679934 -4.0411795989117 2.7464624101528 -5.7589996103825
-4.2276832991599 0.10700408623323 3.6850327979497 -3.744086715168 0.75764553531511 3.7987292055642
4.8065049209886 3.5546421938655 -5.3585351996835 5.3155346256801 3.1147494358568 -5.7016215984682
-0.65310323692089 -1.0447833997649 1.0315153546534 -0.26318753791232 -1.8393032854642 0.98281828232124
-2.0040427024158 -2.1069715678936 -1.4783069399832 -1.8120633626112 -1.8554007672994 -0.76712941726848
0.92411947974255 -3.7407929442585 -4.7536187370673 0.18348552205288 -3.5705140422865 -4.829031696953
-4.189400295448 -2.6479885940937 -2.0003148638803 -4.6468998334988 -3.2370935716463 -1.9774894110373
5.3816768028179 0.050838315581664 -1.3050585400391 4.5889296317411 -0.30840473969195 -1.3347002817946
5.0843320617386 -2.2967950523888 2.9938708428761 4.7268459979301 -1.9236787779495 2.3545661286721
3.2325791926575 -1.4935860394988 2.6986554249493 3.2702642894526 -1.6562366122842 3.4584975837997
0.77470727820188 -0.97544965343556 2.4631578484084 0.16396931625212 -0.675381412459 2.0865660109557
4.1802752684366 -2.4954228738122 3.9674342746831 3.4789305733131 -2.4201467443579 3.6085101417858
3.1146189274258 -1.0792770940935 3.9783046415514 3.2702642894526 -1.6562366122842 3.4584975837997
1.0724476827824 -1.8453068102924 1.7829118780787 0.59981731278429 -1.9258474965039 1.1476883664383
-4.9221708836001 -4.3360900022297 1.1966228545465 -4.3019623374831 -4.5784137878956 0.71988389039868
-3.9293054265401 -4.2754606156108 0.87710382678827 -4.0801449072692 -4.2238773626188 0.086098500514088
-5.6496768792759 -4.1454248561761 1.3353974250102 -4.9221708836001 -4.3360900022297 1.1966228545465
4.581299450997 2.0686130352932 -0.29761193825722 4.5709885539112 1.9575822647127 -1.083586766563
-4.3903178658875 -3.9021747832833 -5.4446981002969 -5.0510338110463 -3.4202046968452 -5.1003596864066
-3.9311758755764 -3.1764365677211 -3.8680033200694 -4.5002817408831 -3.6141038631368 -3.4104050875379
-0.054027195368636 3.0443746457126 -3.7605964191556 -0.68408961464161 3.1177975272338 -3.2775659521405
0.75842292672014 0.70317988838896 5.0779626366989 0.2182056230189 0.22440496003686 5.5052235526917
0.34735024971294 0.19109667015733 -4.1715556309111 -0.13785884024762 0.1700617741969 -4.8023607749517
2.9621522304581 0.11929959345707 -1.6082242893249 3.8378146730144 0.16249034413487 -1.4332552845016
-0.83250727701205 -2.462449626591 0.72986567272777 -1.4168781913653 -2.6332203419142 1.3107517478538
-2.4051952925568 0.51574808431354 2.2337042571632 -2.5450510955663 1.065876281213 2.8545101601492
-0.83250727701205 -2.462449626591 0.72986567272777 -0.92408112228162 -2.8491898010483 -0.074272143516145
0.77470727820188 -0.97544965343556 2.4631578484084 0.66952166798876 -1.1787974761167 3.1879149112578
3.2322127262689 2.5599945883063 -3.304592830669 3.0340651460472 2.8512291937315 -4.1002079776061
-0.45693312288196 -4.2754920800581 2.1353085279968 0.13166367469797 -4.8561818364387 2.3506145054675
-2.0524191689683 -2.761598225128 3.1491937681613 -1.5050735742103 -2.2909651558762 3.469286076948
-2.5583435275236 -3.0301212875692 -3.5675338452724 -2.5106896116201 -3.3345914935013 -2.7940583760211
-4.1618940550772 -3.1501348468552 0.51234072428715 -3.4503554922999 -2.7738790724297 0.46784265647455
-1.6132837322454 -2.4975216263319 -0.33673363664771 -0.92408112228162 -2.8491898010483 -0.074272143516145
1.6676561479831 5.1343779532887 4.3919366876634 2.0296740930784 5.7205922760075 4.0222193737791
-0.24211893767059 -5.6535186257273 4.9956110813604 -0.50783990586716 -6.2384769422307 5.4549137865373
-3.7636568673724 -5.4522213614916 -2.4310761638551 -3.0855714180596 -5.3316917907691 -1.9383707568965
-2.1630996498462 -5.1841544164582 -2.178578951632 -2.4414321572516 -4.7498548579465 -2.77080193527
-0.9357310355406 -5.5389199518327 -1.9197930946616 -0.7812950360218 -5.766079890452 -1.1900254017199
-0.58005669369907 -4.3354950613925 4.9473033255103 -0.23303571231925 -4.9767186878582 5.3451196156918
1.4060214599111 -1.2047799050202 2.0932001960932 0.77470727820188 -0.97544965343556 2.4631578484084
-1.7432129773315 3.9802430867935 4.4006674698391 -2.1286431983076 3.872915430296 5.089314267083
0.84469158179178 3.1845751113446 1.0669070873999 0.53498564200894 3.8736537569503 1.3913315445248
-2.3984928435794 1.8965649761028 4.1501160844577 -2.8063297563196 1.9816116558449 4.8661829264558
1.0409187314933 -5.1149595049615 -3.3038628025816 0.9374759658192 -4.6784182295647 -2.6965605262827
1.8588743485554 -2.5820000744296 -4.5007608331322 1.812545958256 -1.7074586449738 -4.6803904353484
1.5923098026179 -3.2446520303819 -4.9272612443718 2.0720361755298 -3.4031445917543 -5.566456305809
-3.5740773615413 -3.7291529077116 -5.4078854433951 -3.0628770474559 -3.3556156458735 -5.9608781846288
4.5294392051289 5.5867021192205 5.4662038652609 3.7089567171943 5.6598044435311 5.3805688633697
-2.5002741035228 2.9564093988615 -4.5075237740035 -2.4185621278314 2.4205824035478 -5.1129910738388
-2.6037415060081 4.2042544308033 5.6074929709287 -2.1286431983076 3.872915430296 5.089314267083
-2.5575784121152 4.2721278503505 -4.6172698913158 -3.1654822380377 4.5160230943217 -4.1533663973946
-2.1782094403444 1.253493007127 -4.179559407838 -1.9286843775922 1.4910285754474 -3.4475388384907
0.32316072998785 -1.3119165152999 -2.2181435577066 -0.26090191103126 -0.94615941421702 -2.666152179128
-1.8342097921903 -1.5747235408018 -3.7984601517058 -2.023023191473 -0.80744410872505 -3.5037206390138
4.483511784 2.0544233876827 -3.5548808276117 3.7380599185239 1.9418954462711 -3.2283633416169
4.9307662564331 1.0701190644608 -4.4661216221851 4.860901278687 0.39706069214874 -4.1433508895263
3.8730405602429 -3.1413100224784 -5.5016359437682 4.2814290541406 -3.7498197627153 -5.8436868166585
5.6749184788072 5.7013642841341 -2.8897927862371 5.4167881373051 4.9977129275082 -3.2421110311629
0.42980002365466 -4.2041939358696 0.92211148328415 1.218368921163 -4.0280796292683 1.1484228730834
-4.6624933115886 3.3105082378155 5.6038018846159 -4.0411795989117 2.7464624101528 5.6810003896175
-3.8114757372756 -1.4834879427016 5.0972900352483 -3.1227373357394 -1.9520245479179 5.1272564167784
1.7570101730587 2.5795350143937 4.6078916371143 1.3550383009956 2.0544129731099 5.2231028685976
5.184592567863 -0.75251708483416 -4.7989621355361 4.5775810440207 -0.22612430756956 -4.5538244391103
-2.2271837885162 3.7880193549086 3.788456781527 -2.4806911699834 4.0750769273168 3.1082519333803
-2.4349075136848 3.0074327517278 3.9999227038476 -2.2271837885162 3.7880193549086 3.788456781527
-3.2181289598914 -4.8253436162034 -4.5779627953514 -3.986079724179 -5.1331009031915 -4.3825399142833
3.1137877469493 -1.3151882855349 5.3260301425102 3.8388040565603 -1.6344491170486 5.5875705673749
-5.4898187531259 -3.2112658601242 -5.7004629941485 -5.5390818274925 -2.4375207593591 -6.0388760102947
5.0843320617386 -2.2967950523888 2.9938708428761 4.8094466079146 -2.1582049150071 3.7448338877741
-3.4978990941699 4.9477890799754 -1.4784421868851 -2.9456817264309 5.3433715731123 -1.9284847311701
-4.898043577194 2.8856614022071 0.12258246248098 -5.6295242941401 2.6020240170277 0.49297891867011
-4.2534094887463 -3.9205968382899 0.15858919272348 -4.1618940550772 -3.1501348468552 0.51234072428715
5.5381148107759 -3.0938817049257 1.1931636950179 5.9605429105518 -2.7523507959042 0.65965801273265
-0.054027195368636 3.0443746457126 -3.7605964191556 0.63042053960966 3.3748917245523 -3.6721128829066
-0.31935363888126 -4.993918404749 -2.1181436251133 0.52008069209023 -4.9492881951385 -2.0909266437421
1.3078625345737 -2.4804685643963 2.1750026817762 1.8602381529641 -2.6263573991266 1.6314263503261
5.4740823613557 -3.3147653566224 -0.33475843923106 5.9425806584269 -3.1506100622689 -0.98547271457903
1.2683613457379 -2.0840670953441 4.0940752745087 2.0205360388113 -1.9784908812885 4.4118124989188
5.3155346256801 3.1147494358568 -5.7016215984682 4.8683491800037 2.419432852525 -5.5468840285864
1.4988580092887 -4.7674788028546 4.5546493865643 1.9814539144683 -5.2521530705711 4.9933976928602
-0.56991310290579 4.8003641588738 5.2878963189331 0.18771362661914 5.1595662578717 5.1628395738873
2.5689136546464 5.5540770912393 -5.2063049479459 1.9255711881717 5.7745767389691 -5.7120516901677
5.1221056601716 1.6508893114762 -5.5448559029036 4.8575018766896 1.3387295981894 -6.1714012160063
3.8122493507688 3.347155047176 5.1334445715546 4.1751424468617 2.9715272951356 4.5121937874446
-1.267171855767 2.2428318136905 4.3405304191676 -1.6592616758937 1.5890084683141 4.194682451209
-2.458102746468 2.4978877840659 5.4883758841999 -2.8063297563196 1.9816116558449 4.8661829264558
-3.744086715168 0.75764553531511 3.7987292055642 -4.0948652180399 1.2513911468472 4.2921992562816
3.905719571819 1.7144826015225 -4.95962836696 4.4413638766174 1.6615485799929 -4.2880292094793
2.2201914199457 1.3371612348917 5.6059891966607 1.4551639627442 1.253497992243 5.3010369764511
-0.26090191103126 -0.94615941421702 -2.666152179128 -0.26116997390033 -0.75190550775312 -3.4578944020158
-2.3291430250547 4.8827556990616 -3.1421051005904 -1.8068218856747 4.3824262611511 -3.1853821618233
-1.1435364774248 3.2987240845467 5.4720523878256 -0.78499369552811 3.4123168151949 6.1671248187669
-1.6639669100374 1.9271045496179 -4.7774623886979 -1.4249743861965 2.7291517179808 -4.4279909212988
-0.56311335266364 1.6461077241087 -5.6732265338003 0.0083212710757837 2.2039649972535 -5.506093063186
2.8609511952267 -0.83292663949293 -5.5605245525754 3.1641732978288 -0.028400399709565 -5.7562981321926
3.3947759232895 0.3787167710753 -5.1157994181155 3.7659796057347 -0.066998283796166 -4.5923382667664
-0.18881598665017 -4.4095105392356 4.2679654836141 0.59569873715992 -4.527028476005 4.4687132420175
-2.3392942892717 5.33738540741 2.4363863367197 -2.7769387978264 5.9319480676614 2.083025408063
5.3357509621421 3.2504681325061 -2.99415059965 5.9468571261653 3.8041307762466 -3.3296306243464
-3.772491956554 -5.2519297804817 0.71008047319674 -4.0275236238247 -5.7034119772669 0.039606169543345
-4.8498762139143 -4.2519729475174 -0.34911369701024 -4.6724464463898 -4.9578299073419 -0.68534409837176
4.5835988363262 -5.1337883260383 -4.7171625029207 4.9681397222561 -4.4445867364433 -4.8340980289388
-5.0510338110463 -3.4202046968452 -5.1003596864066 -5.6683117147908 -2.9648156974713 -4.7408477423406
1.6254074507826 2.9668715853561 3.8857257548076 1.7570101730587 2.5795350143937 4.6078916371143
-5.3623118602944 3.6531121877925 -1.148055820978 -6.0813076281615 3.3856419685523 -1.080184045588
-5.3845893900804 4.4526192819651 -0.97313775620655 -4.9878517904427 4.6957056484736 -0.35126642975563
-4.3456219015122 5.4603611565492 -2.2845775402961 -3.7636568673724 5.9877786385084 -2.4310761638551
-4.4261782592828 -1.956768418188 1.0792857185942 -4.4105768347284 -1.3742552543587 0.39208606740302
-3.6158408231642 -3.0384218017559 -0.68193211426748 -4.2397369714378 -3.5340514848117 -0.58282316567997
-4.4193095854118 -1.4508873436887 -2.2313652662362 -4.370312516373 -1.9843016635435 -1.6702217620732
3.2147042620166 -3.0044330522951 1.9955711023074 3.896449870011 -2.9218446203159 1.4936122586105
2.6063375151988 -4.1568567990547 -0.23206299408818 2.9460457047306 -3.6968627935905 -0.75632433584672
3.4332893162516 0.36680475312763 -0.90162323996517 3.6685296886699 -0.046389816903839 -1.6247114342139
1.6038095755895 -4.2761465232192 1.8788449604235 1.1330822402179 -4.1080299565184 2.5031583514155
-3.3133199126725 -0.85101442886845 -3.7163934299368 -3.64753091617 -0.23259055262052 -4.1032116102428
-2.6811076445293 -1.8588237053326 -4.7821506972373 -2.5812893715108 -1.3942991438147 -5.3985528272019
-3.7590395469363 -1.1884582773819 -5.5994437576926 -3.8114757372756 -1.4834879427016 -6.3427099647517
-0.35226672976618 0.52939934968601 1.9871640597581 0.14742272321152 0.016577026888089 1.720736065699
-0.31941056514617 0.37592098022407 3.2625739569428 0.099350970513388 -0.011098312294458 3.8257342889962
-2.9740713937042 0.94195483012057 3.5202414671451 -2.5450510955663 1.065876281213 2.8545101601492
-5.1679975451848 1.8142875618861 2.7734555324515 -4.9666464315681 2.5829270517261 2.5032942478702
-4.9430246725826 1.2908507253767 4.1145911532132 -5.3264272368204 0.71608222031724 4.5646214307111
5.5040683548758 0.85127045200801 2.1896193470597 5.2391165279614 0.32159947113216 2.7375118956063
4.4810502732918 -1.1525925840995 -5.6020288466882 4.8651473960239 -0.67653340991961 -6.1815402065
3.1720314611213 3.8493484177706 5.202573734816 3.8122493507688 3.347155047176 5.1334445715546
0.0017226556690273 -3.5680999384448 -1.1826946438326 -0.046131801007288 -3.7184043360042 -1.9792108866986
0.45919463179044 -3.4839452777157 -2.5592482071388 -0.046131801007288 -3.7184043360042 -1.9792108866986
1.8588743485554 -2.5820000744296 -4.5007608331322 2.2538970751082 -2.7656981246493 -3.786494118384
-2.7158311260284 3.0898934814533 4.727247813179 -1.919218525315 3.2307465058255 5.0045200910547
-3.4177403583626 -1.1675090087464 2.9398128680913 -4.1611666816402 -0.73880907470077 2.9277655434267
-5.5427703475663 -4.0484032264145 4.940169362798 -5.8934422350016 -3.8104742033772 5.526524650057
3.1146189274258 -1.0792770940935 3.9783046415514 2.7038006008653 -1.455438359202 4.5980284981448
3.9332506502252 4.6781112547611 3.9653001003935 3.197898860805 4.8983035407867 3.6734055148095
4.5875079887574 3.1421287066198 2.2602380832242 4.1010167205713 3.7928424808723 2.3495646106038
-3.3582723028039 4.2565871673743 0.47751924776517 -3.7527843253981 3.5133746440976 0.77092113897046
-4.3621784427175 3.1946411097619 2.55800438136 -4.6951325900389 4.0231717227383 2.5192838283888
-3.8002177986876 5.1561686219993 2.0753202092316 -4.4828626067594 4.6306585761116 1.9958473362869
3.382297852905 -2.0340955267679 -3.4991704188838 3.0276239255171 -2.673907110266 -3.8153248393959
2.2374672300845 3.0825525379306 -4.2844746552937 1.5823283456485 2.6618315389417 -4.2632979263458
2.771777715893 -3.7036681478816 -5.425458654692 2.0720361755298 -3.4031445917543 -5.566456305809
-0.87945459728748 -3.7902128335619 -1.9789591271507 -0.73027967005522 -4.1502946811584 -1.2123180871753
-0.71838277738264 -5.4029191138929 -2.0406440675528 -0.50975422802498 -5.0305208571358 -1.3075116705125
-0.78763119486209 -2.9477076680807 -1.9983125634138 -0.87945459728748 -3.7902128335619 -1.9789591271507
1.9255711881717 -5.6654232610309 -5.7120516901677 1.214458865212 -6.0773788756733 -5.5297890023014
3.1588110680415 4.4246270364999 -5.7012770228249 3.1685505542858 5.1985907757612 -5.6704549062955
-2.3291430250547 4.8827556990616 -3.1421051005904 -2.3174539202859 5.2426802088095 -2.4368199906509
2.1278731583414 4.0739377114005 -2.7478970654291 1.5787696494971 4.2400426531667 -2.2058829049386
-2.540783390124 3.3022873767957 -2.7760491987553 -2.9937370251408 3.6470603458493 -2.1534712155259
1.7570101730587 2.5795350143937 4.6078916371143 2.5000069490678 2.9044759707161 4.6525542374605
-4.3770568021958 4.4207816682215 -4.8551741074764 -3.9027319834834 4.1760126557722 -4.2634723143203
-4.0340316069483 5.0246727949719 5.0301627793152 -4.3570356098621 5.0843073870057 4.3095917781143
-5.4274337776526 3.4344687999866 5.3135800452453 -4.6624933115886 3.3105082378155 5.6038018846159
-3.2858944958046 -3.9808593662395 -4.6788774336937 -3.2181289598914 -4.8253436162034 -4.5779627953514
-2.5575784121152 4.2721278503505 -4.6172698913158 -2.3853841350481 4.7048083039285 -5.2018411074765
-3.2181289598914 -4.8253436162034 -4.5779627953514 -2.6299828098958 -5.4379907240409 -4.591296129156
-3.4225184012463 4.1739659145767 -0.32191508153574 -3.3582723028039 4.2565871673743 0.47751924776517
-5.5723509013571 2.7411050809558 2.0366844927465 -4.9666464315681 2.5829270517261 2.5032942478702
3.0893023208661 1.2653694903855 1.8213828688002 2.4153062056175 1.3385179170904 1.3362480226359
-0.83608650388467 0.54286571523824 -5.064146569955 -0.13785884024762 0.1700617741969 -4.8023607749517
-1.2168337977547 -0.38146396379718 5.3977623042175 -1.4063048105713 0.15470975921723 5.9378612298392
-1.3738594241311 0.22623184986003 4.197095414079 -2.0192137121447 0.60166790292448 4.4456082693059
-1.2629139513867 2.8863370964241 -1.2342182725744 -0.68928532972099 2.8059896931562 -1.7924627959949
0.44114917510393 4.611751888078 -0.76075004150274 0.9466680691308 3.9569976566425 -0.95404153740862
5.1970433798333 0.78806454397441 3.4483074474602 5.0579653289007 1.6022254658606 3.4778008597769
-5.4946026744043 1.6203637141368 3.507266165248 -6.3820346710993 1.6022254658606 3.4778008597769
-5.6636389581589 -0.67787124851342 3.2668554769797 -6.2998930116515 -0.51862750887524 2.7546481274808
-5.2581417615529 0.94626089414619 -5.4519624926284 -5.9655559618355 1.1537565952233 -5.0621782361464
-0.70847987661869 -2.929580530347 -0.0932452186236 -1.3474747243313 -3.4093601116888 0.084217879987967
4.4814213657782 2.3773626624508 2.134059003903 3.9600057470549 2.0340626434005 2.6504477988935
0.7193974746209 -4.4785118835875 -4.491971223981 0.57581994803187 -4.9563564854701 -5.1149120878716
2.771777715893 -3.7036681478816 -5.425458654692 2.7821126124973 -4.3658753593211 -5.8881717609592
-2.6037415060081 4.2042544308033 5.6074929709287 -2.3853841350481 4.7048083039285 6.2381588925235
-3.7636568673724 -5.4522213614916 -2.4310761638551 -3.6950840488208 -5.1131743496615 -3.1249018724435
-2.9456817264309 5.3433715731123 -1.9284847311701 -3.0855714180596 6.1083082092309 -1.9383707568965
-2.9456817264309 5.3433715731123 -1.9284847311701 -2.3174539202859 5.2426802088095 -2.4368199906509
2.8381443506763 -0.32853431421761 0.66201873740356 3.3653725759399 -0.44245231381284 0.021953711500366
3.6525711787344 2.9883299870747 -1.2365880632626 4.3882934878686 2.6783144171951 -1.349959391166
4.3882934878686 2.6783144171951 -1.349959391166 4.8915560566154 3.2094281712381 -1.6606521637286
2.3328923904407 0.2786580314004 0.40917627523604 2.8381443506763 -0.32853431421761 0.66201873740356
-1.0667030754047 1.4390888362724 1.3195954196334 -0.50332147361157 1.7378701111429 0.8148275601113
-2.7778385419262 0.71234422214829 1.5459090598743 -2.4051952925568 0.51574808431354 2.2337042571632
-0.56711369652309 2.1070359832244 0.097721586186475 -1.0993805567012 1.8097024629139 -0.45026819370909
-1.3474747243313 -3.4093601116888 0.084217879987967 -2.064919120719 -3.4474499121822 0.46361393956995
-2.2878893342272 -3.27437531276 1.2078103080803 -2.064919120719 -3.4474499121822 0.46361393956995
-3.0782120705554 -5.2955917806888 1.295736229942 -2.4515296736447 -4.8385688478791 1.0549683731466
-1.0653464447521 5.6240875688921 3.0334779838728 -1.006495981997 6.3999064998046 3.2863762964719
-0.45693312288196 -4.2754920800581 2.1353085279968 -1.3108659673926 -4.2936579250763 2.0840528604068
-2.9299475733364 -2.419915229891 4.4035693602773 -3.5812612276488 -3.0327703125371 4.1911598986061
-2.6661312302907 -2.6447880783441 3.5372776949091 -3.3780409312396 -2.9028820290059 3.4409113569317
1.5948538560159 2.8834966188915 -2.9040065799917 1.4193641848704 2.4274067570685 -2.2795118034027
2.1898914354115 0.48526360877628 -0.36849796640985 2.806839005797 0.86872370163332 -0.7599047450518
-1.0899647016187 4.992813640179 -1.2193299625938 -0.90467903854668 5.208428491351 -1.946495766156
-0.90467903854668 5.208428491351 -1.946495766156 -0.71838277738264 6.0370808861071 -2.0406440675528
-0.50975422802498 -5.0305208571358 -1.3075116705125 -0.73027967005522 -4.1502946811584 -1.2123180871753
-3.3780409312396 -2.9028820290059 3.4409113569317 -3.5812612276488 -3.0327703125371 4.1911598986061
-4.3849576105521 -2.4016283524687 1.7734314248919 -4.4261782592828 -1.956768418188 1.0792857185942
3.0773659505127 -3.4974439385511 2.6438446874817 3.0344829928436 -4.3148348590191 2.5163380071527
-2.1335066118341 -2.3014605213727 0.97024325431708 -1.4168781913653 -2.6332203419142 1.3107517478538
-3.0517728148324 0.45403992883486 0.28475072428793 -2.8146281336271 0.019688749949875 -0.44046950556831
5.6565130522088 -2.6255414536022 -0.025293289741673 5.4740823613557 -3.3147653566224 -0.33475843923106
4.9687702766342 -3.6791247473999 0.24639765187139 5.4740823613557 -3.3147653566224 -0.33475843923106
-5.1143863257798 -1.6292140127316 -0.50825038197584 -5.8261411301528 -1.9484838935521 -0.43256512610541
-4.8875265335359 -3.8447156665633 2.5254073838422 -5.6409579805704 -3.5818606563353 2.5080994043953
-4.0801449072692 -4.2238773626188 0.086098500514088 -4.8498762139143 -4.2519729475174 -0.34911369701024
-5.7159634864776 -2.5567109345696 -1.5046487751839 -5.497419341573 -3.1506100622689 -0.98547271457903
4.9681397222561 -4.4445867364433 -4.8340980289388 4.9296136491281 -4.0266150247115 -5.5108899945963
-5.570423227404 -3.6529813904139 4.305327738388 -6.2535834272539 -3.7350451515295 3.9255205625118
-5.6095839743795 -0.95171400566481 -4.151906519291 -5.9610541926616 -1.0513614637018 -3.4478974210879
0.84767843180503 -5.253872025643 4.9725852361449 1.0854898669546 -5.2612908369851 5.7903205823118
2.6063375151988 -4.1568567990547 -0.23206299408818 1.8766165265007 -3.7676852931923 -0.073463128296241
-4.9864351792668 4.1378860555695 0.79577821159164 -5.3434255847343 4.5114793565533 0.25175773021954
-1.358331197996 4.9516909975904 0.51784679293332 -0.68785331390923 5.3510963772378 0.21762860246528
-3.9293054265401 -4.2754606156108 0.87710382678827 -4.0975256716126 -3.7211431124169 1.4141404548737
-1.2629139513867 2.8863370964241 -1.2342182725744 -1.6266220629686 2.2660580185152 -0.90524153144812
0.97501607861703 2.5064392725413 1.6086781941397 1.7347518667851 2.3201337443663 1.8723449383393
-5.1679975451848 1.8142875618861 2.7734555324515 -5.1318821309382 1.0665187044529 2.3754823873482
-1.8629526457273 -4.0141848138074 2.5443049218804 -2.1019356409705 -3.297533787042 2.5950545314246
-4.4343885882123 -3.8345308511633 3.169673946821 -4.456355099345 -3.045594446039 3.3189648024373
0.14131727358753 -1.7360332762206 0.15675523061645 0.83017693194762 -1.4525731888973 0.25305096118588
0.14131727358753 -1.7360332762206 0.15675523061645 -0.13352893798164 -2.0921306681563 0.82088784798851
0.36333711793087 1.4388535905544 -3.6208715893046 0.4621499445098 1.6130511653536 -2.8155061564992
-4.456355099345 -3.045594446039 3.3189648024373 -5.0960216524068 -2.677747663083 3.4470902159563
1.0409187314933 -5.1149595049615 -3.3038628025816 1.3974380836099 -5.7315587882524 -3.5660436744687
-0.93443732944426 -4.1951019843214 -2.7452651223175 -1.097925012911 -3.8560156835966 -3.5151368137847
1.9114087165165 -3.3210010745461 5.0837345946508 2.0720361755298 -3.4031445917543 5.873543694191
4.028597814189 -4.0183828562324 4.9063831218436 3.4024605997398 -4.5153973110268 5.0963352578744
3.4702772188997 -3.233640730964 -4.176662937479 4.0596694431976 -3.6539375930867 -3.780394656937
-4.2534094887463 -3.9205968382899 0.15858919272348 -4.3019623374831 -4.5784137878956 0.71988389039868
-4.8875265335359 -3.8447156665633 2.5254073838422 -4.4343885882123 -3.8345308511633 3.169673946821
-3.2526781727244 -3.1239526403484 2.1142896048128 -3.9357584726977 -3.0488342940925 1.7196565970542
-4.2850163543157 0.017693675826665 2.8577951496926 -4.2276832991599 0.10700408623323 3.6850327979497
0.36368426504278 2.0038456323925 1.8197704953385 0.22572701364536 1.688216573984 1.1133011275469
-0.35226672976618 0.52939934968601 1.9871640597581 -0.255782496687 0.90504471585717 2.6327452488137
-2.1466178277383 1.7905240258565 2.9259373914959 -2.5450510955663 1.065876281213 2.8545101601492
0.74826280879976 5.26375313619 -3.7201361278498 1.3974380836099 5.7084412117476 -3.5660436744687
4.028597814189 -4.0183828562324 4.9063831218436 4.2814290541406 -3.7498197627153 5.5963131833415
-5.570423227404 -3.6529813904139 4.305327738388 -5.5427703475663 -4.0484032264145 4.940169362798
4.7862923155143 4.8874841611204 -1.400505037287 4.2244819485547 4.6985282354323 -1.9745998468339
4.9421308847627 -4.6032013149076 2.2836963216041 4.249192934906 -4.9734809493061 2.0875728048798
5.2478721188308 -2.9547106908966 1.9296679889706 4.5683365358394 -2.5629237948911 1.9049405803064
-0.17121147109922 1.8066289816463 -4.0851750982356 -0.76827227760742 1.2128602954103 -4.0599884474641
-1.9902928446097 -0.12795363083745 -3.9660119355351 -2.4520958648152 0.49264252710061 -4.2857398413744
-1.6639669100374 1.9271045496179 -4.7774623886979 -2.3763564847259 1.4881977653034 -4.9754894492316
2.8926012968831 2.8696804642641 -2.6025189258375 3.2322127262689 2.5599945883063 -3.304592830669
-2.0440565703674 4.0611893724257 -1.0995535098069 -1.4101042051745 3.5986603276194 -0.96705008995598
-2.149831535084 5.3617556845766 -0.38280489445073 -2.4119744911194 6.1750156581197 -0.44021373456035
-4.37160202445 4.0037732407938 -5.5110661453842 -4.3770568021958 4.4207816682215 -4.8551741074764
3.4141048737957 5.605770672104 -0.9487667313996 3.417924184368 6.3968082425591 -0.99958449120023
4.5835988363262 -5.1337883260383 -4.7171625029207 4.0310328144128 -5.0910641635082 -4.0931834708999
0.18143792792902 -5.579962963931 2.0851298870994 0.13166367469797 -4.8561818364387 2.3506145054675
1.633515397266 -4.7692536444986 4.85914522235 1.4344829884133 -3.947828738239 4.8282593647493
-1.6170340638847 -0.57153933013399 4.3459325826453 -1.2327164346509 0.13612218612065 4.6221381833825
-2.4698270649087 1.3199455486156 2.9429827358012 -2.6385535360986 1.3918907340954 2.1179552358164
-1.0740038933522 0.58441784571318 -5.4798563010437 -1.0100935153521 0.57844244928953 -4.61778833741
-2.8175403938688 2.7643165696126 2.8805038013347 -3.5708718099104 2.8582358583128 2.5304987165261
-2.9937370251408 3.6470603458493 -2.1534712155259 -3.7855794722211 3.9568986076022 -2.2653523455498
5.3414760294706 4.7660395484155 0.28675829922193 6.0965744152657 4.5114793565533 0.25175773021954
0.74729477886644 -4.7222875449583 2.8210026524258 1.1330822402179 -4.1080299565184 2.5031583514155
-4.3456219015122 5.4603611565492 -2.2845775402961 -5.1804294748417 5.6113045350546 -2.3076676316488
-5.0964529337294 4.5746409741826 1.4475422811335 -5.8548204427214 4.9312283458595 1.4755325823795
1.4705371539066 -3.5259522071774 3.6018184771935 0.96270915029433 -3.4560574561142 2.8845658318486
-3.3666173302539 3.1169699636804 5.2535059672712 -2.7158311260284 3.0898934814533 4.727247813179
-2.2681225610645 2.2506622184208 3.6479010439846 -2.1466178277383 1.7905240258565 2.9259373914959
-4.291342246795 -0.60358397290026 -4.4684635897882 -3.64753091617 -0.23259055262052 -4.1032116102428
-4.4105768347284 -1.3742552543587 0.39208606740302 -4.9222493714894 -0.92310663989622 -0.22854709285918
-5.4923509554936 -1.3878137612747 -2.9611035556177 -5.9610541926616 -1.0513614637018 -3.4478974210879
-4.4827146298202 -1.9750716501704 -0.89867368123594 -4.370312516373 -1.9843016635435 -1.6702217620732
-4.9627036537812 -3.2373638795746 4.0223390573976 -5.570423227404 -3.6529813904139 4.305327738388
3.6525711787344 2.9883299870747 -1.2365880632626 3.0261615724418 2.7812060214602 -1.7592893937381
-0.12613364531151 -4.7664127675697 0.60861299049244 -0.5724475784313 -4.5286833154896 0.031380492685994
-0.31941056514617 0.37592098022407 3.2625739569428 -0.255782496687 0.90504471585717 2.6327452488137
-1.2255391792294 -1.9764874810326 2.81138569048 -1.5050735742103 -2.2909651558762 3.469286076948
4.4032761493035 -5.5696062501565 0.1312475354425 4.0650640400449 -5.9526511095372 -0.48378999179153
4.8651473960239 -0.67653340991961 5.2584597935 4.6042023099044 -0.024903201433582 4.9192292184071
1.2467652409275 2.9624017216625 -3.5998424832495 1.5823283456485 2.6618315389417 -4.2632979263458
2.4218970741814 1.2976593790708 -5.0975387905902 3.232680971905 1.1648066402271 -5.036487445191
-2.1965971464133 0.81404738937643 -1.3796646365389 -2.4889898478802 1.5097530419976 -1.5829316833734
-3.4182230404175 0.68048846486286 1.0237110602216 -2.7778385419262 0.71234422214829 1.5459090598743
1.1649196088848 4.0892837709209 4.4171522816286 1.0221961261202 3.4657347223036 3.9955623643927
1.6254074507826 2.9668715853561 3.8857257548076 1.0221961261202 3.4657347223036 3.9955623643927
0.92411947974255 -3.7407929442585 -4.7536187370673 0.7193974746209 -4.4785118835875 -4.491971223981
-1.8412795170389 -3.7529047949001 -4.912682767872 -2.3317311574994 -4.3221222337951 -5.2676537418383
1.0724476827824 -1.8453068102924 1.7829118780787 1.3078625345737 -2.4804685643963 2.1750026817762
1.3078625345737 -2.4804685643963 2.1750026817762 0.85693027563015 -2.5931053068284 2.890313554217
-3.1042572853287 -1.5602966006264 -4.1080185394837 -2.6811076445293 -1.8588237053326 -4.7821506972373
-2.6799640685088 -2.6450735687381 0.52926205796045 -2.1335066118341 -2.3014605213727 0.97024325431708
-1.2825309361022 -0.69917894241968 1.4291798367647 -1.9360416904183 -1.0958805890145 1.5181924298069
-2.5050157859363 -0.71302659954221 -0.21836025697336 -2.8255592173631 -1.1819340029144 0.34626407747653
0.80096089579661 4.6882823305813 -3.2123474662852 0.88487862620766 4.4126084499936 -2.474326783193
2.3696961964167 4.7226025603302 3.6944448650224 1.5919521972686 4.7247805251675 4.0372704063142
0.84432610904382 -5.1840492859449 4.2888456934489 1.0312251245791 -5.1122556154591 3.4818516948616
-1.7706207854786 -4.7316737218013 -5.6361183045298 -2.010458720753 -5.430677131928 -5.361611042634
-2.6248297874886 -4.9996572443386 -5.6856796585774 -2.010458720753 -5.430677131928 -5.361611042634
-4.3849576105521 -2.4016283524687 1.7734314248919 -4.4579303001522 -2.720973386758 2.5045042422642
-2.3480045893434 -2.3272258378344 4.148774994882 -2.6661312302907 -2.6447880783441 3.5372776949091
5.1130602941363 4.8068133206626 2.1333155307551 5.5464273944197 4.9307327423278 2.8066177419162
2.4377241179238 5.4076356680094 2.4275436242559 1.9429213369161 4.8380823073457 2.4038185855116
-1.3182778847913 -3.9890977488913 -4.3112993178543 -0.83356782345161 -4.4775029623172 -4.6851580167857
-0.14578754804387 -2.1158735843419 4.3846222145443 -0.29146722351476 -1.4907769202045 3.9315681364972
-2.5638366048649 -2.6477828430369 -1.5402814114241 -2.0040427024158 -2.1069715678936 -1.4783069399832
-2.0040427024158 -2.1069715678936 -1.4783069399832 -1.6095707996041 -1.8682787754059 -2.0844090005827
0.32316072998785 -1.3119165152999 -2.2181435577066 0.91462592658772 -0.82987210616729 -1.8734048463508
-2.5002741035228 2.9564093988615 -4.5075237740035 -2.0673249372802 3.6457446514446 -4.5999206444534
0.78123895868001 4.0711853205745 5.16895410893 0.38427727782377 4.7101931237216 4.9027628714801
-4.8784548680637 -0.95944474953457 3.2985803337384 -5.6636389581589 -0.67787124851342 3.2668554769797
-1.5981155789897 1.976187128609 1.5985566969079 -1.552556711952 1.945761296635 2.3776241483682
-0.24759142343283 -1.8349443814016 1.6085908066789 -0.13352893798164 -2.0921306681563 0.82088784798851
0.58587623916369 0.16030236495298 1.0824066918135 0.35587628421645 -0.31866210024891 0.54238442441325
-2.9744152210181 2.2938827825187 -0.49553158537671 -3.5795277195467 2.8352766832117 -0.62110799944527
0.38427727782377 4.7101931237216 4.9027628714801 -0.40490784655675 4.6408186410043 4.9339390659029
-2.4405532570343 1.8885980811818 -2.9843368314978 -1.9286843775922 1.4910285754474 -3.4475388384907
-0.7817722283696 3.4483807741307 4.7953187453927 -1.1435364774248 3.2987240845467 5.4720523878256
-1.1604697071019 1.2629835706668 -3.3007894064567 -1.9286843775922 1.4910285754474 -3.4475388384907
-2.4520958648152 0.49264252710061 -4.2857398413744 -2.1782094403444 1.253493007127 -4.179559407838
-1.2191520181985 -0.09752419635606 -4.2163566432876 -1.0100935153521 0.57844244928953 -4.61778833741
-3.7974254645805 1.877741042073 -4.5968210090678 -4.0218816154684 2.2372330991808 -3.9211163298316
-2.0673249372802 3.6457446514446 -4.5999206444534 -1.2552537217816 3.874682147796 -4.7838342203056
1.9814539144683 -5.2521530705711 4.9933976928602 1.9255711881717 -5.6654232610309 5.7279483098323
2.0269735204346 4.4370179870641 4.6868491097486 2.5011817637606 3.7217696450975 4.7780053028118
2.1465129937944 5.373030765033 -3.7018779644311 2.6835171690596 5.5805205748924 -4.3494653217364
-0.70847987661869 -2.929580530347 -0.0932452186236 -0.39936285456208 -2.468068291382 -0.78691409258757
-4.2947052790265 5.0718424814319 -0.32375802529643 -4.9878517904427 4.6957056484736 -0.35126642975563
-2.4515296736447 -4.8385688478791 1.0549683731466 -2.3522849388334 -4.4712217967826 0.36839318279429
1.0836918146883 -1.2989930935563 -4.6201053963951 1.812545958256 -1.7074586449738 -4.6803904353484
0.92411947974255 -3.7407929442585 -4.7536187370673 1.5923098026179 -3.2446520303819 -4.9272612443718
1.812545958256 -1.7074586449738 -4.6803904353484 2.506671517635 -1.2179136010761 -4.8731596906954
-2.4349075136848 3.0074327517278 3.9999227038476 -2.2681225610645 2.2506622184208 3.6479010439846
-0.96711867974499 3.2794518705656 2.5851501403661 -0.84236370524698 2.6727885554451 3.0475053715005
-0.095825498362142 2.606538482996 -4.41347053941 -0.054027195368636 3.0443746457126 -3.7605964191556
0.23761495425289 5.4176089584866 -4.384553672779 0.74021461866113 5.1312397589858 -4.9288009079562
-1.0030116532564 4.7189840902737 -5.4711733061526 -1.152955171982 3.9303732196711 -5.4580799088743
1.2467652409275 2.9624017216625 -3.5998424832495 0.63042053960966 3.3748917245523 -3.6721128829066
-5.1086070705987 -2.7743463325444 2.9733982667508 -5.0589929333902 -2.4855297115172 3.7650933165688
4.5656218165874 -3.6342430647508 4.4381716382064 4.028597814189 -4.0183828562324 4.9063831218436
1.218368921163 -4.0280796292683 1.1484228730834 1.5654873741323 -3.521479276126 0.63485253687238
1.1305082142105 4.5791943062374 0.41866472661976 1.560244352448 3.9452512793832 0.09726892927092
-2.6408531692436 2.6477953007639 -3.1693536914335 -2.4405532570343 1.8885980811818 -2.9843368314978
-0.29964223339169 5.0319069019679 -0.92429004537498 -1.0899647016187 4.992813640179 -1.2193299625938
-2.4185621278314 2.4205824035478 -5.1129910738388 -2.1049275995731 1.7611512571544 -4.8630034722815
1.2622759828595 4.8665274404477 1.9850285630992 1.0234936421877 4.4993182520072 1.2710887915635
0.84469158179178 3.1845751113446 1.0669070873999 0.97501607861703 2.5064392725413 1.6086781941397
4.213937448611 -2.1518784053593 -2.4632014328051 4.5761418555748 -2.7971775840134 -2.8260491533597
4.0453155832071 -5.2348852259995 0.71428741675049 4.0270119966385 -5.4973311552931 1.4833260381097
3.3951012074449 1.0658229901525 -2.1214700941127 3.5397622119773 1.23250635822 -2.8569034568017
5.2755485861933 0.81781130282192 -1.7732425462749 5.3816768028179 0.050838315581664 -1.3050585400391
2.9621522304581 0.11929959345707 -1.6082242893249 2.4572559847802 -0.54001704727054 -1.7999763796461
5.594188564663 -0.38660814808866 -5.3708219992334 6.1128531502681 0.24646828935761 -5.2957470416241
5.0549641982523 0.30781482037997 -3.3988392686716 4.860901278687 0.39706069214874 -4.1433508895263
3.3947759232895 0.3787167710753 -5.1157994181155 3.232680971905 1.1648066402271 -5.036487445191
-3.5136054477757 -2.5702389017907 -2.3631309189809 -3.6118253930074 -2.033196079391 -2.9275193916224
-2.9294591562045 0.17543040040829 -2.1225811401141 -3.1842466894466 0.80498719645693 -2.5984536074136
-4.7883024399526 -4.3228022865174 -3.5690981500877 -4.1936767068194 -4.8328857740217 -3.6765884585055
-3.4978990941699 4.9477890799754 -1.4784421868851 -3.9331192076565 4.7444998833143 -2.088692657119
4.4952207639328 5.2415404913219 4.1574523411049 4.9685568761515 5.4506939032478 4.7724694144294
4.9250601616241 3.562402627435 -2.3824387812188 5.3357509621421 3.2504681325061 -2.99415059965
-4.7034089991181 3.6399119091691 -3.2247762845352 -4.1303788662593 3.5900004524386 -3.7897857243494
5.1400712193192 2.4589257222675 -3.147583102189 5.7346358888408 1.9690562476187 -2.8068826134125
-2.7548176500817 0.2346255249763 -1.2966598276846 -2.9294591562045 0.17543040040829 -2.1225811401141
-0.3034732463561 -1.7168930877741 -0.52012303829867 -0.54966146356477 -0.97433693945625 -0.76233190410066
-2.1965971464133 0.81404738937643 -1.3796646365389 -2.7548176500817 0.2346255249763 -1.2966598276846
-0.45569738105607 -1.1955744596727 2.0805188132321 -1.2371528504861 -1.3492080429347 2.4050847435051
-0.93634598540818 0.57077641065337 -1.9000768751604 -1.4072109702998 0.8051241644067 -1.2903019923635
-5.2283042440463 -5.2226239802297 4.4327944742132 -5.6291129638897 -5.9735063816118 4.5633412132326
-2.8497151873973 -2.8809648228518 -0.82919544429918 -2.5638366048649 -2.6477828430369 -1.5402814114241
-2.8497151873973 -2.8809648228518 -0.82919544429918 -3.6158408231642 -3.0384218017559 -0.68193211426748
-2.006391956212 -2.3890583251249 -3.5706303803212 -1.3701435112389 -2.6577646475936 -3.1725520801517
-4.5002817408831 -3.6141038631368 -3.4104050875379 -4.7630769847214 -3.2727053789036 -2.7461559470759
-0.26116997390033 -0.75190550775312 -3.4578944020158 0.35857483929561 -0.48856480326209 -3.8325916637374
-3.2862130744539 -1.8147121567095 4.036911757178 -3.4885396518146 -1.1010637894026 4.2097622195579
5.4266665236577 -0.95005430580302 4.5777635146317 5.2616522815651 -1.6982691270471 4.2855090201102
-4.8115821070381 3.0709424146483 -1.3373316488132 -4.7368744025475 2.8565113690075 -2.1616337365509
-3.6711397761582 0.84361013362693 -3.2913505199304 -4.3957249576391 1.1370299733812 -3.4068253791589
-4.9327466120552 2.2411285724129 -2.7584732495224 -5.7053641111592 1.9690562476187 -2.8068826134125
-2.5802052444529 2.0379620879373 3.3399496297945 -2.4698270649087 1.3199455486156 2.9429827358012
-2.6385535360986 1.3918907340954 2.1179552358164 -2.247499480441 1.251286688903 1.3889581587938
-2.8135683904225 1.9430252450843 0.20590880904731 -2.7609623912592 2.4337546318182 0.84633448294326
-0.92636316776423 5.1050014803197 4.2564773562091 -0.8973918371495 5.8054356048928 4.5857661829002
-0.23303571231925 -4.9767186878582 5.3451196156918 0.25787606101555 -5.4925623650146 4.88443243106
0.70832650880148 2.8441287128125 -0.23742833379421 0.92518933780067 3.197165830648 -0.98454275174639
0.74826280879976 5.26375313619 -3.7201361278498 0.23761495425289 5.4176089584866 -4.384553672779
0.84684416000486 4.3493268751679 -4.8964496711531 0.52362639684203 3.8332353076591 -5.4422711511138
2.2467960769353 3.289312663788 -2.7554787552467 2.1278731583414 4.0739377114005 -2.7478970654291
0.17457470611644 -0.83712291518202 3.6774147950979 0.66952166798876 -1.1787974761167 3.1879149112578
-0.86988132209765 1.2531002173561 5.1206533330619 -0.40892194486489 0.63140993034236 4.7878698020738
-0.41980931473716 -0.47663156819737 0.54510396312363 0.35587628421645 -0.31866210024891 0.54238442441325
-1.6266220629686 2.2660580185152 -0.90524153144812 -2.4102030280709 2.0446650542836 -0.98887905647095
-0.42690328302995 -3.5710733519035 3.2065424680306 0.3019756789996 -3.155246940955 3.2976910579905
0.56635835019062 -2.4487876212719 4.2416091490478 1.2683613457379 -2.0840670953441 4.0940752745087
-4.8784548680637 -0.95944474953457 3.2985803337384 -4.1611666816402 -0.73880907470077 2.9277655434267
4.9358754297238 1.1761369126709 1.6489755304306 5.5040683548758 0.85127045200801 2.1896193470597
1.7462887261164 0.3950117075542 -2.8896940781402 1.5908637933644 1.0388762411906 -2.3891786322828
2.0003592045131 -3.2655102134946 -1.2612629301531 1.4663691268954 -3.6181990319011 -0.7553516854054
-1.2191520181985 -0.09752419635606 -4.2163566432876 -0.8823832890433 -0.78677073250908 -3.9773195875615
3.0649717172362 -2.4167695253916 -0.85920077329924 3.6178333701354 -1.8430422225006 -0.79400176713148
4.2972257368334 -4.3645169627101 -2.0877890832587 3.5900731213836 -4.4899827941172 -1.5812544080174
-5.1176400922188 -4.6689188851987 4.9958351369593 -4.6189400017874 -4.6299027246251 5.6188685181344
-4.7883024399526 -4.3228022865174 -3.5690981500877 -4.5002817408831 -3.6141038631368 -3.4104050875379
-2.0433784266193 5.4517555935688 -4.9404599996803 -2.3853841350481 4.7048083039285 -5.2018411074765
-3.1579983838233 -3.4262943620993 -4.0707110917483 -2.5583435275236 -3.0301212875692 -3.5675338452724
-2.4414321572516 -4.7498548579465 -2.77080193527 -2.144647532106 -4.0496306908967 -2.5882904446036
4.0650640400449 5.4873488904628 -0.48378999179153 4.5224261619192 4.9305195980849 -0.69381500056631
-2.8343990879069 -2.8785699882176 -2.2356205097041 -3.5136054477757 -2.5702389017907 -2.3631309189809
4.9421308847627 -4.6032013149076 2.2836963216041 5.4518123378638 -4.1564885810161 2.0163714999367
-5.1632853103324 4.7808424912769 4.4773257879742 -4.3570356098621 5.0843073870057 4.3095917781143
0.18771362661914 5.1595662578717 5.1628395738873 0.96687008787421 4.9794546270257 5.3130424104231
-0.89936284383574 5.1816678704918 1.8438748190262 -1.4759749733208 5.3634007982936 2.3836502305387
-2.6330849710433 -4.6497258959797 4.2309046783055 -1.8893387026128 -4.8130343195477 4.1156667518297
-0.33114911601156 3.9906545802793 -2.3264508318483 -0.78159906414017 4.6226915867277 -2.504342969607
-0.59567918112542 3.2410217826135 -2.4696669554013 -0.33114911601156 3.9906545802793 -2.3264508318483
-2.8135683904225 1.9430252450843 0.20590880904731 -2.9744152210181 2.2938827825187 -0.49553158537671
-0.13717573973251 -2.445617069498 2.0896719761366 -0.24759142343283 -1.8349443814016 1.6085908066789
1.0312251245791 -5.1122556154591 3.4818516948616 0.74729477886644 -4.7222875449583 2.8210026524258
0.34396435650539 -3.0615161323921 2.3867677303613 -0.13717573973251 -2.445617069498 2.0896719761366
-3.2409434201163 -5.259886065097 5.214367243719 -3.8772888933128 -5.6963144524893 5.3811327190725
4.3292802074217 -1.1900190176829 -4.0829875806255 3.6107037047797 -1.4637275545652 -3.9465267685811
-4.789932402771 5.0716323557668 -4.7265302405167 -5.5529956512278 4.876337311154 -4.4839544402873
4.5915575122767 -1.1268534021184 2.4623983052505 5.1401069883485 -0.51862750887524 2.7546481274808
2.9474944569373 -3.0339400379466 3.3501139141687 2.2032300083758 -3.1194460903918 3.7833447044539
4.213937448611 -2.1518784053593 -2.4632014328051 3.5108206178753 -1.960293868067 -2.7339577100948
3.5397622119773 1.23250635822 -2.8569034568017 3.4163079822324 0.49001585894236 -3.0234015155961
4.7111821141418 -1.2533192804285 -4.7996190452288 4.3292802074217 -1.1900190176829 -4.0829875806255
-4.2397369714378 -3.5340514848117 -0.58282316567997 -4.2534094887463 -3.9205968382899 0.15858919272348
5.4518123378638 -4.1564885810161 2.0163714999367 5.7903231207241 -4.1454248561761 1.3353974250102
-3.0782120705554 -5.2955917806888 1.295736229942 -2.7769387978264 -5.5080519323386 2.083025408063
-2.9022063366163 -3.9512089301575 4.1376129506384 -2.6330849710433 -4.6497258959797 4.2309046783055
-1.0100935153521 0.57844244928953 -4.61778833741 -0.76827227760742 1.2128602954103 -4.0599884474641
-1.449658715996 2.5854771576673 5.0354229236824 -1.184643701582 2.3025895877713 5.7370917273514
-2.4119744911194 -5.2649843418803 -0.44021373456035 -1.8808141991295 -4.6842510269609 -0.18635781161486
4.0596694431976 -3.6539375930867 -3.780394656937 4.2084946909078 -4.4744780614246 -3.5662493158226
4.6042023099044 -0.024903201433582 4.9192292184071 5.1389483714793 0.61080403698135 5.110588082018
-5.5072064467497 0.42732327001284 5.3212370218106 -6.3010516285207 0.61080403698135 5.110588082018
-4.9327466120552 2.2411285724129 -2.7584732495224 -4.7368744025475 2.8565113690075 -2.1616337365509
5.0549641982523 0.30781482037997 -3.3988392686716 5.6935962316915 0.70665229987614 -3.1675898711054
-0.68785331390923 5.3510963772378 0.21762860246528 -0.35326849363738 5.8940109388847 0.78043174898225
2.0269735204346 4.4370179870641 4.6868491097486 1.6676561479831 5.1343779532887 4.3919366876634
5.156717880272 4.9499980637181 -4.8700698375288 4.7714919964344 5.6224476962371 -5.1757610485847
5.3791885725268 -4.6037557555591 2.8934479865211 4.9421308847627 -4.6032013149076 2.2836963216041
-5.6596924645793 -5.1345486961726 3.2546845539247 -6.0608114274732 -4.6037557555591 2.8934479865211
-0.83608650388467 0.54286571523824 -5.064146569955 -1.4063048105713 0.15470975921723 -5.5021387701608
-1.710101363938 1.4252516923512 4.9635264656503 -2.1041451555962 1.1521942200678 5.724965402519
-3.9432154233124 -5.1646099838769 -0.46437148771636 -4.0275236238247 -5.7034119772669 0.039606169543345
4.3292802074217 -1.1900190176829 -4.0829875806255 4.7472029451628 -0.7946052498066 -3.4998043325692
3.5108206178753 -1.960293868067 -2.7339577100948 2.974544821834 -1.7428676876601 -2.1885966151532
3.0276239255171 -2.673907110266 -3.8153248393959 3.4702772188997 -3.233640730964 -4.176662937479
0.87589623200031 4.0887167911299 -3.6749498935333 0.80096089579661 4.6882823305813 -3.2123474662852
-0.097534018195486 -5.2251447024723 -5.3277878526116 -0.42585944623979 -5.7745397918937 -4.8593418988121
-0.95979080306392 0.10566652620806 4.8413784959391 -1.3738594241311 0.22623184986003 4.197095414079
-1.4059012309954 -1.0826909887452 5.7043458090744 -0.9932243358011 -1.3487381228975 6.3719856113755
-2.4520958648152 0.49264252710061 -4.2857398413744 -3.0665699131678 0.42857060140558 -4.8219679809655
-3.0665699131678 0.42857060140558 -4.8219679809655 -3.7681369928899 0.74680201881313 -5.1633588319744
-1.4063048105713 0.15470975921723 -5.5021387701608 -2.1421551411671 0.36533667337761 -5.5116787455051
3.9332506502252 4.6781112547611 3.9653001003935 4.4952207639328 5.2415404913219 4.1574523411049
3.4559496948272 3.6124545590954 2.8879786176515 3.7675713354046 3.3962566203686 3.5579035600162
2.4153062056175 1.3385179170904 1.3362480226359 2.1042067189839 2.0638325705303 1.2150820791469
0.34396435650539 -3.0615161323921 2.3867677303613 -0.042896887707556 -3.6204832657836 1.9133035944574
-0.87286595326751 -0.75151486244597 -2.2829820987619 -1.5396160111828 -1.1267360173046 -2.3635344814319
-1.449658715996 2.5854771576673 5.0354229236824 -1.267171855767 2.2428318136905 4.3405304191676
-4.0948652180399 1.2513911468472 4.2921992562816 -3.4005589328054 1.4106160815822 4.7647919917603
1.8042460214971 1.448297508719 -4.6351851027364 2.4218970741814 1.2976593790708 -5.0975387905902
-0.14721051049033 4.0295384249514 1.8001093299244 -0.36375559264493 3.7752094262654 2.5291034726013
-1.9360416904183 -1.0958805890145 1.5181924298069 -2.3205708447921 -1.4826879543263 0.9617102440106
-1.9360416904183 -1.0958805890145 1.5181924298069 -1.9947448648537 -1.0480915774565 2.2847827850067
5.6935962316915 0.70665229987614 -3.1675898711054 5.5749071477676 1.1811096979494 -2.5214953208574
3.4266687641681 -5.6543373515138 -4.0298945429748 3.5832548368611 -6.2721138771454 -3.52483641892
4.2244819485547 4.6985282354323 -1.9745998468339 3.4052756612982 4.9011161973288 -2.0471128984172
-5.5529956512278 4.876337311154 -4.4839544402873 -5.6601619181779 4.5429724129221 -3.725827524496
-0.26318753791232 -1.8393032854642 0.98281828232124 -0.83250727701205 -2.462449626591 0.72986567272777
-3.2389920988755 -5.0527810194515 4.4446619472484 -3.2409434201163 -5.259886065097 5.214367243719
-0.96711867974499 3.2794518705656 2.5851501403661 -1.6644626236735 3.3105440866347 2.2026964786316
-1.0204807929676 0.67883871067961 1.6267688484966 -1.3569966452139 -0.0051810967300614 1.7726397071762
-2.3480045893434 -2.3272258378344 4.148774994882 -2.5696766216102 -1.7366859480865 4.6280422251468
-1.8300273268812 -0.0062678900065445 2.3989313850081 -2.4051952925568 0.51574808431354 2.2337042571632
-2.9025250554945 -4.8848965793599 2.6449342393259 -2.7769387978264 -5.5080519323386 2.083025408063
-3.124085820247 -4.2672309099597 1.7232023174328 -3.5159344603781 -3.8901058327441 2.4118356101647
-3.124085820247 -4.2672309099597 1.7232023174328 -2.3580079397391 -4.0309273194063 1.4788062116216
1.9504660000677 -2.3353079760604 -2.6415797833998 1.3729384980375 -1.8599612691146 -2.8634789159342
3.0261615724418 2.7812060214602 -1.7592893937381 2.403287963487 2.368429587878 -1.345478894006
3.8378146730144 0.16249034413487 -1.4332552845016 3.9948184088621 0.923642910719 -1.6509695011625
-4.456402895552 1.2075165661561 -5.2938186734088 -3.7681369928899 0.74680201881313 -5.1633588319744
-2.7548176500817 0.2346255249763 -1.2966598276846 -2.8146281336271 0.019688749949875 -0.44046950556831
-1.8307601945276 -1.0849863890987 -0.46716699477342 -2.5050157859363 -0.71302659954221 -0.21836025697336
1.5654873741323 -3.521479276126 0.63485253687238 1.5331379920077 -2.7811952355646 0.90981600470178
-1.9947448648537 -1.0480915774565 2.2847827850067 -1.2371528504861 -1.3492080429347 2.4050847435051
3.8061649222309 -4.6156799975258 0.31004316202442 3.2584264410511 -4.6255084598294 -0.28902934491519
4.5893381890858 5.654264238776 3.4988477765676 5.3506552250343 5.6296764158476 3.1772082261804
3.2147042620166 -3.0044330522951 1.9955711023074 2.5964989757429 -2.5173450847885 1.8960558711835
5.2391165279614 0.32159947113216 2.7375118956063 5.1401069883485 -0.51862750887524 2.7546481274808
3.0773659505127 -3.4974439385511 2.6438446874817 3.2147042620166 -3.0044330522951 1.9955711023074
3.2325791926575 -1.4935860394988 2.6986554249493 2.6918528491408 -1.7489753117652 2.1431720695364
-1.9443114012194 3.1587569795183 5.3552740080743 -2.1286431983076 3.872915430296 5.089314267083
-3.986079724179 -5.1331009031915 -4.3825399142833 -4.1936767068194 -4.8328857740217 -3.6765884585055
-0.78499369552811 3.4123168151949 -5.2728751812331 -0.049473719079335 3.2367363715298 -5.0256610075089
-1.0740038933522 0.58441784571318 -5.4798563010437 -1.6788268367131 0.98000318420326 -5.746898736492
4.7726923667665 4.2408400879057 -4.8953433859396 5.156717880272 4.9499980637181 -4.8700698375288
-4.3770568021958 4.4207816682215 -4.8551741074764 -4.789932402771 5.0716323557668 -4.7265302405167
1.0836918146883 -1.2989930935563 -4.6201053963951 0.9691905091736 -0.95901798443733 -3.8899988039211
2.9621522304581 0.11929959345707 -1.6082242893249 2.6997489925962 0.85817057491147 -1.7922896531195
-1.3988870073176 3.1312707706379 -3.6526386727383 -1.9212009893441 3.6033792370506 -3.1946079920578
3.4993465846575 -1.0785366152751 -0.55094062002557 3.3653725759399 -0.44245231381284 0.021953711500366
0.80497577987716 1.3664708420858 0.70538581007109 1.1496438372288 0.70936827892953 0.93263222864991
3.6925874431913 0.28374019180022 -0.1196371151154 3.4332893162516 0.36680475312763 -0.90162323996517
-1.919218525315 3.2307465058255 5.0045200910547 -1.4599913767865 3.8757511004186 5.2231644456855
-4.456402895552 1.2075165661561 -5.2938186734088 -4.1275272060979 1.9864645473498 -5.2952474679934
-2.5812893715108 -1.3942991438147 -5.3985528272019 -3.0748649902655 -0.81712071496257 -5.4458128248084
-0.78995921988568 2.6600096223251 3.8423119404375 -0.84236370524698 2.6727885554451 3.0475053715005
-3.3020025109863 3.9000218893698 5.4236794523379 -3.9033750604545 4.347639371771 5.4190034634485
4.7228073521415 4.6443694547944 -3.1378407039324 4.1780245353612 4.6682278169125 -3.6926766067429
-0.87007706056028 -2.4633849609017 2.3424170900283 -1.2255391792294 -1.9764874810326 2.81138569048
-5.5986043802024 -2.1347464184387 4.6018772911984 -6.1783477184349 -1.6982691270471 4.2855090201102
-5.4898187531259 -3.2112658601242 -5.7004629941485 -5.0510338110463 -3.4202046968452 -5.1003596864066
1.4060214599111 -1.2047799050202 2.0932001960932 2.2352192895278 -1.138212342651 1.867462698215
5.3809480696029 -3.8717477876741 3.1724487539424 5.1864165727461 -3.7350451515295 3.9255205625118
2.4159215791566 4.7746671271817 -3.1241379667072 2.1465129937944 5.373030765033 -3.7018779644311
0.23761495425289 5.4176089584866 -4.384553672779 -0.42585944623979 5.6654602081063 -4.8593418988121
1.1318279531826 5.4134653310719 3.9097585338865 0.64676105075965 5.2096838663937 3.2155723845523
1.7347518667851 2.3201337443663 1.8723449383393 2.1282415112765 2.3170577935198 2.6296849818902
-1.0667030754047 1.4390888362724 1.3195954196334 -1.5981155789897 1.976187128609 1.5985566969079
-0.60960976346667 -4.9330109562454 -2.7510835174898 -0.93443732944426 -4.1951019843214 -2.7452651223175
0.71292492076334 -2.2805145148964 -2.7124520464322 0.32811889971793 -2.8808494148359 -3.0473329658089
0.32811889971793 -2.8808494148359 -3.0473329658089 -0.15365103243072 -2.9669368940808 -3.6957287830734
-2.1019356409705 -3.297533787042 2.5950545314246 -2.5092731995277 -3.1788687285777 1.9417550168126
-3.9161765688902 -2.348036873802 -0.51519936581889 -3.6158408231642 -3.0384218017559 -0.68193211426748
3.087075150256 4.1711392589904 -5.0219388032895 3.1588110680415 4.4246270364999 -5.7012770228249
4.1780245353612 4.6682278169125 -3.6926766067429 3.5832548368611 5.1678861228546 -3.52483641892
-2.9765450354115 5.016890451566 0.77641493387853 -3.3582723028039 4.2565871673743 0.47751924776517
1.4344829884133 -3.947828738239 4.8282593647493 0.68927485293331 -3.8343582206893 4.5950557995051
0.90629192541609 5.3362391693379 4.7182688863935 1.6676561479831 5.1343779532887 4.3919366876634
-2.149831535084 5.3617556845766 -0.38280489445073 -1.8162299963634 4.8052952370381 -0.89278533711325
-3.5795277195467 2.8352766832117 -0.62110799944527 -3.2504713493486 3.5562732818828 -0.77335566633085
3.7698474830545 2.6325291871188 3.8973550628999 3.7675713354046 3.3962566203686 3.5579035600162
-1.1747437845611 3.5867049071651 0.81238524931391 -1.6348350277737 3.1683984882404 1.3672308221136
-2.5802052444529 2.0379620879373 3.3399496297945 -2.8175403938688 2.7643165696126 2.8805038013347
3.2100354177493 1.1295601419287 4.7975955088974 3.3843388740225 0.37346078023043 4.9922204722703
4.6970687084684 -2.4957314637484 5.2176424207847 4.4836048594114 -2.8944129857713 4.5555096189748
-2.2069943977886 0.59840152450374 3.4322236981792 -1.6219902302842 0.75883942363855 4.0787870003717
-2.5696766216102 -1.7366859480865 4.6280422251468 -2.21805884358 -1.0417854412448 4.4549273125765
-1.6219902302842 0.75883942363855 4.0787870003717 -1.2327164346509 0.13612218612065 4.6221381833825
-4.3967356932491 3.489869553473 -2.5232966284557 -3.7855794722211 3.9568986076022 -2.2653523455498
-3.1869749739878 -4.9463227794403 -0.48664572277023 -2.4119744911194 -5.2649843418803 -0.44021373456035
-5.5986043802024 -2.1347464184387 4.6018772911984 -5.149002600139 -2.1288125084609 3.985537741938
2.0689235582063 -2.7813750045748 4.474730997344 2.2032300083758 -3.1194460903918 3.7833447044539
3.4789305733131 -2.4201467443579 3.6085101417858 2.9474944569373 -3.0339400379466 3.3501139141687
-5.2581417615529 0.94626089414619 -5.4519624926284 -4.456402895552 1.2075165661561 -5.2938186734088
-3.5812612276488 -3.0327703125371 4.1911598986061 -4.2101063076738 -3.6074474243157 3.9191372455991
-5.3271468497319 0.24646828935761 -5.2957470416241 -5.1836627694301 0.34039067552695 -4.4515104213771
3.1641732978288 -0.028400399709565 5.6837018678074 3.3947759232895 0.3787167710753 6.3242005818845
0.56635835019062 -2.4487876212719 4.2416091490478 -0.14578754804387 -2.1158735843419 4.3846222145443
5.6481592589339 -0.7680537711373 5.3487868175999 6.2950509475052 -1.1916978747307 5.4637020693329
-4.4038154823855 0.010472361773093 5.3390018938498 -5.1103446129298 0.39160548721012 5.3397056807088
3.4194738240585 -0.75324552819979 -1.2883825765186 2.9506645250379 -1.0709118840514 -1.7792302747435
3.0649717172362 -2.4167695253916 -0.85920077329924 3.2913524284037 -3.0383017665312 -0.55507415939525
-3.5298640669687 -4.8906520923607 1.2851167688423 -3.9293054265401 -4.2754606156108 0.87710382678827
-3.5969492137284 -4.4868546390721 2.9206517951022 -4.2531550923091 -4.408560560545 3.4958242319593
-4.6429419979853 -4.0030363580068 1.7865843078586 -4.9221708836001 -4.3360900022297 1.1966228545465
2.7674490950251 -0.63964523889259 1.4626265345328 2.2352192895278 -1.138212342651 1.867462698215
1.1496438372288 0.70936827892953 0.93263222864991 1.9706523325219 0.77023597396865 0.92362117391462
1.9706523325219 0.77023597396865 0.92362117391462 2.4153062056175 1.3385179170904 1.3362480226359
-4.4828626067594 4.6306585761116 1.9958473362869 -4.6951325900389 4.0231717227383 2.5192838283888
-5.5124930148691 3.9458289488196 4.5872515054741 -5.4274337776526 3.4344687999866 5.3135800452453
3.905719571819 1.7144826015225 -4.95962836696 3.232680971905 1.1648066402271 -5.036487445191
3.2752098543394 2.5841103633288 4.6107807983622 3.7698474830545 2.6325291871188 3.8973550628999
3.9757413982578 2.5447797015457 -5.439826680344 4.8683491800037 2.419432852525 -5.5468840285864
2.2201914199457 1.3371612348917 5.6059891966607 2.4218970741814 1.2976593790708 6.3424612094098
1.3931549938521 2.1197957843193 -4.8074363066143 1.5823283456485 2.6618315389417 -4.2632979263458
1.3550383009956 2.0544129731099 5.2231028685976 0.86481144380644 2.1507966217349 5.9098186185338
-0.15365103243072 -2.9669368940808 -3.6957287830734 -0.86112803981611 -3.1299037926374 -3.4633666913151
1.4988580092887 -4.7674788028546 4.5546493865643 1.237838432678 -4.1426229139875 4.183741027118
-2.9629616153051 2.8420767497882 -3.8457170407893 -2.5002741035228 2.9564093988615 -4.5075237740035
-2.7273925805345 1.4387940777107 -2.3676616786165 -2.4405532570343 1.8885980811818 -2.9843368314978
0.17457470611644 -0.83712291518202 3.6774147950979 0.099350970513388 -0.011098312294458 3.8257342889962
1.6331885539943 4.2042781381246 -1.4110243569545 2.3439769544379 4.3797566871052 -1.0100215796285
0.80096089579661 4.6882823305813 -3.2123474662852 0.74826280879976 5.26375313619 -3.7201361278498
-0.69029066199267 3.3747751167739 0.13967827597417 -0.1294987493277 2.7993855037014 0.0069646410743697
-1.8120633626112 -1.8554007672994 -0.76712941726848 -1.8307601945276 -1.0849863890987 -0.46716699477342
1.8042460214971 1.448297508719 -4.6351851027364 1.5928889062705 0.93565097429356 -4.050295285336
4.8575018766896 1.3387295981894 5.2685987839937 4.3153320214812 1.8703705423882 5.1307716748621
-5.5072064467497 0.42732327001284 5.3212370218106 -5.2663342567174 -0.2419642026082 4.8716108761443
-4.6156017388927 -0.43210359378107 4.3328939682734 -5.2663342567174 -0.2419642026082 4.8716108761443
2.974544821834 -1.7428676876601 -2.1885966151532 2.9506645250379 -1.0709118840514 -1.7792302747435
2.2667904671328 -4.6233314382576 2.3045900918456 3.0344829928436 -4.3148348590191 2.5163380071527
-1.0050546447501 4.155804893037 4.6658733241519 -0.40490784655675 4.6408186410043 4.9339390659029
-2.4806911699834 4.0750769273168 3.1082519333803 -2.7973201860068 4.8033348588062 2.8500063794483
4.4413638766174 1.6615485799929 -4.2880292094793 4.483511784 2.0544233876827 -3.5548808276117
3.4204207856929 2.2456917490382 5.3561291906492 3.2752098543394 2.5841103633288 4.6107807983622
-5.4946026744043 1.6203637141368 3.507266165248 -4.9430246725826 1.2908507253767 4.1145911532132
3.9283907949527 -5.4533296507746 3.1048951281684 4.5893381890858 -5.785735761224 3.4988477765676
4.5294392051289 5.5867021192205 5.4662038652609 4.9685568761515 5.4506939032478 4.7724694144294
-1.1495607280602 -0.71873123624762 -0.36780947332673 -1.8307601945276 -1.0849863890987 -0.46716699477342
-0.2759060248396 -2.8744018836641 0.61797527373224 0.019023542887492 -3.53464511701 1.1119763616404
1.3267896059097 -1.0659658390424 -3.1867818238022 1.3729384980375 -1.8599612691146 -2.8634789159342
-2.4349075136848 3.0074327517278 3.9999227038476 -2.7158311260284 3.0898934814533 4.727247813179
0.80497577987716 1.3664708420858 0.70538581007109 0.22572701364536 1.688216573984 1.1133011275469
-2.7973201860068 4.8033348588062 2.8500063794483 -3.5336565185058 5.163949391032 2.8986542760383
-2.4005835695839 -2.4714880688475 -5.1723967491243 -1.765779606295 -2.9734065305762 -5.1442223564036
-1.765779606295 -2.9734065305762 -5.1442223564036 -1.0058771102978 -2.7737220976918 -5.3947588450307
-2.6239878205745 -3.577711926509 4.7766792496734 -3.0628770474559 -3.3556156458735 5.4791218153712
1.8082324253063 -3.5484093893937 -2.5171704286377 2.2836465780481 -3.6642670255619 -1.8732303109665
2.0003592045131 -3.2655102134946 -1.2612629301531 2.447550881803 -2.6014341826235 -1.3402138533678
1.1330822402179 -4.1080299565184 2.5031583514155 0.96270915029433 -3.4560574561142 2.8845658318486
0.18143792792902 -5.579962963931 2.0851298870994 0.71418629337767 -6.1104240600053 2.3971011357628
-2.782566270789 -0.72693648399211 4.0406346154655 -3.4885396518146 -1.1010637894026 4.2097622195579
-4.2397369714378 -3.5340514848117 -0.58282316567997 -4.754809384632 -3.3944583600699 -1.1929363834903
-2.2069943977886 0.59840152450374 3.4322236981792 -2.4698270649087 1.3199455486156 2.9429827358012
4.5683365358394 -2.5629237948911 1.9049405803064 3.896449870011 -2.9218446203159 1.4936122586105
3.0649717172362 -2.4167695253916 -0.85920077329924 2.447550881803 -2.6014341826235 -1.3402138533678
-0.35542888114819 -4.6836528221423 -0.64526597359536 -0.93375430083646 -5.011558165628 -1.0611029337453
-0.87007706056028 -2.4633849609017 2.3424170900283 -0.13717573973251 -2.445617069498 2.0896719761366
-0.13352893798164 -2.0921306681563 0.82088784798851 -0.2759060248396 -2.8744018836641 0.61797527373224
0.34396435650539 -3.0615161323921 2.3867677303613 0.96270915029433 -3.4560574561142 2.8845658318486
-0.56991310290579 4.8003641588738 5.2878963189331 -1.1170115695367 4.5323597513647 4.782216273783
1.0312251245791 -5.1122556154591 3.4818516948616 1.7539228957228 -5.423963087002 3.3432061073336
1.214458865212 5.3626211243267 -5.5297890023014 0.96687008787421 4.9794546270257 -6.1269575895769
-1.4059012309954 -1.0826909887452 5.7043458090744 -2.0343517526215 -1.5409178194279 5.4510246885571
-1.0058771102978 -2.7737220976918 -5.3947588450307 -0.93529903841305 -2.9739666945794 -6.1222528600421
-0.8823832890433 -0.78677073250908 -3.9773195875615 -0.26116997390033 -0.75190550775312 -3.4578944020158
3.1813004841318 1.9922779381334 -0.26501953656281 2.7403343683594 1.6958047843438 -0.87289400014845
-0.68928532972099 2.8059896931562 -1.7924627959949 -0.10097575951942 2.2767963375004 -1.6891077513611
-4.2101063076738 -3.6074474243157 3.9191372455991 -4.9627036537812 -3.2373638795746 4.0223390573976
-3.821744139372 0.90583370852306 1.7212890420593 -4.4136560343159 0.66467325426013 2.2894951059125
-3.7974254645805 1.877741042073 -4.5968210090678 -4.1275272060979 1.9864645473498 -5.2952474679934
0.52240916522941 2.3668286770354 -1.0487429371501 0.98058008597317 1.7174821538908 -0.74301343215412
-2.9765450354115 5.016890451566 0.77641493387853 -3.4294014980805 5.5943264768994 1.3658918066827
-4.6724464463898 -4.9578299073419 -0.68534409837176 -5.3390032456676 -5.2676879388325 -0.96495626312166
-2.7112689628808 -3.8003009612927 0.14517172193249 -2.064919120719 -3.4474499121822 0.46361393956995
0.52008069209023 -4.9492881951385 -2.0909266437421 0.62849606275061 -5.1511100356922 -1.3358999555696
-2.1630996498462 -5.1841544164582 -2.178578951632 -1.6826136373436 -5.8000011667793 -2.1804355657657
4.265528243174 -2.1924208250562 -1.1232422093583 4.4198474844914 -1.7444530772028 -1.7832653479162
-3.5969492137284 -4.4868546390721 2.9206517951022 -3.5159344603781 -3.8901058327441 2.4118356101647
-5.5390818274925 -2.4375207593591 5.4011239897053 -5.5986043802024 -2.1347464184387 4.6018772911984
5.6171249726102 -0.87074061797574 5.0088939132793 5.8052540147532 -1.6583573919023 4.9508194201044
0.97501607861703 2.5064392725413 1.6086781941397 0.36368426504278 2.0038456323925 1.8197704953385
-2.023023191473 -0.80744410872505 -3.5037206390138 -2.118659160019 -0.79204291821442 -2.7444190038004
-2.5092731995277 -3.1788687285777 1.9417550168126 -2.2878893342272 -3.27437531276 1.2078103080803
-2.0524191689683 -2.761598225128 3.1491937681613 -2.1019356409705 -3.297533787042 2.5950545314246
-4.3849576105521 -2.4016283524687 1.7734314248919 -3.9357584726977 -3.0488342940925 1.7196565970542
2.9188677849399 3.3365886548959 -0.21886972893119 2.3102012051548 3.8783258508457 -0.32705086627876
1.6331885539943 4.2042781381246 -1.4110243569545 1.5787696494971 4.2400426531667 -2.2058829049386
3.6107037047797 -1.4637275545652 -3.9465267685811 3.0725131659446 -1.0394339384756 -4.3160949577438
-0.14578754804387 -2.1158735843419 4.3846222145443 -0.78477937270532 -2.4627098484394 4.7416048855068
-1.6170340638847 -0.57153933013399 4.3459325826453 -1.4033327913927 -0.91535625681522 3.6464462094514
2.2352192895278 -1.138212342651 1.867462698215 2.6918528491408 -1.7489753117652 2.1431720695364
-1.0796081267782 -3.6519966913598 4.9871417859359 -0.93529903841305 -2.9739666945794 5.3177471399579
-5.1086070705987 -2.7743463325444 2.9733982667508 -4.4579303001522 -2.720973386758 2.5045042422642
1.6993152273653 4.7249412241869 5.3407165566659 0.96687008787421 4.9794546270257 5.3130424104231
-0.54906476384423 -4.3638585184643 3.5154867711828 -0.18881598665017 -4.4095105392356 4.2679654836141
3.9277864861965 0.042632073319216 -2.5071111571134 3.6685296886699 -0.046389816903839 -1.6247114342139
3.2584264410511 -4.6255084598294 -0.28902934491519 3.417924184368 -5.0431917574409 -0.99958449120023
-5.0589929333902 -2.4855297115172 3.7650933165688 -5.0497434345964 -1.8424725292547 4.3808625312515
-5.2663342567174 -0.2419642026082 4.8716108761443 -5.8228750273898 -0.87074061797574 5.0088939132793
3.4163079822324 0.49001585894236 -3.0234015155961 2.879215780661 0.22857906322627 -3.5856781573033
2.1093975684567 0.52308442258629 -3.547087139114 2.879215780661 0.22857906322627 -3.5856781573033
0.18143792792902 -5.579962963931 2.0851298870994 -0.34041670382048 -5.77990800744 1.5505443581337
-0.93375430083646 -5.011558165628 -1.0611029337453 -1.6476803063704 -4.7189306451229 -1.4744052419992
-4.2276832991599 0.10700408623323 3.6850327979497 -4.6156017388927 -0.43210359378107 4.3328939682734
-1.2825309361022 -0.69917894241968 1.4291798367647 -0.65310323692089 -1.0447833997649 1.0315153546534
-3.4294014980805 5.5943264768994 1.3658918066827 -3.8002177986876 5.1561686219993 2.0753202092316
-3.5336565185058 5.163949391032 2.8986542760383 -3.8002177986876 5.1561686219993 2.0753202092316
5.3803678099334 5.3747890759264 0.77729240533289 5.5851795572786 4.9312283458595 1.4755325823795
-3.2862130744539 -1.8147121567095 4.036911757178 -2.9299475733364 -2.419915229891 4.4035693602773
5.4266665236577 -0.95005430580302 4.5777635146317 5.6481592589339 -0.7680537711373 5.3487868175999
-1.8300273268812 -0.0062678900065445 2.3989313850081 -1.5691848084713 -0.41600301257855 3.0632343256369
5.3970966861219 -2.1364955697199 5.5233817493413 5.8052540147532 -1.6583573919023 4.9508194201044
3.8388040565603 -1.6344491170486 5.5875705673749 4.0574409430331 -2.4003407903603 5.6319848818692
-0.9932243358011 -1.3487381228975 -5.0680143886245 -0.26821043725099 -1.6494863280424 -5.0634094617888
4.8683491800037 2.419432852525 -5.5468840285864 5.1221056601716 1.6508893114762 -5.5448559029036
-4.6624933115886 3.3105082378155 5.6038018846159 -4.37160202445 4.0037732407938 5.9289338546158
-4.6189400017874 -4.6299027246251 5.6188685181344 -4.3276034994113 -5.3259961517406 5.8922583441034
-2.4185621278314 2.4205824035478 -5.1129910738388 -2.458102746468 2.4978877840659 -5.9516241158001
-4.6468998334988 -3.2370935716463 -1.9774894110373 -4.754809384632 -3.3944583600699 -1.1929363834903
5.1028530596065 -1.5299253616881 -0.8457104786882 5.6138588698472 -1.9484838935521 -0.43256512610541
-1.1604697071019 1.2629835706668 -3.3007894064567 -0.76827227760742 1.2128602954103 -4.0599884474641
-1.7432129773315 3.9802430867935 4.4006674698391 -2.2271837885162 3.7880193549086 3.788456781527
-0.20487968478534 -0.51186393752855 -1.3138549105647 0.59193232227049 -0.50139552632581 -1.2605440115865
4.4814213657782 2.3773626624508 2.134059003903 4.5875079887574 3.1421287066198 2.2602380832242
3.4702772188997 -3.233640730964 -4.176662937479 3.3554296244203 -3.3630421742558 -4.9699491096826
5.3683624060363 -4.9791556627469 -3.0853918708662 5.6749184788072 -5.7386357158659 -2.8897927862371
4.9250601616241 3.562402627435 -2.3824387812188 4.6015082131762 4.267513316354 -2.4737231777277
-4.8784548680637 -0.95944474953457 3.2985803337384 -4.762342715072 -1.4173628522709 3.8943918400367
-5.6596924645793 -5.1345486961726 3.2546845539247 -6.0893447749657 -5.8103235841524 3.1772082261804
-2.891116149462 -2.6002027293766 5.6198031207527 -3.1227373357394 -1.9520245479179 5.1272564167784
3.1448473820648 4.9734267650532 -2.8602731340902 3.4052756612982 4.9011161973288 -2.0471128984172
-3.2858944958046 -3.9808593662395 -4.6788774336937 -3.5740773615413 -3.7291529077116 -5.4078854433951
-0.40892194486489 0.63140993034236 4.7878698020738 0.31522882847428 0.39727562075637 4.4910191933035
-1.8300273268812 -0.0062678900065445 2.3989313850081 -1.3569966452139 -0.0051810967300613 1.7726397071762
-0.73027967005522 -4.1502946811584 -1.2123180871753 -0.6203628679545 -3.4275790745943 -0.70595826216657
-0.93443732944426 -4.1951019843214 -2.7452651223175 -0.87945459728748 -3.7902128335619 -1.9789591271507
2.3696961964167 4.7226025603302 3.6944448650224 2.2891639157352 4.3385178543809 2.9608376743896
0.78123895868001 4.0711853205745 5.16895410893 1.1649196088848 4.0892837709209 4.4171522816286
5.5936430750576 3.6650922898084 3.1184669889072 5.4368294398208 3.6865220896181 3.9449119112621
-0.45693312288196 -4.2754920800581 2.1353085279968 -0.042896887707556 -3.6204832657836 1.9133035944574
-2.5106896116201 -3.3345914935013 -2.7940583760211 -2.8343990879069 -2.8785699882176 -2.2356205097041
-2.9744152210181 2.2938827825187 -0.49553158537671 -2.4102030280709 2.0446650542836 -0.98887905647095
-4.1829683628822 -1.2299528446825 -4.9073230254647 -4.5190920366439 -1.8452604206801 -4.4334946834795
-4.291342246795 -0.60358397290026 -4.4684635897882 -4.1829683628822 -1.2299528446825 -4.9073230254647
-5.6683117147908 -2.9648156974713 -4.7408477423406 -5.8643838171599 -2.2174736865784 -5.0795608754839
4.7268459979301 -1.9236787779495 2.3545661286721 4.5915575122767 -1.1268534021184 2.4623983052505
4.8094466079146 -2.1582049150071 3.7448338877741 4.1802752684366 -2.4954228738122 3.9674342746831
-3.9027319834834 4.1760126557722 -4.2634723143203 -4.1303788662593 3.5900004524386 -3.7897857243494
1.6993152273653 4.7249412241869 5.3407165566659 2.0340182072823 5.0036354867206 6.0197641200503
2.5689136546464 5.5540770912393 -5.2063049479459 3.1685505542858 5.1985907757612 -5.6704549062955
-1.458266914755 -4.2431403193649 -2.1299876950301 -0.64344463870157 -4.2480157765862 -2.1228278873104
-0.31935363888126 -4.993918404749 -2.1181436251133 -0.64344463870157 -4.2480157765862 -2.1228278873104
0.0017226556690273 -3.5680999384448 -1.1826946438326 0.68343264793091 -3.8142821524519 -0.93332886038501
-2.540783390124 3.3022873767957 -2.7760491987553 -2.6408531692436 2.6477953007639 -3.1693536914335
-0.85072047519442 5.1436947657877 -5.2490335881891 -0.93289439509536 4.6286720195007 -4.5996980050181
5.703440007118 -1.4676784084485 -4.8086814145775 5.184592567863 -0.75251708483416 -4.7989621355361
1.3461151095557 2.4648517838575 0.13175828428006 2.0970943794903 2.3980293698298 0.48984946015133
0.88487862620766 4.4126084499936 -2.474326783193 0.35123468629299 4.1302000123649 -1.9961891857896
3.1588110680415 4.4246270364999 -5.7012770228249 3.1720314611213 3.8493484177706 -6.237426265184
5.1400712193192 2.4589257222675 -3.147583102189 5.3357509621421 3.2504681325061 -2.99415059965
-4.393472500802 -5.641515630089 -4.8496826248631 -4.789932402771 -6.3683676442332 -4.7265302405167
-0.4242835468007 -2.4302604165295 -4.9776337528196 -0.26821043725099 -1.6494863280424 -5.0634094617888
-4.2531550923091 -4.408560560545 3.4958242319593 -4.2101063076738 -3.6074474243157 3.9191372455991
1.5576845577483 2.7043683494272 -1.4832174454405 0.92518933780067 3.197165830648 -0.98454275174639
-1.8162299963634 4.8052952370381 -0.89278533711325 -1.0899647016187 4.992813640179 -1.2193299625938
-5.370972341324 -2.0522170238325 -3.3496677270054 -5.4923509554936 -1.3878137612747 -2.9611035556177
1.1649196088848 4.0892837709209 4.4171522816286 1.5919521972686 4.7247805251675 4.0372704063142
-1.4249743861965 2.7291517179808 -4.4279909212988 -1.0829950439614 3.193650794347 -5.055880763136
4.1011103464988 2.2467896079443 -5.5848118166055 4.2190444361056 3.0772169036816 -5.7226277914193
-2.9268481770411 -5.1520801943798 -3.2682238031454 -2.7703590992437 -5.64058494761 -3.8620155982657
-2.7703590992437 -5.64058494761 -3.8620155982657 -2.7963750199876 -6.3841950289964 -3.7262302736824
-1.2191520181985 -0.09752419635606 -4.2163566432876 -1.9902928446097 -0.12795363083745 -3.9660119355351
5.4266665236577 -0.95005430580302 4.5777635146317 5.5527939662814 -0.4071792391847 3.9985690822825
-2.21805884358 -1.0417854412448 4.4549273125765 -2.782566270789 -0.72693648399211 4.0406346154655
4.5683365358394 -2.5629237948911 1.9049405803064 4.7268459979301 -1.9236787779495 2.3545661286721
0.95772973712772 -1.8987421091384 3.3948592135778 0.85693027563015 -2.5931053068284 2.890313554217
0.36333711793087 1.4388535905544 -3.6208715893046 -0.17121147109922 1.8066289816463 -4.0851750982356
5.156717880272 4.9499980637181 -4.8700698375288 5.8870043487722 4.876337311154 -4.4839544402873
4.7726923667665 4.2408400879057 -4.8953433859396 4.2108573203107 4.2309670992365 -4.3892990910083
3.2680610768699 -5.2645253041102 4.9762387623285 3.7089567171943 -5.7801955564689 5.3805688633697
2.1028635152326 2.9392335023566 3.1384340083219 2.6006819736797 3.6077110430062 2.9732775505893
2.1028635152326 2.9392335023566 3.1384340083219 1.6254074507826 2.9668715853561 3.8857257548076
-2.0440565703674 4.0611893724257 -1.0995535098069 -2.7498456932032 3.7465548191022 -1.3676172482703
-2.4617881780528 -4.9382894524477 -1.5066419685081 -3.0855714180596 -5.3316917907691 -1.9383707568965
-4.2947052790265 5.0718424814319 -0.32375802529643 -4.0275236238247 5.7365880227331 0.039606169543345
1.0409187314933 -5.1149595049615 -3.3038628025816 0.56402484753946 -4.8661610630963 -3.7883645443175
-2.4073105584315 1.0476783531226 4.0376761192239 -2.0771942779767 1.7079601865174 4.2428326760377
-2.2681225610645 2.2506622184208 3.6479010439846 -2.0771942779767 1.7079601865174 4.2428326760377
4.7447924318735 4.4352275545348 -0.19196591230453 4.3869283312333 3.759992574061 -0.34536434206295
3.6521137684425 3.4379045859307 -0.51496260243881 3.6525711787344 2.9883299870747 -1.2365880632626
5.56997066119 0.37358764590848 4.0392299639475 5.5527939662814 -0.4071792391847 3.9985690822825
0.39672555754637 3.8987852479716 -1.2056779795843 0.92518933780067 3.197165830648 -0.98454275174639
-0.1294987493277 2.7993855037014 0.0069646410743697 0.70832650880148 2.8441287128125 -0.23742833379421
-0.255782496687 0.90504471585717 2.6327452488137 -0.18743692385155 1.6604111292518 2.3712620288653
3.382297852905 -2.0340955267679 -3.4991704188838 3.6107037047797 -1.4637275545652 -3.9465267685811
1.5576845577483 2.7043683494272 -1.4832174454405 1.4193641848704 2.4274067570685 -2.2795118034027
-5.3623118602944 3.6531121877925 -1.148055820978 -5.3845893900804 4.4526192819651 -0.97313775620655
0.2138448607781 -0.31759187131964 -5.3497277275459 0.37078910968799 -1.1108462023946 -5.0461438519804
-2.006391956212 -2.3890583251249 -3.5706303803212 -1.8342097921903 -1.5747235408018 -3.7984601517058
-1.152955171982 3.9303732196711 -5.4580799088743 -1.4599913767865 3.8757511004186 -6.2168355543145
4.5709885539112 1.9575822647127 -1.083586766563 4.6681354619893 1.2730707430865 -1.4770753448326
-2.9268481770411 -5.1520801943798 -3.2682238031454 -2.4414321572516 -4.7498548579465 -2.77080193527
-4.7883024399526 -4.3228022865174 -3.5690981500877 -5.6083180882312 -4.4868240180675 -3.6062624614264
-1.6592616758937 1.5890084683141 4.194682451209 -1.6219902302842 0.75883942363855 4.0787870003717
-4.4343885882123 -3.8345308511633 3.169673946821 -3.966223411588 -4.3978722134482 3.4864951289313
-4.4579303001522 -2.720973386758 2.5045042422642 -3.7931560934237 -3.1425705573559 2.778889777529
-4.9430246725826 1.2908507253767 4.1145911532132 -4.0948652180399 1.2513911468472 4.2921992562816
-4.4136560343159 0.66467325426013 2.2894951059125 -4.2850163543157 0.017693675826665 2.8577951496926
2.8926012968831 2.8696804642641 -2.6025189258375 2.2467960769353 3.289312663788 -2.7554787552467
-3.3020025109863 3.9000218893698 5.4236794523379 -3.3666173302539 3.1169699636804 5.2535059672712
3.4175416991523 1.5040216643577 4.1407528395406 3.2100354177493 1.1295601419287 4.7975955088974
-0.93289439509536 4.6286720195007 -4.5996980050181 -1.2552537217816 3.874682147796 -4.7838342203056
-2.6299828098958 -5.4379907240409 -4.591296129156 -2.0433784266193 -5.9882444064312 -4.9404599996803
-0.24113406257613 4.3281304904469 -0.78764577426857 -0.54376829362871 5.1151696010467 -0.59128604910586
-1.8808141991295 -4.6842510269609 -0.18635781161486 -2.3522849388334 -4.4712217967826 0.36839318279429
-3.2526781727244 -3.1239526403484 2.1142896048128 -2.5092731995277 -3.1788687285777 1.9417550168126
-4.0801449072692 -4.2238773626188 0.086098500514088 -3.306064293258 -4.243991222452 -0.13403401581534
-0.13785884024762 0.1700617741969 -4.8023607749517 0.2138448607781 -0.31759187131964 -5.3497277275459
4.4198474844914 -1.7444530772028 -1.7832653479162 4.6635136993879 -1.1330343604553 -1.3714626399289
-2.3522849388334 -4.4712217967826 0.36839318279429 -2.7112689628808 -3.8003009612927 0.14517172193249
4.2879070888307 2.0804857973521 3.423187029833 3.7698474830545 2.6325291871188 3.8973550628999
-2.8063297563196 1.9816116558449 4.8661829264558 -3.4005589328054 1.4106160815822 4.7647919917603
-0.78477937270532 -2.4627098484394 4.7416048855068 -1.456231472487 -2.2886446307865 4.31735965827
1.633515397266 -4.7692536444986 4.85914522235 1.1410881713082 -5.3371501032597 4.4514553654624
-1.0653464447521 5.6240875688921 3.0334779838728 -1.4759749733208 5.3634007982936 2.3836502305387
-2.1686416823801 5.0997044417706 0.38722456107075 -2.149831535084 5.3617556845766 -0.38280489445073
-0.34041670382048 5.66009199256 1.5505443581337 -0.89936284383574 5.1816678704918 1.8438748190262
3.9283907949527 -5.4533296507746 3.1048951281684 3.6669822281178 -4.8536654809163 2.6038417368767
-4.9762169696968 -4.9283898239467 3.6942338968164 -5.6596924645793 -5.1345486961726 3.2546845539247
-3.306064293258 -4.243991222452 -0.13403401581534 -3.1869749739878 -4.9463227794403 -0.48664572277023
-0.095825498362142 2.606538482996 -4.41347053941 -0.049473719079335 3.2367363715298 -5.0256610075089
-1.5691848084713 -0.41600301257855 3.0632343256369 -1.4033327913927 -0.91535625681522 3.6464462094514
-0.93529903841305 -2.9739666945794 5.3177471399579 -0.78477937270532 -2.4627098484394 4.7416048855068
-2.5812893715108 -1.3942991438147 -5.3985528272019 -2.0343517526215 -1.5409178194279 -5.9889753114429
-3.1042572853287 -1.5602966006264 -4.1080185394837 -3.6050463514638 -2.030627757212 -3.711503716833
-1.0058771102978 -2.7737220976918 -5.3947588450307 -0.4242835468007 -2.4302604165295 -4.9776337528196
5.4167881373051 4.9977129275082 -3.2421110311629 4.7228073521415 4.6443694547944 -3.1378407039324
-4.1936767068194 -4.8328857740217 -3.6765884585055 -3.6950840488208 -5.1131743496615 -3.1249018724435
-5.3390032456676 -5.2676879388325 -0.96495626312166 -5.8469980321978 -4.9383686951799 -0.3951597495081
3.8061649222309 -4.6156799975258 0.31004316202442 4.0453155832071 -5.2348852259995 0.71428741675049
-0.71838277738264 -5.4029191138929 -2.0406440675528 -0.60960976346667 -4.9330109562454 -2.7510835174898
-0.86112803981611 -3.1299037926374 -3.4633666913151 -1.097925012911 -3.8560156835966 -3.5151368137847
-2.023023191473 -0.80744410872505 -3.5037206390138 -1.9902928446097 -0.12795363083745 -3.9660119355351
-3.7479512728719 -5.1571695204807 3.8127930618136 -3.966223411588 -4.3978722134482 3.4864951289313
-4.1611666816402 -0.73880907470077 2.9277655434267 -4.2850163543157 0.017693675826665 2.8577951496926
-3.7931560934237 -3.1425705573559 2.778889777529 -3.5159344603781 -3.8901058327441 2.4118356101647
-5.1176400922188 -4.6689188851987 4.9958351369593 -5.2283042440463 -5.2226239802297 4.4327944742132
2.8609511952267 -0.83292663949293 -5.5605245525754 2.506671517635 -1.2179136010761 -4.8731596906954
2.4377241179238 5.4076356680094 2.4275436242559 3.210337487071 5.3346637805516 2.3621223290141
3.2325791926575 -1.4935860394988 2.6986554249493 3.7727097135173 -1.0078615202175 2.3807320668409
3.3951012074449 1.0658229901525 -2.1214700941127 2.6997489925962 0.85817057491147 -1.7922896531195
-1.1659347417724 -4.6338657683486 5.3032613087258 -1.7706207854786 -4.7316737218013 5.8038816954702
-2.0433784266193 5.4517555935688 -4.9404599996803 -1.1930138376431 5.3785097746984 -5.0350621868585
0.87589623200031 4.0887167911299 -3.6749498935333 1.2737167007109 4.0854752371144 -4.3134555752182
2.0296740930784 -5.7194077239925 4.0222193737791 1.7539228957228 -5.423963087002 3.3432061073336
1.9835288465535 3.8392631290154 -4.4979608263778 2.3635908292225 4.3619038066269 -4.9386927301917
3.6178333701354 -1.8430422225006 -0.79400176713148 3.4993465846575 -1.0785366152751 -0.55094062002557
-2.1786640223995 -4.5960394800939 2.8858112262634 -1.8629526457273 -4.0141848138074 2.5443049218804
3.2913524284037 -3.0383017665312 -0.55507415939525 3.9528239775712 -3.0352052623346 -0.15381771853314
4.9681397222561 -4.4445867364433 -4.8340980289388 5.3819380640992 -4.139947394399 -4.2022518855118
0.88253950380368 5.0693081524129 -0.26345504735041 0.44114917510393 4.611751888078 -0.76075004150274
-2.9937370251408 3.6470603458493 -2.1534712155259 -2.7498456932032 3.7465548191022 -1.3676172482703
-2.3317311574994 -4.3221222337951 -5.2676537418383 -2.6248297874886 -4.9996572443386 -5.6856796585774
4.9358754297238 1.1761369126709 1.6489755304306 4.2637581757774 0.93795455671483 1.2130793621227
5.5527939662814 -0.4071792391847 3.9985690822825 5.7763610418411 -0.67787124851342 3.2668554769797
4.5280733859014 -0.16722297338148 -3.0683578578663 4.7472029451628 -0.7946052498066 -3.4998043325692
3.3653725759399 -0.44245231381284 0.021953711500366 3.6925874431913 0.28374019180022 -0.1196371151154
5.3970966861219 -2.1364955697199 5.5233817493413 5.5756161828401 -2.2174736865784 6.3604391245161
-4.7368744025475 2.8565113690075 -2.1616337365509 -4.3967356932491 3.489869553473 -2.5232966284557
-0.69029066199267 3.3747751167739 0.13967827597417 -0.78767592377458 3.7765687282518 -0.53497974937227
-3.2858944958046 -3.9808593662395 -4.6788774336937 -3.1579983838233 -3.4262943620993 -4.0707110917483
-0.78995921988568 2.6600096223251 3.8423119404375 -1.267171855767 2.2428318136905 4.3405304191676
2.5689136546464 5.5540770912393 -5.2063049479459 2.6835171690596 5.5805205748924 -4.3494653217364
1.8337367577718 -5.5882649438828 -5.6366325704315 2.0340182072823 -6.4363645132794 -5.4202358799497
-0.12584780656079 -2.9575891607569 -4.4882045704585 0.18348552205288 -3.5705140422865 -4.829031696953
2.0205360388113 -1.9784908812885 4.4118124989188 2.7038006008653 -1.455438359202 4.5980284981448
-3.5740773615413 -3.7291529077116 -5.4078854433951 -4.3903178658875 -3.9021747832833 -5.4446981002969
3.8545348598701 5.2511657116992 1.9161572832415 3.210337487071 5.3346637805516 2.3621223290141
3.8545348598701 5.2511657116992 1.9161572832415 4.0270119966385 5.9426688447069 1.4833260381097
3.4559496948272 3.6124545590954 2.8879786176515 4.1010167205713 3.7928424808723 2.3495646106038
-2.7805277861029 -0.071841457257138 -5.3017914609045 -3.0665699131678 0.42857060140558 -4.8219679809655
-2.6273437695135 -0.82001859819064 2.8213977479596 -1.9947448648537 -1.0480915774565 2.2847827850067
0.19895184497428 -4.3824161132206 4.9557658629591 0.68927485293331 -3.8343582206893 4.5950557995051
-1.456231472487 -2.2886446307865 4.31735965827 -1.5050735742103 -2.2909651558762 3.469286076948
-0.18743692385155 1.6604111292518 2.3712620288653 0.36368426504278 2.0038456323925 1.8197704953385
5.1576951123232 2.5955875441583 -0.024802047417578 5.8104757058599 2.6020240170277 0.49297891867011
4.9493326192656 3.2476160568275 -0.42576470805317 5.3586923718385 3.3856419685523 -1.080184045588
1.9429213369161 4.8380823073457 2.4038185855116 1.2622759828595 4.8665274404477 1.9850285630992
3.4256360469853 5.4060678179167 3.0902156999135 3.210337487071 5.3346637805516 2.3621223290141
-2.9022063366163 -3.9512089301575 4.1376129506384 -2.6239878205745 -3.577711926509 4.7766792496734
5.2809033047007 -3.3543036394902 -4.1481644034268 5.3819380640992 -4.139947394399 -4.2022518855118
-5.3264272368204 0.71608222031724 4.5646214307111 -5.1103446129298 0.39160548721012 5.3397056807088
1.1318279531826 5.4134653310719 3.9097585338865 1.1410881713082 6.1028498967403 4.4514553654624
-0.77807155440563 1.1322317757218 -2.5026031798378 -0.16031523925755 1.6803632848628 -2.3099722757939
-1.3906234809028 0.60211585486836 0.090830715714023 -1.9618252109604 0.95227467252275 0.63787685258471
1.0724476827824 -1.8453068102924 1.7829118780787 1.4060214599111 -1.2047799050202 2.0932001960932
-0.35372704004291 3.1922593820427 4.1578659151636 -0.78995921988568 2.6600096223251 3.8423119404375
0.35857483929561 -0.48856480326209 -3.8325916637374 0.9691905091736 -0.95901798443733 -3.8899988039211
-2.5696766216102 -1.7366859480865 4.6280422251468 -3.1227373357394 -1.9520245479179 5.1272564167784
-0.42337172944526 -4.3196295729874 5.4843592486788 0.19895184497428 -4.3824161132206 4.9557658629591
-3.966223411588 -4.3978722134482 3.4864951289313 -3.3666406443441 -3.8518515294374 3.4679803151687
2.6835171690596 5.5805205748924 -4.3494653217364 3.4266687641681 5.7856626484862 -4.0298945429748
-4.8875265335359 -3.8447156665633 2.5254073838422 -4.6429419979853 -4.0030363580068 1.7865843078586
-0.58005669369907 -4.3354950613925 4.9473033255103 -0.18881598665017 -4.4095105392356 4.2679654836141
-1.7003607257159 -4.8158744030818 3.415028807079 -2.1786640223995 -4.5960394800939 2.8858112262634
1.2467652409275 2.9624017216625 -3.5998424832495 1.5948538560159 2.8834966188915 -2.9040065799917
2.4159215791566 4.7746671271817 -3.1241379667072 2.1278731583414 4.0739377114005 -2.7478970654291
-0.33114911601156 3.9906545802793 -2.3264508318483 0.35123468629299 4.1302000123649 -1.9961891857896
3.5900731213836 -4.4899827941172 -1.5812544080174 3.417924184368 -5.0431917574409 -0.99958449120023
-5.0589929333902 -2.4855297115172 3.7650933165688 -4.9627036537812 -3.2373638795746 4.0223390573976
4.7472029451628 -0.7946052498066 -3.4998043325692 5.4789458073384 -1.0513614637018 -3.4478974210879
-5.7053641111592 1.9690562476187 -2.8068826134125 -5.8650928522324 1.1811096979494 -2.5214953208574
-1.0270805804783 -1.6547728998674 3.6664736722307 -1.4033327913927 -0.91535625681522 3.6464462094514
4.7714919964344 5.6224476962371 -5.1757610485847 4.5294392051289 5.5867021192205 -5.9737961347391
-3.7749480572525 0.48080991463559 5.586834395608 -3.1523424698698 0.80116717845106 5.2317355971732
-0.60960976346667 -4.9330109562454 -2.7510835174898 -0.18178567633583 -5.114863928696 -3.4624019556041
0.98058008597317 1.7174821538908 -0.74301343215412 1.421642001103 1.0931399614694 -1.0333980041579
2.1465129937944 5.373030765033 -3.7018779644311 1.3974380836099 5.7084412117476 -3.5660436744687
-2.6248297874886 -4.9996572443386 -5.6856796585774 -3.2409434201163 -5.259886065097 -6.225632756281
1.6759691697915 -0.61898224409213 -2.0644310660493 2.4572559847802 -0.54001704727054 -1.7999763796461
3.9528239775712 -3.0352052623346 -0.15381771853314 3.9687241048139 -3.1775016828307 0.64468518954301
-1.8021466553757 -3.406795724622 4.6857168353091 -2.6239878205745 -3.577711926509 4.7766792496734
-5.149002600139 -2.1288125084609 3.985537741938 -5.0960216524068 -2.677747663083 3.4470902159563
-3.1523424698698 0.80116717845106 5.2317355971732 -3.4005589328054 1.4106160815822 4.7647919917603
-3.7749480572525 0.48080991463559 5.586834395608 -3.7681369928899 0.74680201881313 6.2766411680256
4.6920918105238 -3.2141615644287 -3.5636554988719 4.0596694431976 -3.6539375930867 -3.780394656937
0.59981731278429 -1.9258474965039 1.1476883664383 -0.26318753791232 -1.8393032854642 0.98281828232124
-1.3906234809028 0.60211585486836 0.090830715714023 -1.2586873265528 1.0679440398421 -0.56277290181496
-3.5708718099104 2.8582358583128 2.5304987165261 -4.3621784427175 3.1946411097619 2.55800438136
3.197898860805 4.8983035407867 3.6734055148095 3.4256360469853 5.4060678179167 3.0902156999135
2.4377241179238 5.4076356680094 2.4275436242559 2.1536636764389 6.0933804612063 2.6577410500781
-3.6711397761582 0.84361013362693 -3.2913505199304 -3.1842466894466 0.80498719645693 -2.5984536074136
-5.1836627694301 0.34039067552695 -4.4515104213771 -5.0322123273701 -0.40855522693638 -4.3465292481157
0.80497577987716 1.3664708420858 0.70538581007109 1.0175732430873 1.7812508111275 0.037576768630134
1.4834347847656 0.39433377546793 -0.68797531440662 1.421642001103 1.0931399614694 -1.0333980041579
-0.83757596772745 5.0062467127351 -3.8779929823619 -0.61686753461369 5.8056903131672 -3.9094914924847
-0.42337172944526 -4.3196295729874 5.4843592486788 -0.32875474531605 -4.0884150319192 6.2377769308782
0.27097316283426 3.5264166244555 3.8056299124374 -0.024121089587189 4.0113438447967 3.2111630405418
0.80375495858772 3.1548652349374 -0.64767452661891 0.9466680691308 3.9569976566425 -0.95404153740862
-3.4177403583626 -1.1675090087464 2.9398128680913 -2.6273437695135 -0.82001859819064 2.8213977479596
0.52362639684203 3.8332353076591 -5.4422711511138 -0.049473719079335 3.2367363715298 -5.0256610075089
-4.4633791486538 1.8938850503347 -3.3370331661988 -4.0218816154684 2.2372330991808 -3.9211163298316
-1.9212009893441 3.6033792370506 -3.1946079920578 -2.540783390124 3.3022873767957 -2.7760491987553
1.2622759828595 4.8665274404477 1.9850285630992 0.71418629337767 5.3295759399947 2.3971011357628
-0.3034732463561 -1.7168930877741 -0.52012303829867 -0.39936285456208 -2.468068291382 -0.78691409258757
-0.98927677317395 -0.14968235503973 0.10941068050538 -1.3906234809028 0.60211585486836 0.090830715714023
5.7094435589382 -2.8497340831287 2.9570465806829 5.7990420194296 -3.5818606563353 2.5080994043953
1.5948538560159 2.8834966188915 -2.9040065799917 2.2467960769353 3.289312663788 -2.7554787552467
0.88253950380368 5.0693081524129 -0.26345504735041 0.78418893336617 5.7094841520681 -0.83493666319376
-3.0782120705554 -5.2955917806888 1.295736229942 -3.772491956554 -5.2519297804817 0.71008047319674
4.6681354619893 1.2730707430865 -1.4770753448326 5.2755485861933 0.81781130282192 -1.7732425462749
3.7727097135173 -1.0078615202175 2.3807320668409 3.3240966636025 -0.44459531982967 2.0530582156274
1.8602381529641 -2.6263573991266 1.6314263503261 2.5964989757429 -2.5173450847885 1.8960558711835
2.1028635152326 2.9392335023566 3.1384340083219 2.1282415112765 2.3170577935198 2.6296849818902
3.0831537742808 1.181917272696 3.4354438849689 3.4175416991523 1.5040216643577 4.1407528395406
-2.1686416823801 5.0997044417706 0.38722456107075 -1.358331197996 4.9516909975904 0.51784679293332
-0.7817722283696 3.4483807741307 4.7953187453927 -1.0050546447501 4.155804893037 4.6658733241519
5.5930019678022 -4.9383686951799 -0.3951597495081 5.7387911315256 -4.1236129017185 -0.61564610496974
2.8926012968831 2.8696804642641 -2.6025189258375 3.0261615724418 2.7812060214602 -1.7592893937381
-1.2168337977547 -0.38146396379718 5.3977623042175 -0.95979080306392 0.10566652620806 4.8413784959391
-1.552556711952 1.945761296635 2.3776241483682 -2.1466178277383 1.7905240258565 2.9259373914959
0.14742272321152 0.016577026888089 1.720736065699 0.16396931625212 -0.675381412459 2.0865660109557
4.5893381890858 5.654264238776 3.4988477765676 4.4952207639328 5.2415404913219 4.1574523411049
5.3803678099334 5.3747890759264 0.77729240533289 5.3414760294706 4.7660395484155 0.28675829922193
-2.5106896116201 -3.3345914935013 -2.7940583760211 -2.144647532106 -4.0496306908967 -2.5882904446036
3.7727097135173 -1.0078615202175 2.3807320668409 4.5915575122767 -1.1268534021184 2.4623983052505
4.4836048594114 -2.8944129857713 4.5555096189748 4.1802752684366 -2.4954228738122 3.9674342746831
-3.9033750604545 4.347639371771 5.4190034634485 -4.0340316069483 5.0246727949719 5.0301627793152
3.3843388740225 0.37346078023043 4.9922204722703 3.8767350836422 -0.021269100296068 4.5243256533948
5.4744440381645 1.1537565952233 -5.0621782361464 5.1221056601716 1.6508893114762 -5.5448559029036
4.5280733859014 -0.16722297338148 -3.0683578578663 5.0549641982523 0.30781482037997 -3.3988392686716
5.4744440381645 1.1537565952233 -5.0621782361464 4.9307662564331 1.0701190644608 -4.4661216221851
-2.6799640685088 -2.6450735687381 0.52926205796045 -3.4503554922999 -2.7738790724297 0.46784265647455
-1.7706207854786 -4.7316737218013 -5.6361183045298 -2.3317311574994 -4.3221222337951 -5.2676537418383
-0.35372704004291 3.1922593820427 4.1578659151636 -0.7817722283696 3.4483807741307 4.7953187453927
5.1576951123232 2.5955875441583 -0.024802047417578 4.9493326192656 3.2476160568275 -0.42576470805317
-4.72294317575 -2.6156420103959 0.77649829397431 -4.4261782592828 -1.956768418188 1.0792857185942
5.2478721188308 -2.9547106908966 1.9296679889706 5.5381148107759 -3.0938817049257 1.1931636950179
0.56635835019062 -2.4487876212719 4.2416091490478 0.54165503554669 -3.2222158429236 4.0697356213675
1.237838432678 -4.1426229139875 4.183741027118 0.59569873715992 -4.527028476005 4.4687132420175
-0.78767592377458 3.7765687282518 -0.53497974937227 -0.24113406257613 4.3281304904469 -0.78764577426857
-1.2586873265528 1.0679440398421 -0.56277290181496 -1.0993805567012 1.8097024629139 -0.45026819370909
0.35123468629299 4.1302000123649 -1.9961891857896 0.39672555754637 3.8987852479716 -1.2056779795843
-1.2552537217816 3.874682147796 -4.7838342203056 -0.78499369552811 3.4123168151949 -5.2728751812331
0.52240916522941 2.3668286770354 -1.0487429371501 -0.10097575951942 2.2767963375004 -1.6891077513611
0.45919463179044 -3.4839452777157 -2.5592482071388 0.32811889971793 -2.8808494148359 -3.0473329658089
-0.32875474531605 -4.0884150319192 -5.2022230691218 0.18348552205288 -3.5705140422865 -4.829031696953
-2.3291430250547 4.8827556990616 -3.1421051005904 -2.7963750199876 5.0558049710036 -3.7262302736824
-5.5275465976327 -1.7818362161557 -5.5486446109024 -5.736559992882 -1.4676784084485 -4.8086814145775
-0.42690328302995 -3.5710733519035 3.2065424680306 -1.0095011511349 -3.0557556218745 2.913387174928
4.6970687084684 -2.4957314637484 5.2176424207847 5.3970966861219 -2.1364955697199 5.5233817493413
-2.9299475733364 -2.419915229891 4.4035693602773 -2.1545881648547 -2.0795422133418 4.7444601905352
0.34735024971294 0.19109667015733 -4.1715556309111 0.77691221895821 0.82785511114144 -3.9592806327268
-3.7648984094737 -2.6714340821068 3.1888803437996 -3.408461007507 -3.2570865349148 2.86600988488
-3.3666406443441 -3.8518515294374 3.4679803151687 -3.408461007507 -3.2570865349148 2.86600988488
-2.1686416823801 5.0997044417706 0.38722456107075 -2.9765450354115 5.016890451566 0.77641493387853
-0.35372704004291 3.1922593820427 4.1578659151636 0.27097316283426 3.5264166244555 3.8056299124374
-2.0524126213877 2.5256997000909 1.2272431624604 -2.7609623912592 2.4337546318182 0.84633448294326
-0.9357310355406 -5.5389199518327 -1.9197930946616 -0.31935363888126 -4.993918404749 -2.1181436251133
-3.1716075827184 1.3093526044608 -4.5588683255221 -3.7974254645805 1.877741042073 -4.5968210090678
-5.2581417615529 0.94626089414619 -5.4519624926284 -5.5072064467497 0.42732327001284 -6.1187629781894
-1.6476803063704 -4.7189306451229 -1.4744052419992 -2.4617881780528 -4.9382894524477 -1.5066419685081
-4.9666464315681 2.5829270517261 2.5032942478702 -4.3621784427175 3.1946411097619 2.55800438136
-4.5636442746248 3.4876495920219 0.57652724421734 -3.7527843253981 3.5133746440976 0.77092113897046
-3.7277279025452 4.7371655463713 -0.71756201929857 -3.4978990941699 4.9477890799754 -1.4784421868851
-0.90467903854668 5.208428491351 -1.946495766156 -0.78159906414017 4.6226915867277 -2.504342969607
4.3153320214812 1.8703705423882 5.1307716748621 3.9262868477591 2.1355182557751 4.4943827867302
-0.92408112228162 -2.8491898010483 -0.074272143516145 -0.6203628679545 -3.4275790745943 -0.70595826216657
-5.1086070705987 -2.7743463325444 2.9733982667508 -5.804751986659 -3.2027696184149 2.681409403563
-0.54906476384423 -4.3638585184643 3.5154867711828 -0.42690328302995 -3.5710733519035 3.2065424680306
-2.8343990879069 -2.8785699882176 -2.2356205097041 -2.5638366048649 -2.6477828430369 -1.5402814114241
-2.9740713937042 0.94195483012057 3.5202414671451 -2.4073105584315 1.0476783531226 4.0376761192239
3.001350646821 4.9482666157748 -1.2876004487561 3.4052756612982 4.9011161973288 -2.0471128984172
3.2584264410511 -4.6255084598294 -0.28902934491519 2.6063375151988 -4.1568567990547 -0.23206299408818
3.4266687641681 -5.6543373515138 -4.0298945429748 4.0310328144128 -5.0910641635082 -4.0931834708999
0.74729477886644 -4.7222875449583 2.8210026524258 0.13166367469797 -4.8561818364387 2.3506145054675
1.237838432678 -4.1426229139875 4.183741027118 1.4705371539066 -3.5259522071774 3.6018184771935
-3.2862130744539 -1.8147121567095 4.036911757178 -3.5132075890862 -1.9134023154736 3.3070623634183
2.806839005797 0.86872370163332 -0.7599047450518 3.4332893162516 0.36680475312763 -0.90162323996517
-1.8808141991295 -4.6842510269609 -0.18635781161486 -1.2556260893379 -4.1677636118839 -0.048673649630068
0.42980002365466 -4.2041939358696 0.92211148328415 -0.12613364531151 -4.7664127675697 0.60861299049244
3.8730405602429 -3.1413100224784 -5.5016359437682 3.3554296244203 -3.3630421742558 -4.9699491096826
1.0836918146883 -1.2989930935563 -4.6201053963951 0.37078910968799 -1.1108462023946 -5.0461438519804
5.4368294398208 3.6865220896181 3.9449119112621 5.9275069851309 3.9458289488196 4.5872515054741
5.3720095845988 3.2089932549885 2.4678177834258 4.5875079887574 3.1421287066198 2.2602380832242
-4.7034089991181 3.6399119091691 -3.2247762845352 -4.3967356932491 3.489869553473 -2.5232966284557
-1.3988870073176 3.1312707706379 -3.6526386727383 -0.68408961464161 3.1177975272338 -3.2775659521405
-3.9432154233124 -5.1646099838769 -0.46437148771636 -3.1869749739878 -4.9463227794403 -0.48664572277023
-1.0796081267782 -3.6519966913598 4.9871417859359 -1.8021466553757 -3.406795724622 4.6857168353091
-3.4607091482695 0.60352781620992 -4.0693541470263 -3.6711397761582 0.84361013362693 -3.2913505199304
-0.29964223339169 5.0319069019679 -0.92429004537498 0.44114917510393 4.611751888078 -0.76075004150274
-3.821744139372 0.90583370852306 1.7212890420593 -3.4182230404175 0.68048846486286 1.0237110602216
1.1315148535629 -3.9166111662693 -2.5922107173112 0.45919463179044 -3.4839452777157 -2.5592482071388
3.8388040565603 -1.6344491170486 5.5875705673749 4.4810502732918 -1.1525925840995 5.8379711533118
-0.31941056514617 0.37592098022407 3.2625739569428 -1.068140224468 0.057404048772086 3.4429860654357
3.2286281023402 1.6941240889657 2.4741514439383 3.0893023208661 1.2653694903855 1.8213828688002
3.4569665225861 0.24576746684539 2.3772208729658 3.3060381749706 0.37166803361307 3.2344760267354
0.80375495858772 3.1548652349374 -0.64767452661891 0.52240916522941 2.3668286770354 -1.0487429371501
4.6635136993879 -1.1330343604553 -1.3714626399289 5.1028530596065 -1.5299253616881 -0.8457104786882
5.3809480696029 -3.8717477876741 3.1724487539424 5.635248013341 -3.2027696184149 2.681409403563
3.8061649222309 -4.6156799975258 0.31004316202442 4.194971823248 -3.8923038182328 0.41986944577481
-4.6724464463898 -4.9578299073419 -0.68534409837176 -3.9432154233124 -5.1646099838769 -0.46437148771636
-0.68057132447337 5.157507632695 3.52665765453 -1.0653464447521 5.6240875688921 3.0334779838728
-3.7860913910195 -1.3356341617883 -2.6448250392403 -3.6118253930074 -2.033196079391 -2.9275193916224
-4.8115821070381 3.0709424146483 -1.3373316488132 -5.3623118602944 3.6531121877925 -1.148055820978
2.806839005797 0.86872370163332 -0.7599047450518 2.7403343683594 1.6958047843438 -0.87289400014845
-3.4294014980805 5.5943264768994 1.3658918066827 -3.5298640669687 6.5493479076393 1.2851167688423
-1.2255391792294 -1.9764874810326 2.81138569048 -1.2371528504861 -1.3492080429347 2.4050847435051
0.59569873715992 -4.527028476005 4.4687132420175 0.84767843180503 -5.253872025643 4.9725852361449
-1.1747437845611 3.5867049071651 0.81238524931391 -1.1255932729088 4.32945078047 0.9353082330831
5.1801841549741 -5.4878925527703 0.16566523589836 4.4032761493035 -5.5696062501565 0.1312475354425
1.6331885539943 4.2042781381246 -1.4110243569545 0.9466680691308 3.9569976566425 -0.95404153740862
3.1850420854348 -0.29912448610352 -4.1182220147055 3.7659796057347 -0.066998283796166 -4.5923382667664
4.249192934906 -4.9734809493061 2.0875728048798 4.0270119966385 -5.4973311552931 1.4833260381097
2.403287963487 2.368429587878 -1.345478894006 2.7403343683594 1.6958047843438 -0.87289400014845
-1.552556711952 1.945761296635 2.3776241483682 -0.80726891863955 2.0848750230024 2.6171772747464
4.7726923667665 4.2408400879057 -4.8953433859396 4.8065049209886 3.5546421938655 -5.3585351996835
1.4551639627442 1.253497992243 5.3010369764511 0.75842292672014 0.70317988838896 5.0779626366989
-1.6348350277737 3.1683984882404 1.3672308221136 -1.6644626236735 3.3105440866347 2.2026964786316
-1.6142112764786 1.6740599652145 -5.4594088593538 -1.6788268367131 0.98000318420326 -5.746898736492
0.31522882847428 0.39727562075637 4.4910191933035 0.75842292672014 0.70317988838896 5.0779626366989
3.3951012074449 1.0658229901525 -2.1214700941127 3.9948184088621 0.923642910719 -1.6509695011625
